timestamp,b1_kecepatan_arus,b1_arah_arus,b2_kecepatan_arus,b2_arah_arus,b3_kecepatan_arus,b3_arah_arus,label,kec_mean,kec_std,kec_max,kec_diff_center,rip_speed_ratio,dir_mean,dir_consistency,dir_diff_center,dir_offshore_b2
2026-04-01 08:00:00,0.3,259.51,0.7784,216.79,0.3,290.77,Danger,0.4594666666666667,0.27620436878031696,0.7784,0.4784,2.5946580178066077,255.98546267487126,0.8648021000701939,58.349999999999994,143.21
2026-04-01 08:00:05,0.1737,243.5,0.1823,250.94,0.2407,289.9,Safe,0.1989,0.03645435502103967,0.2407,-0.024900000000000005,0.8798220085810396,261.16080556480904,0.9379393096598537,15.759999999999991,109.06
2026-04-01 08:00:10,1.0096,303.26,1.0834,279.3,1.1207,291.0,Danger,1.0712333333333335,0.056540457491369225,1.1207,0.018249999999999877,1.017132782112583,291.18529158737243,0.9854774433349813,17.829999999999984,80.69999999999999
2026-04-01 08:00:15,0.044,243.14,0.0723,266.8,0.1008,283.43,Safe,0.07236666666666668,0.02840005868538538,0.1008,-9.999999999998899e-05,0.9986049916437619,264.50633108604507,0.9588067866861427,3.515000000000043,93.19999999999999
2026-04-01 08:00:20,0.3,269.15,1.0377,199.14,0.3398,253.69,Danger,0.5591666666666667,0.41489953402400126,1.0377,0.7178000000000001,3.2438160555921995,241.5316345958218,0.8673926704826262,62.27999999999997,160.86
2026-04-01 08:00:25,0.2033,265.35,0.2264,309.46,0.1822,284.43,Safe,0.20396666666666666,0.022107540191828964,0.2264,0.033649999999999985,1.1745723757593993,286.3625657076495,0.9509240281276717,34.56999999999999,50.54000000000002
2026-04-01 08:00:30,0.2218,67.31,0.2095,101.26,0.2191,87.85,Safe,0.2168,0.006464518543557596,0.2218,-0.010949999999999988,0.9503245619207897,85.50871860189672,0.9705311410163314,23.680000000000007,101.26
2026-04-01 08:00:35,0.4218,72.82,1.5006,179.0,0.4638,64.95,Danger,0.7953999999999999,0.6110820566830611,1.5006,1.0577999999999999,3.388881235588899,98.5083424911896,0.633226605574151,110.11500000000001,179.0
2026-04-01 08:00:40,0.1655,260.26,0.1735,271.98,0.2266,257.13,Safe,0.18853333333333333,0.033208482852026426,0.2266,-0.022550000000000014,0.8849738078357161,263.1155807764642,0.9937874001026732,13.285000000000025,88.01999999999998
2026-04-01 08:00:45,0.4199,44.45,1.3318,184.99,0.3733,92.03,Danger,0.7083333333333334,0.5404404715908435,1.3318,0.9352,3.3580349015761435,101.14707289811201,0.5478955467661599,116.75,175.01
2026-04-01 08:00:50,1.2074,105.92,1.1973,153.59,1.2587,153.03,Danger,1.2211333333333334,0.03292329469134779,1.2587,-0.03574999999999995,0.9710060654425487,137.9375436825975,0.9254362254608064,24.11499999999998,153.59
2026-04-01 08:00:55,0.0812,278.12,0.0686,252.06,0.1352,300.52,Safe,0.09499999999999999,0.03537965517073336,0.1352,-0.039599999999999996,0.6340052310052587,276.93803967232196,0.9411604282200391,37.25999999999999,107.94
2026-04-01 08:01:00,0.099,256.74,0.1475,279.5,0.1049,217.13,Safe,0.11713333333333333,0.026463244950937766,0.1475,0.04554999999999999,1.4467734499906817,251.42085235483253,0.9013934188671856,42.565,80.5
2026-04-01 08:01:05,0.3,265.56,0.6695,164.6,0.3,273.41,Danger,0.4231666666666667,0.21333092446556673,0.6695,0.3695,2.231659227802574,240.41404452760992,0.6630023417747387,104.88500000000002,164.6
2026-04-01 08:01:10,0.4415,259.17,1.1587,174.49,0.3553,251.25,Danger,0.6518333333333334,0.44107025895352925,1.1587,0.7603000000000001,2.908376233995397,230.61886463278506,0.7905286672291875,80.71999999999997,174.49
2026-04-01 08:01:15,0.2398,69.35,0.2315,108.79,0.2735,59.24,Safe,0.24826666666666672,0.022243276137595684,0.2735,-0.025150000000000033,0.9020031092806964,78.81779838006436,0.9316111538831308,44.495000000000005,108.79
2026-04-01 08:01:20,0.1794,265.45,0.2637,270.26,0.175,254.63,Safe,0.20603333333333332,0.049989232173872536,0.2637,0.0865,1.4881405861140737,263.45280633256493,0.9935035257654967,10.220000000000027,89.74000000000001
2026-04-01 08:01:25,0.1563,70.42,0.1886,111.33,0.2305,79.57,Safe,0.1918,0.037203360063306115,0.2305,-0.0048000000000000265,0.9751759298038788,86.94639036265748,0.9537382550380992,36.33499999999998,111.33
2026-04-01 08:01:30,0.3,298.59,1.0189,163.99,0.3,257.51,Danger,0.5396333333333333,0.41505710852042194,1.0189,0.7188999999999999,3.3963220122599593,246.11799012175877,0.5754694335082925,114.06,163.99
2026-04-01 08:01:35,0.3555,268.14,1.056,172.12,0.3313,277.45,Danger,0.5809333333333333,0.41159769597670653,1.056,0.7126000000000001,3.075122087588563,244.27199545175432,0.6859824796613812,100.67499999999995,172.12
2026-04-01 08:01:40,0.175,95.23,0.1152,83.48,0.1161,155.08,Safe,0.13543333333333332,0.03426869319558791,0.175,-0.030349999999999988,0.791475153039141,110.14823918804879,0.8559543137568161,41.67500000000001,83.48
2026-04-01 08:01:45,0.2105,99.21,0.2312,88.69,0.2724,129.63,Safe,0.23803333333333332,0.031510686018132526,0.2724,-0.010250000000000009,0.9575441808068718,105.70103683636553,0.9546290032969256,25.72999999999999,88.69
2026-04-01 08:01:50,0.161,103.19,0.1857,87.79,0.1802,80.7,Safe,0.17563333333333334,0.012967780586258132,0.1857,0.015100000000000002,1.0885047567130322,90.54230888689767,0.9866210810225011,4.155000000000001,87.79
2026-04-01 08:01:55,0.7843,145.97,1.0193,137.96,0.6874,74.85,Danger,0.8303333333333334,0.17067133131646145,1.0193,0.2834500000000001,1.3851989057567362,120.83616460530023,0.8519402652691677,27.55000000000001,137.96
2026-04-01 08:02:00,0.0427,283.07,0.0938,290.14,0.1014,296.13,Safe,0.0793,0.03192350231412587,0.1014,0.02174999999999999,1.3018556300398327,289.7807812998184,0.9956651161346957,0.5399999999999636,69.86000000000001
2026-04-01 08:02:05,0.8939,184.88,0.7011,149.14,0.7063,190.66,Danger,0.7671,0.10984279675973296,0.8939,-0.09900000000000009,0.8762643716230825,175.10742963530748,0.9493057394233583,38.629999999999995,149.14
2026-04-01 08:02:10,1.0242,22.03,0.7841,332.75,1.0504,19.32,Danger,0.9529,0.14677087585757603,1.0504,-0.2532000000000001,0.7559040240007481,5.136375932988742,0.923605554484498,47.92500000000001,27.25
2026-04-01 08:02:15,0.2461,232.39,0.2557,302.87,0.2685,276.46,Safe,0.25676666666666664,0.011238030669709591,0.2685,-0.0016000000000000458,0.9937777155937987,270.98098735419745,0.8753742824083306,48.44500000000002,57.129999999999995
2026-04-01 08:02:20,0.01,37.22,0.0194,103.18,0.0468,84.49,Safe,0.025400000000000002,0.019119623427254002,0.0468,-0.009000000000000001,0.6830745396288863,75.52780400721409,0.8860881467392222,42.32500000000002,103.18
2026-04-01 08:02:25,0.1007,267.45,0.0621,254.43,0.0693,307.05,Safe,0.07736666666666667,0.020525431379957236,0.1007,-0.02289999999999999,0.7305796402395267,275.98917884492835,0.9251910583681738,32.81999999999999,105.57
2026-04-01 08:02:30,0.1775,285.77,0.1459,285.75,0.1837,288.62,Safe,0.16903333333333334,0.020272477237213347,0.1837,-0.03469999999999998,0.8078582067651896,286.7132453480139,0.9997231591598275,1.4449999999999932,74.25
2026-04-01 08:02:35,1.2885,84.89,1.247,75.37,1.1581,141.28,Danger,1.2312,0.06662034223868868,1.2885,0.023700000000000054,1.0193729916022305,99.61401553912177,0.8753330764795147,37.715,75.37
2026-04-01 08:02:40,0.1416,70.43,0.1199,117.99,0.1227,97.33,Safe,0.12806666666666666,0.011803530545278955,0.1416,-0.012249999999999983,0.9072954423349049,95.31229184601726,0.9430807514321522,34.110000000000014,117.99
2026-04-01 08:02:45,0.4604,227.18,0.5457,179.6,0.5363,104.72,Danger,0.5141333333333333,0.0467711805851994,0.5457,0.04735,1.0950113474238037,172.90571525910792,0.6495624070908548,13.649999999999977,179.6
2026-04-01 08:02:50,0.2727,269.4,0.1932,241.12,0.1327,224.08,Safe,0.19953333333333334,0.07021455214792253,0.2727,-0.00949999999999998,0.9531280062752528,244.76564207365658,0.9474984304866342,5.619999999999976,118.88
2026-04-01 08:02:55,0.1732,102.34,0.1509,111.1,0.1855,89.28,Safe,0.1698666666666667,0.01753919420421968,0.1855,-0.028450000000000003,0.8413669285367799,100.91537080350166,0.9877949681250495,15.289999999999992,111.1
2026-04-01 08:03:00,0.7539,342.58,0.9053,29.32,1.0113,49.77,Danger,0.8901666666666667,0.12936558017236788,1.0113,0.022699999999999942,1.025718303061066,21.09893606212029,0.8831715608812037,13.14500000000001,29.319999999999993
2026-04-01 08:03:05,0.1555,279.24,0.0902,242.47,0.1057,260.72,Safe,0.11713333333333333,0.03411837237227669,0.1555,-0.04039999999999999,0.6906532109248781,260.8084148273198,0.9659718045816218,27.51000000000002,117.53
2026-04-01 08:03:10,0.2409,281.84,0.2284,264.78,0.248,244.24,Safe,0.2391,0.009923205127376945,0.248,-0.01605000000000001,0.9343385791017422,263.6413710468876,0.9643322588103792,1.740000000000009,95.22000000000003
2026-04-01 08:03:15,0.1627,103.47,0.1214,101.59,0.1164,95.71,Safe,0.1335,0.025411217995208343,0.1627,-0.018150000000000013,0.869932856088455,100.25765689057482,0.9983366958919387,2.0,101.59
2026-04-01 08:03:20,0.3081,275.99,0.2252,277.33,0.2657,264.86,Safe,0.2663333333333333,0.04145362871128814,0.3081,-0.06169999999999998,0.784939752737007,272.73268782972855,0.9952473118629022,6.904999999999973,82.67000000000002
2026-04-01 08:03:25,0.1412,48.75,0.0888,97.33,0.1445,71.2,Safe,0.12483333333333331,0.03124937332704982,0.1445,-0.05404999999999997,0.621626729949388,72.38822071078923,0.9408723964992596,37.35500000000002,97.33
2026-04-01 08:03:30,0.2663,245.65,0.2858,246.69,0.2385,270.36,Safe,0.26353333333333334,0.023771060837357125,0.2858,0.03340000000000004,1.1323251492664455,254.17952255772505,0.9802656586327309,11.314999999999998,113.31
2026-04-01 08:03:35,0.142,281.49,0.2363,280.99,0.1562,306.03,Safe,0.17816666666666667,0.05084312474006033,0.2363,0.0872,1.5848317583383076,289.44518666739646,0.9793020172785706,12.769999999999982,79.00999999999999
2026-04-01 08:03:40,1.2252,298.25,1.1576,342.36,1.2183,311.13,Danger,1.2003666666666666,0.03719735653690105,1.2252,-0.06415000000000015,0.9474925741824642,317.0924928414445,0.9484416218828554,37.670000000000016,17.639999999999986
2026-04-01 08:03:45,0.3,119.41,0.8418,163.33,0.3,90.94,Danger,0.48059999999999997,0.31280837584693927,0.8418,0.5418000000000001,2.8059906466978446,124.18108652067036,0.8694713727463643,58.155,163.33
2026-04-01 08:03:50,0.9599,297.85,1.1336,254.05,0.7376,300.52,Danger,0.9436999999999999,0.198496423141577,1.1336,0.28484999999999994,1.3356096193111995,284.50175264069867,0.9320716373832377,45.13499999999999,105.94999999999999
2026-04-01 08:03:55,0.1571,85.31,0.1561,128.9,0.1484,86.93,Safe,0.15386666666666668,0.0047606022028030505,0.1571,0.003349999999999992,1.0219245700519144,100.07224758890945,0.9389577672353883,42.77999999999997,128.9
2026-04-01 08:04:00,0.3,110.55,0.5727,172.47,0.3,74.86,Danger,0.3909,0.15744341840801096,0.5727,0.2727,1.908993636687878,118.00913426335201,0.7674575494380949,79.76499999999999,172.47
2026-04-01 08:04:05,0.3,259.77,0.813,162.23,0.3,302.1,Danger,0.47100000000000003,0.296180688094278,0.813,0.5129999999999999,2.7099909666967776,248.58545381587717,0.5463975459316829,118.70500000000001,162.23
2026-04-01 08:04:10,0.1397,235.52,0.0947,286.77,0.1736,250.77,Safe,0.136,0.03957991915100383,0.1736,-0.061950000000000005,0.604528537960179,257.44772762114656,0.9309168467923105,43.625,73.23000000000002
2026-04-01 08:04:15,0.6053,332.58,0.5618,18.37,0.5912,309.09,Danger,0.5861,0.022193918085818005,0.6053,-0.03644999999999998,0.9390707244952369,339.5193143477023,0.8779042248197128,57.535000000000025,18.370000000000005
2026-04-01 08:04:20,0.0871,288.19,0.0806,277.99,0.0667,256.97,Safe,0.07813333333333333,0.01042129230629932,0.0871,0.003700000000000009,1.0481008049310152,274.4282215973979,0.9744325147481483,5.410000000000025,82.00999999999999
2026-04-01 08:04:25,0.3958,88.0,1.571,167.76,0.4125,93.04,Danger,0.7930999999999999,0.6737329070187977,1.571,1.16685,3.887160986858872,114.24727419070132,0.8079386313667901,77.24000000000001,167.76
2026-04-01 08:04:30,0.1138,268.21,0.1251,291.9,0.1249,266.78,Safe,0.12126666666666668,0.0064670962056655144,0.1251,0.005749999999999991,1.04816884651155,275.5749236868653,0.979891372994634,24.404999999999973,68.10000000000002
2026-04-01 08:04:35,0.3,107.5,0.5716,182.57,0.3,70.69,Danger,0.39053333333333334,0.15680833311190237,0.5716,0.2716,1.9053269822433927,117.6120068787125,0.696914099077914,93.47500000000002,177.43
2026-04-01 08:04:40,0.2269,267.45,0.1806,279.09,0.2464,268.68,Safe,0.21796666666666664,0.03379738648672902,0.2464,-0.05604999999999999,0.7631491098706534,271.735086127191,0.9958518589432993,11.024999999999977,80.91000000000003
2026-04-01 08:04:45,0.2128,87.66,0.2295,85.65,0.2275,110.62,Safe,0.2232666666666667,0.009119393254670705,0.2295,0.009349999999999997,1.0424663072164104,94.59163473220397,0.9805543870437824,13.48999999999998,85.65
2026-04-01 08:04:50,0.4162,87.99,1.3182,163.99,0.5271,106.99,Danger,0.7538333333333332,0.49189125153160973,1.3182,0.84655,2.794863150931515,118.63296858930106,0.8474903481867981,66.5,163.99
2026-04-01 08:04:55,0.1914,248.31,0.1596,264.04,0.1338,236.95,Safe,0.1616,0.028852036323282274,0.1914,-0.0030000000000000027,0.9815437789435489,249.75294451028742,0.9812974578614313,21.410000000000025,95.95999999999998
2026-04-01 08:05:00,0.0447,140.79,0.0794,97.97,0.0625,88.4,Safe,0.0622,0.01735194513592064,0.0794,0.025800000000000003,1.4813156470961364,108.66136939375654,0.9225398885812929,16.625,97.97
2026-04-01 08:05:05,0.2235,98.91,0.2444,74.4,0.2669,107.62,Safe,0.24493333333333334,0.021704914957984375,0.2669,-0.0008000000000000229,0.9967332922785795,93.71690881847881,0.9701007368097244,28.86500000000001,74.4
2026-04-01 08:05:10,0.1165,245.65,0.0958,278.41,0.1252,275.99,Safe,0.1125,0.015102648774304464,0.1252,-0.025050000000000017,0.7927116862913834,266.8029041154358,0.9664477737995663,17.590000000000032,81.58999999999997
2026-04-01 08:05:15,0.2895,98.95,0.2654,89.63,0.2511,97.94,Safe,0.26866666666666666,0.019407301031656436,0.2895,-0.00489999999999996,0.9818683615672901,95.50917151274913,0.9973458620988963,8.814999999999998,89.63
2026-04-01 08:05:20,0.01,281.98,0.1033,274.48,0.0122,270.25,Safe,0.041833333333333333,0.05324305901554994,0.1033,0.0922,9.305467975858031,275.5681077951841,0.9964199640799931,1.634999999999991,85.51999999999998
2026-04-01 08:05:25,0.1813,286.22,0.2304,263.52,0.1775,274.24,Safe,0.1964,0.029506101064017253,0.2304,0.05099999999999999,1.2842737777381397,274.65722681379356,0.9869488484182315,16.710000000000036,96.48000000000002
2026-04-01 08:05:30,0.0208,87.7,0.0525,59.67,0.0677,75.22,Safe,0.04700000000000001,0.02392885287680962,0.0677,0.00825,1.1864138663533028,74.20701314735604,0.9800759645452163,21.79000000000002,59.67
2026-04-01 08:05:35,0.2063,92.93,0.1991,58.46,0.2106,73.0,Safe,0.20533333333333334,0.005810622456616278,0.2106,-0.009350000000000025,0.9551405366249142,74.76901536056373,0.9698230110356193,24.504999999999995,58.46000000000001
2026-04-01 08:05:40,0.3,272.84,0.8537,170.37,0.3,229.47,Danger,0.48456666666666665,0.3196788440502958,0.8537,0.5537000000000001,2.84565718114273,225.09637115428566,0.7490063320747584,80.78499999999997,170.37
2026-04-01 08:05:45,0.0686,82.7,0.0127,90.3,0.0518,110.96,Safe,0.044366666666666665,0.028681759592698162,0.0686,-0.0475,0.21095995083138153,94.60954046447284,0.9784016705282613,6.53000000000003,90.3
2026-04-01 08:05:50,1.117,251.51,1.3165,267.58,1.2431,218.24,Danger,1.2255333333333334,0.10090343568646874,1.3165,0.13644999999999996,1.115629748205798,245.96025217312555,0.9367304730188474,32.704999999999984,92.42000000000002
2026-04-01 08:05:55,0.3,241.43,0.674,178.43,0.3,248.7,Danger,0.4246666666666667,0.21592900067692009,0.674,0.37400000000000005,2.246659177802741,224.0738094199817,0.8542104219362234,66.63499999999999,178.43
2026-04-01 08:06:00,0.3819,283.23,1.251,176.95,0.3167,293.49,Danger,0.6498666666666666,0.5216164523223297,1.251,0.9017,3.581438358321333,258.58044057415543,0.6248298404280203,111.41000000000003,176.95
2026-04-01 08:06:05,0.3,87.46,0.6878,179.72,0.3,67.52,Danger,0.4292666666666667,0.22389643439173687,0.6878,0.3878,2.2926590244699185,106.5610481520335,0.6704517992099857,102.23000000000002,179.72
2026-04-01 08:06:10,0.2083,289.65,0.1916,268.02,0.1851,315.96,Safe,0.19499999999999998,0.01196787366243479,0.2083,-0.005099999999999993,0.9740672391091048,291.162462176096,0.9423258641214401,34.785000000000025,91.98000000000002
2026-04-01 08:06:15,0.1715,96.55,0.1932,94.8,0.1863,115.06,Safe,0.18366666666666667,0.011087079567376309,0.1932,0.014300000000000007,1.0799268869374683,102.10951383904548,0.9872445114560496,11.004999999999995,94.8
2026-04-01 08:06:20,0.3163,261.91,1.0583,172.2,0.3024,273.77,Danger,0.559,0.432462333619935,1.0583,0.74895,3.4210330659994637,240.08418028414667,0.7122966217847864,95.63999999999999,172.2
2026-04-01 08:06:25,1.2197,281.84,1.3392,269.08,1.2215,240.47,Danger,1.2601333333333333,0.0684796563464897,1.3392,0.11859999999999982,1.0971644296539163,263.9135488512262,0.954947401707341,7.925000000000011,90.92000000000002
2026-04-01 08:06:30,0.5383,262.19,1.5244,174.9,0.48,273.64,Danger,0.8475666666666667,0.5868792408437474,1.5244,1.01525,2.994003743486706,240.64687973468563,0.7265486478672677,93.01499999999996,174.9
2026-04-01 08:06:35,0.3,39.45,0.6819,172.3,0.3,82.01,Danger,0.4273,0.22049006780351807,0.6819,0.38189999999999996,2.272992423358589,92.59664730432782,0.5871639327186061,111.57,172.3
2026-04-01 08:06:40,0.3,112.48,1.0828,172.16,0.3253,88.34,Danger,0.5693666666666667,0.44482621700314984,1.0828,0.77015,3.4632865399438995,123.12239904293241,0.8198956825678622,71.75,172.16
2026-04-01 08:06:45,0.3,79.66,0.7207,199.09,0.3,88.74,Danger,0.4402333333333333,0.2428912582480756,0.7207,0.4207,2.4023253255822485,114.17359452755169,0.6052281699259944,114.88999999999999,160.91
2026-04-01 08:06:50,0.1542,235.14,0.28,212.1,0.2621,269.59,Safe,0.2321,0.06805446348330138,0.28,0.07185000000000002,1.3451772991722357,238.77371687399477,0.9167937856763827,40.26499999999996,147.9
2026-04-01 08:06:55,0.8221,162.87,0.8305,106.39,0.891,63.52,Danger,0.8478666666666667,0.037589936596559084,0.891,-0.026050000000000018,0.9695861659142304,110.22938782605476,0.7634224550853569,6.805000000000007,106.39
2026-04-01 08:07:00,0.3,282.68,0.4671,179.54,0.3,274.49,Danger,0.35569999999999996,0.09647522998158647,0.4671,0.16710000000000003,1.5569948100173001,250.3315646694273,0.6954109141496376,99.04500000000004,179.54
2026-04-01 08:07:05,0.0808,87.79,0.1022,112.63,0.1286,84.51,Safe,0.10386666666666666,0.023943544711118554,0.1286,-0.0024999999999999883,0.9761129311085855,94.90801567829158,0.9761385002007997,26.47999999999999,112.63
2026-04-01 08:07:10,1.1913,340.56,1.0769,61.55,0.9337,315.71,Danger,1.0673000000000001,0.12906804406978517,1.1913,0.014399999999999968,1.0135519872451886,355.93139882261846,0.7135305028445779,93.41500000000002,61.55
2026-04-01 08:07:15,0.0783,97.85,0.0706,97.27,0.059,134.18,Safe,0.06929999999999999,0.009715451610707552,0.0783,0.0019500000000000073,1.028389972469447,109.57559878296792,0.9551203311519554,18.745000000000005,97.27
2026-04-01 08:07:20,0.3,85.95,0.756,148.12,0.3,89.45,Danger,0.452,0.2632717227504694,0.756,0.456,2.5199916000280003,106.93310803482044,0.8800190622388222,60.41999999999999,148.12
2026-04-01 08:07:25,0.9494,103.41,0.9861,83.87,0.9095,187.9,Danger,0.9483333333333333,0.0383111385021815,0.9861,0.05664999999999998,1.0609488827275455,121.37412688379244,0.7142980692253712,61.785,83.87
2026-04-01 08:07:30,0.0441,116.76,0.033,84.97,0.0863,112.67,Safe,0.05446666666666666,0.028121581273700333,0.0863,-0.032200000000000006,0.506127206637935,104.89696681154518,0.9698604164551765,29.745000000000005,84.97
2026-04-01 08:07:35,0.1766,130.42,0.1844,87.4,0.1773,89.51,Safe,0.17943333333333333,0.004315476026272574,0.1844,0.007450000000000012,1.0420963995682422,102.15407208661082,0.9411785474228798,22.564999999999998,87.4
2026-04-01 08:07:40,0.3,103.67,0.6599,197.21,0.3,77.56,Danger,0.41996666666666665,0.20778836188134633,0.6599,0.35990000000000005,2.1996593344688855,120.57326148426063,0.639705655958047,106.59500000000003,162.79
2026-04-01 08:07:45,0.2593,70.81,0.2129,93.4,0.1968,89.3,Safe,0.22299999999999998,0.032451040044966184,0.2593,-0.015149999999999969,0.933563106498108,84.53333135797003,0.9853478888236015,13.344999999999999,93.4
2026-04-01 08:07:50,0.321,287.24,1.0046,180.16,0.3,242.0,Danger,0.5418666666666666,0.4008763566654104,1.0046,0.6940999999999999,3.2354163110585796,237.4918905025404,0.7276090793709051,84.46000000000001,179.84
2026-04-01 08:07:55,0.227,93.33,0.2267,86.09,0.2282,119.57,Safe,0.22729999999999997,0.0007937253933193632,0.2282,-0.0008999999999999841,0.9960413179203959,99.57435377970783,0.9687397673575643,20.359999999999985,86.09
2026-04-01 08:08:00,0.3307,64.0,1.0211,184.43,0.4283,106.35,Danger,0.5933666666666667,0.37362854994410327,1.0211,0.6416,2.690638496341248,115.25310710067758,0.6564388657786645,99.255,175.57
2026-04-01 08:08:05,0.3562,270.83,1.1696,206.71,0.3494,295.52,Danger,0.6250666666666667,0.47159195639168117,1.1696,0.8168,3.315183346985978,259.21527310858255,0.798030461272033,76.46499999999995,153.29
2026-04-01 08:08:10,0.1327,238.88,0.1085,303.79,0.1387,287.41,Safe,0.12663333333333335,0.015987912100500594,0.1387,-0.027199999999999988,0.7995519561388642,277.30341798894653,0.8876537915792518,40.64500000000004,56.20999999999998
2026-04-01 08:08:15,0.3,76.84,0.6441,188.85,0.3,104.1,Danger,0.4147,0.19866622762815025,0.6441,0.3441,2.146992843357189,119.29198537224181,0.684051723306785,98.38,171.15
2026-04-01 08:08:20,1.2202,145.55,1.0361,110.63,0.9861,61.05,Danger,1.0808,0.12328531948289705,1.2202,-0.06704999999999983,0.9392186563761445,106.25419201291923,0.8251846325970689,7.329999999999984,110.63
2026-04-01 08:08:25,0.1219,289.68,0.1307,308.25,0.1273,291.3,Safe,0.12663333333333335,0.004437717130838039,0.1307,0.006100000000000022,1.048948242790989,296.3891597741275,0.9892865137932211,17.75999999999999,51.75
2026-04-01 08:08:30,0.2023,252.36,0.3379,281.68,0.2088,282.28,Safe,0.24966666666666668,0.07648139207240759,0.3379,0.13234999999999997,1.6438742696459758,272.20652705406684,0.9705171877861929,14.360000000000014,78.32
2026-04-01 08:08:35,0.3698,44.3,1.3437,155.82,0.3443,123.43,Danger,0.6859333333333333,0.5697853133710391,1.3437,0.9866499999999999,3.763327927943067,111.04630487091961,0.6938102070585441,71.95499999999998,155.82
2026-04-01 08:08:40,0.1858,296.77,0.104,293.14,0.1835,266.57,Safe,0.15776666666666667,0.046577498143774675,0.1858,-0.08064999999999999,0.5632246779058874,285.57792486412256,0.9725861375056909,11.470000000000027,66.86000000000001
2026-04-01 08:08:45,0.0886,289.12,0.0388,241.75,0.0572,287.68,Safe,0.061533333333333336,0.025181209925921613,0.0886,-0.03409999999999999,0.5322286388389734,273.25317161111536,0.9276592018938176,46.650000000000034,118.25
2026-04-01 08:08:50,0.3093,252.99,0.9862,174.23,0.319,298.71,Danger,0.5381666666666667,0.38803855908058066,0.9862,0.6720499999999999,3.139254689623779,245.02481275408834,0.6371753693015809,101.61999999999998,174.23
2026-04-01 08:08:55,0.1592,272.04,0.1512,262.61,0.1662,272.87,Safe,0.15886666666666668,0.007505553499465128,0.1662,-0.01150000000000001,0.929312050940068,269.17687323191046,0.9967047050841109,9.845000000000027,97.38999999999999
2026-04-01 08:09:00,0.1929,306.36,0.2634,228.43,0.2495,245.19,Safe,0.23526666666666665,0.03734304933094423,0.2634,0.042200000000000015,1.1907721936157614,258.7335738040721,0.8365059680623952,47.34499999999997,131.57
2026-04-01 08:09:05,0.9063,212.59,0.8834,148.69,0.9003,217.22,Danger,0.8966666666666666,0.011874482444861912,0.9063,-0.01990000000000003,0.9779685841153724,194.04758238644263,0.8566977855083604,66.215,148.69
2026-04-01 08:09:10,0.3772,141.02,0.9784,195.68,0.3,92.61,Danger,0.5518666666666666,0.3714000179500983,0.9784,0.6398,2.8895366522839567,142.7524843892571,0.7477494586982484,78.86500000000001,164.32
2026-04-01 08:09:15,0.2176,290.14,0.2142,241.84,0.1507,291.64,Safe,0.19416666666666668,0.03768160470751389,0.2176,0.03005000000000002,1.1631758719746297,275.01155825908586,0.9201866196416499,49.04999999999998,118.16
2026-04-01 08:09:20,0.8007,302.32,0.671,310.13,0.7574,326.85,Danger,0.7430333333333333,0.06603274440255628,0.8007,-0.10804999999999998,0.8613043305252159,313.07737948290514,0.9841172333700711,4.454999999999984,49.870000000000005
2026-04-01 08:09:25,0.3745,92.0,1.2255,198.68,0.4565,99.33,Danger,0.6855000000000001,0.4694475476557525,1.2255,0.81,2.9494513851952227,124.48633036810575,0.6736858257200509,103.01499999999999,161.32
2026-04-01 08:09:30,0.1021,302.61,0.0826,258.36,0.0789,246.52,Safe,0.08786666666666666,0.012464482874685706,0.1021,-0.00789999999999999,0.9126970972696435,268.7184735423782,0.9132258201237949,16.204999999999984,101.63999999999999
2026-04-01 08:09:35,0.3184,275.03,1.1003,179.57,0.3643,243.87,Danger,0.5943333333333334,0.43878058677809956,1.1003,0.75895,3.223368321756784,234.356959589878,0.773769126601871,79.88,179.57
2026-04-01 08:09:40,0.1028,290.21,0.1457,260.35,0.1445,273.28,Safe,0.131,0.024429285703843243,0.1457,0.02205,1.1783163904861262,274.5980130499132,0.9773603857588903,21.394999999999982,99.64999999999998
2026-04-01 08:09:45,0.0486,284.62,0.1345,253.92,0.0714,284.92,Safe,0.08483333333333333,0.04449767784203277,0.1345,0.07450000000000001,2.2416293061782304,274.5997885845072,0.9680456674887022,30.849999999999994,106.08000000000001
2026-04-01 08:09:50,0.1624,293.26,0.2242,265.04,0.2012,267.26,Safe,0.19593333333333332,0.031234809641381426,0.2242,0.04240000000000002,1.2332165389629322,275.11145839030416,0.975156050076081,15.21999999999997,94.95999999999998
2026-04-01 08:09:55,0.4192,113.12,1.1449,210.67,0.3822,79.49,Danger,0.6487666666666666,0.43006216217348553,1.1449,0.7442,2.8572426821994457,127.54207672451969,0.5855317151477998,114.36500000000001,149.33
2026-04-01 08:10:00,0.3023,63.3,0.8634,154.84,0.3,95.84,Danger,0.48856666666666665,0.32461722587277053,0.8634,0.5622499999999999,2.8670002756092456,103.5509185303459,0.7931903757742602,75.27000000000001,154.84
2026-04-01 08:10:05,0.1502,278.96,0.2044,250.72,0.1908,276.04,Safe,0.1818,0.028198581524608645,0.2044,0.03390000000000001,1.1988199482700983,268.64494217578164,0.9756602652419167,26.78,109.28
2026-04-01 08:10:10,0.2685,252.43,0.2697,266.2,0.2848,240.05,Safe,0.2743333333333333,0.009084235429211048,0.2848,-0.006950000000000012,0.974874480844096,252.88926013385122,0.9827003084159841,19.95999999999998,93.80000000000001
2026-04-01 08:10:15,0.5048,104.42,1.3503,212.84,0.4964,91.68,Danger,0.7838333333333334,0.49059250232074825,1.3503,0.8497,2.697357775953304,128.1145757489472,0.6040549755010719,114.78999999999996,147.16
2026-04-01 08:10:20,0.2794,262.14,0.244,277.82,0.2256,253.75,Safe,0.24966666666666668,0.027343981665685285,0.2794,-0.008500000000000008,0.9663328066027462,264.5521098396057,0.984900650688014,19.875,82.18
2026-04-01 08:10:25,0.3,137.22,0.6697,182.19,0.3,101.83,Danger,0.42323333333333335,0.21344639451940464,0.6697,0.3697,2.232325892247026,140.11553226542972,0.8419768896995085,62.664999999999964,177.81
2026-04-01 08:10:30,0.346,112.91,0.8417,186.33,0.3609,101.14,Danger,0.5162,0.28198969839339877,0.8417,0.48825,2.3813767679253988,131.33726696863528,0.7955682698062037,79.305,173.67
2026-04-01 08:10:35,0.1333,101.87,0.1128,69.93,0.0958,83.37,Safe,0.11396666666666666,0.018777202489543895,0.1333,-0.0017500000000000016,0.984714232088764,85.03445360300728,0.974056816393014,22.689999999999998,69.93
2026-04-01 08:10:40,0.1858,282.88,0.1734,278.37,0.2002,277.19,Safe,0.18646666666666664,0.013412432043940919,0.2002,-0.019600000000000006,0.8984409407205144,279.47956092449334,0.9990845195115154,1.6649999999999636,81.63
2026-04-01 08:10:45,0.0724,110.49,0.1026,73.81,0.1019,93.76,Safe,0.0923,0.017237459209523888,0.1026,0.015449999999999992,1.1772670422599854,92.70546172833929,0.9660511649300739,28.314999999999998,73.81
2026-04-01 08:10:50,1.017,147.1,0.9803,110.39,0.9458,85.4,Danger,0.9810333333333333,0.03560566434337844,1.017,-0.0010999999999999899,0.9988781344221169,114.09385730275453,0.9045736957691382,5.860000000000014,110.39
2026-04-01 08:10:55,0.2056,239.32,0.216,294.15,0.2245,282.31,Safe,0.21536666666666668,0.009465903725124894,0.2245,0.0009499999999999786,1.0044129067058511,272.33439155783833,0.9172666506536248,33.335000000000036,65.85000000000002
2026-04-01 08:11:00,0.3931,264.55,1.2188,215.0,0.3821,278.08,Danger,0.6646666666666667,0.4799250601222376,1.2188,0.8312000000000002,3.1444707314996614,253.18098188605285,0.8911637528717643,56.315,145.0
2026-04-01 08:11:05,0.3182,66.2,1.2163,198.85,0.3335,112.47,Danger,0.6226666666666666,0.5141584613067584,1.2163,0.89045,3.7326876394425677,121.39128529107462,0.5919612742697284,109.51499999999999,161.15
2026-04-01 08:11:10,0.1602,109.83,0.1209,91.22,0.1221,57.55,Safe,0.1344,0.022351510016104064,0.1602,-0.020250000000000004,0.8565295322031016,86.38225282034021,0.9299654046910814,7.530000000000001,91.22
2026-04-01 08:11:15,0.1043,246.42,0.0383,248.56,0.0983,266.53,Safe,0.0803,0.036496575181789316,0.1043,-0.063,0.3780811640556362,253.81121018546295,0.9876520994329823,7.914999999999964,111.44
2026-04-01 08:11:20,0.1508,81.28,0.1652,115.1,0.1169,93.77,Safe,0.1443,0.02479737889374601,0.1652,0.03135000000000002,1.234208186715079,96.67324770111999,0.9705239026101168,27.57499999999999,115.1
2026-04-01 08:11:25,0.5684,352.96,0.3408,294.57,0.358,12.24,Danger,0.42239999999999994,0.12673184288094294,0.5684,-0.12240000000000001,0.7357497069306845,341.0299809612883,0.840845177275948,68.02999999999997,65.43
2026-04-01 08:11:30,0.1092,75.25,0.0397,90.87,0.0741,107.8,Safe,0.07433333333333333,0.03475058752500932,0.1092,-0.05195000000000001,0.4331649409171749,91.30067482943579,0.973270788099987,0.6550000000000011,90.87
2026-04-01 08:11:35,0.8585,86.39,0.8954,142.2,0.6243,102.5,Danger,0.7927333333333334,0.14702973622139617,0.8954,0.15399999999999991,1.2077135045677034,110.03830470158674,0.9179771614846575,47.754999999999995,142.2
2026-04-01 08:11:40,0.3,244.34,0.7805,189.18,0.3,259.16,Danger,0.46016666666666667,0.27741680434561516,0.7805,0.4805,2.601657994473352,231.79048347349124,0.8667139728437198,62.56999999999999,170.82
2026-04-01 08:11:45,0.073,213.55,0.1255,256.53,0.0943,303.51,Safe,0.0976,0.02640511314120809,0.1255,0.04185,1.5002809290982773,257.7017591323926,0.804783402212978,2.0,103.47000000000003
2026-04-01 08:11:50,0.3,264.79,0.6833,163.19,0.3,269.71,Danger,0.4277666666666667,0.2212983581803836,0.6833,0.38330000000000003,2.277659074469752,238.32226377246337,0.6684787837726549,104.06,163.19
2026-04-01 08:11:55,0.3757,268.03,1.0775,174.76,0.3477,243.97,Danger,0.6003,0.4135043893358327,1.0775,0.7157999999999999,2.9789798756431414,230.8843840540563,0.7761760301199103,81.23999999999998,174.76
2026-04-01 08:12:00,0.5456,350.43,0.7029,10.21,0.7513,94.13,Danger,0.6666,0.10754715244951862,0.7513,0.05445,1.0839677940199028,27.978851180979053,0.7164849045248488,32.06999999999999,10.210000000000008
2026-04-01 08:12:05,0.1706,257.65,0.2043,312.29,0.2513,250.93,Safe,0.20873333333333335,0.04053225053378278,0.2513,-0.006650000000000017,0.9684713511668586,272.8450339705686,0.8883375880965603,58.00000000000003,47.70999999999998
2026-04-01 08:12:10,0.3,119.69,0.7998,164.21,0.3,48.26,Danger,0.46659999999999996,0.2885596645409749,0.7998,0.49979999999999997,2.6659911133629555,112.76380656209615,0.6821342525465359,80.23500000000001,164.21
2026-04-01 08:12:15,1.2274,180.45,1.3041,210.03,1.2457,151.29,Danger,1.2590666666666668,0.04005899815688522,1.3041,0.06755,1.0546269421964805,180.5834398829131,0.9143123961759649,44.16,149.97
2026-04-01 08:12:20,0.3601,259.28,1.3324,176.58,0.4399,237.27,Danger,0.7108,0.5397980455688961,1.3324,0.9324,3.3309916725208186,225.64389000032682,0.8224242912751641,71.69499999999996,176.58
2026-04-01 08:12:25,0.1441,87.88,0.1959,100.48,0.167,95.43,Safe,0.169,0.025957850450297297,0.1959,0.04034999999999997,1.2593940251107352,94.59834365934682,0.9959211929182901,8.824999999999989,100.48
2026-04-01 08:12:30,0.3,86.21,0.764,194.48,0.3,111.35,Danger,0.4546666666666667,0.26789052490398635,0.764,0.464,2.546658177806074,127.0189942701922,0.70101421006672,95.69999999999999,165.52
2026-04-01 08:12:35,0.3,82.79,0.4173,158.88,0.3,64.73,Danger,0.3391,0.0677231865759431,0.4173,0.11730000000000002,1.390995363348789,99.5689248271059,0.7628545813890628,85.12,158.88
2026-04-01 08:12:40,0.0948,263.16,0.0683,266.09,0.0763,265.35,Safe,0.0798,0.013592277219068184,0.0948,-0.01725,0.798354198080677,264.86671790801296,0.9997642975465122,1.8349999999999795,93.91000000000003
2026-04-01 08:12:45,0.3214,110.55,1.1864,198.78,0.3131,88.79,Danger,0.6069666666666667,0.5018211467578197,1.1864,0.8691499999999999,3.7396257222199454,128.34030464417285,0.6860152489108422,99.11000000000001,161.22
2026-04-01 08:12:50,0.2216,84.1,0.1774,102.39,0.1924,98.21,Safe,0.19713333333333335,0.022476951157426425,0.2216,-0.029599999999999987,0.8570006908179189,94.91368938761676,0.990695572513782,11.235000000000014,102.39
2026-04-01 08:12:55,0.3,253.23,0.9881,197.3,0.4338,263.87,Danger,0.5739666666666666,0.3648361595748609,0.9881,0.6212,2.69309704797752,239.02501815259035,0.8744065168356376,61.24999999999994,162.7
2026-04-01 08:13:00,0.0144,250.15,0.0921,289.02,0.0791,202.23,Safe,0.06186666666666666,0.041618064987855134,0.0921,0.04535,1.9700113366559004,247.46926754046115,0.8171407042092194,62.829999999999984,70.98000000000002
2026-04-01 08:13:05,0.8733,311.4,0.963,304.54,0.9213,232.69,Danger,0.9192,0.04488685776482912,0.963,0.06569999999999998,1.0732184629238126,284.71392900431465,0.8165131496154876,32.49500000000006,55.45999999999998
2026-04-01 08:13:10,0.8067,318.93,0.6746,292.9,0.7273,237.44,Danger,0.7362000000000001,0.06649819546423798,0.8067,-0.09239999999999993,0.879529492138863,284.0273412543642,0.8318023088697133,14.714999999999975,67.10000000000002
2026-04-01 08:13:15,1.2843,90.23,1.1404,142.24,1.2167,177.98,Danger,1.2138,0.07199381917914893,1.2843,-0.11009999999999986,0.9119544886409529,137.435487360774,0.8119194935861226,8.134999999999991,142.24
2026-04-01 08:13:20,0.7211,11.39,0.6109,7.94,0.5192,359.89,Danger,0.6170666666666667,0.10109116347798817,0.7211,-0.00924999999999998,0.9850826653508581,6.409201437151789,0.9964669407599923,2.3000000000000114,7.939999999999998
2026-04-01 08:13:25,0.9767,52.47,0.9533,102.88,0.8725,128.1,Danger,0.9341666666666667,0.05467150385103131,0.9767,0.028699999999999948,1.0310393348049591,95.16136662544203,0.8550699226229574,12.594999999999999,102.88
2026-04-01 08:13:30,0.2811,94.77,0.3138,79.73,0.2511,90.55,Safe,0.282,0.031359687498442985,0.3138,0.04770000000000002,1.1792514872172597,88.35620958809868,0.9938986685564867,12.930000000000007,79.73
2026-04-01 08:13:35,0.1752,258.44,0.1969,261.76,0.1337,288.27,Safe,0.1686,0.03211277004557531,0.1969,0.04244999999999999,1.2748379745032403,269.4068697482879,0.973045991078201,11.59499999999997,98.24000000000001
2026-04-01 08:13:40,0.5093,275.88,1.631,165.35,0.4016,289.51,Danger,0.8473,0.6808370509894419,1.631,1.1755499999999999,3.581065800711822,252.5006093830365,0.5887150119501926,117.345,165.35
2026-04-01 08:13:45,0.2636,79.18,0.185,96.6,0.2321,82.55,Safe,0.2269,0.039557173812091284,0.2636,-0.06285000000000002,0.7464161936001872,86.09677506219366,0.9913504671738027,15.734999999999985,96.6
2026-04-01 08:13:50,0.0559,271.38,0.0517,239.7,0.0746,297.34,Safe,0.060733333333333334,0.012191116984646375,0.0746,-0.01355,0.7923250218387458,269.55906450973544,0.9171612680428816,44.660000000000025,120.30000000000001
2026-04-01 08:13:55,0.3221,66.34,0.86,198.2,0.3295,92.01,Danger,0.5038666666666667,0.3084427067274137,0.86,0.5342,2.639648128765719,110.00933826189566,0.5686568379287635,119.02499999999998,161.8
2026-04-01 08:14:00,0.4422,79.71,1.0894,182.62,0.3,90.76,Danger,0.6105333333333333,0.42076142091847407,1.0894,0.7182999999999999,2.935588963651405,113.27264891668334,0.7032594960315621,97.38499999999999,177.38
2026-04-01 08:14:05,0.0618,271.37,0.0745,263.17,0.115,270.03,Safe,0.08376666666666667,0.02778422813995979,0.115,-0.01390000000000001,0.8427506476171083,268.19149345622685,0.9980362640019228,7.529999999999973,96.82999999999998
2026-04-01 08:14:10,0.3,66.22,1.1329,203.45,0.3616,97.38,Danger,0.5981666666666666,0.46411576501271035,1.1329,0.8021,3.4247175794510905,113.06929626282633,0.5466724860858369,121.64999999999998,156.55
2026-04-01 08:14:15,0.3,255.04,0.4054,173.17,0.3,305.95,Danger,0.33513333333333334,0.06085271837258655,0.4054,0.1054,1.3513288289039038,248.16031471041003,0.5949369335610287,107.32500000000002,173.17
2026-04-01 08:14:20,0.3706,283.35,0.8704,185.85,0.3,271.5,Danger,0.5136666666666666,0.3109503068551844,0.8704,0.5350999999999999,2.595876540779777,250.42454198665953,0.7339408504363171,91.57500000000002,174.15
2026-04-01 08:14:25,0.2337,72.07,0.2709,96.11,0.2701,64.92,Safe,0.2582333333333333,0.02125025490043198,0.2709,0.01899999999999996,1.0754224874057665,77.63135563101885,0.9730752667711557,27.61500000000001,96.11
2026-04-01 08:14:30,0.3032,91.41,1.1067,192.23,0.3449,93.35,Danger,0.5849333333333333,0.4523439657310942,1.1067,0.7826500000000001,3.415203162465168,120.69543718578663,0.6923931326726314,99.84999999999997,167.77
2026-04-01 08:14:35,0.2767,113.01,0.2545,120.31,0.2711,112.93,Safe,0.26743333333333336,0.011545273203061647,0.2767,-0.01940000000000003,0.9291678380144651,115.41517786736475,0.9981771750907872,7.339999999999975,120.31
2026-04-01 08:14:40,0.3448,91.48,1.081,181.79,0.3162,83.39,Danger,0.5806666666666667,0.4335372802116714,1.081,0.7505,3.2707919189351924,114.89039394335116,0.7208875257772714,94.35500000000002,178.21
2026-04-01 08:14:45,1.3052,88.77,1.0268,55.74,1.1767,48.84,Danger,1.1695666666666666,0.13933701350801705,1.3052,-0.21415000000000006,0.8274299307547196,64.27610660230542,0.9542852831098821,13.064999999999998,55.74000000000001
2026-04-01 08:14:50,0.1953,103.29,0.1743,82.34,0.1836,87.53,Safe,0.1844,0.01052283231834471,0.1953,-0.015149999999999997,0.9200268143213812,91.03408659515362,0.9879497124320178,13.069999999999993,82.34
2026-04-01 08:14:55,0.3,241.08,0.9481,173.4,0.3,272.93,Danger,0.5160333333333333,0.3741807094617965,0.9481,0.6481000000000001,3.160322798924004,230.9726044890163,0.7547843854187236,83.60499999999999,173.4
2026-04-01 08:15:00,0.1221,268.75,0.098,298.37,0.1044,220.24,Safe,0.10816666666666667,0.012483722735359564,0.1221,-0.01525,0.865334522432473,263.0025546416215,0.8482011802812383,53.875,61.629999999999995
2026-04-01 08:15:05,0.3915,285.39,1.3589,176.37,0.414,241.71,Danger,0.7214666666666667,0.5521480809831121,1.3589,0.95615,3.374045005474847,235.89008690099058,0.717176995992813,87.18,176.37
2026-04-01 08:15:10,0.3219,82.54,1.0468,170.91,0.4075,86.86,Danger,0.5920666666666666,0.3961295789679601,1.0468,0.6820999999999999,2.8702964894530036,110.49343911650413,0.7643827530561427,86.20999999999998,170.91
2026-04-01 08:15:15,0.3,283.17,0.5644,193.56,0.3,296.77,Danger,0.3881333333333334,0.15265141117373707,0.5644,0.2644,1.8813270622431262,262.03745025043827,0.7071455836111616,96.41000000000003,166.44
2026-04-01 08:15:20,0.2578,287.15,0.2671,276.36,0.2607,257.41,Safe,0.26186666666666664,0.00475850116458255,0.2671,0.007850000000000024,1.0302756787823386,273.6708105523783,0.9771168103385514,4.080000000000041,83.63999999999999
2026-04-01 08:15:25,0.3132,83.82,0.2555,93.11,0.2494,139.31,Safe,0.2727,0.0352063914651871,0.3132,-0.02579999999999999,0.908279743051038,104.92333441904808,0.9123324376911565,18.454999999999984,93.11
2026-04-01 08:15:30,0.0368,252.74,0.0714,278.86,0.1076,294.12,Safe,0.07193333333333334,0.03540301305444684,0.1076,-0.0007999999999999952,0.988905970831429,275.32075935184747,0.9560285002904899,5.430000000000007,81.13999999999999
2026-04-01 08:15:35,0.4287,274.27,1.2267,194.33,0.4124,247.53,Danger,0.6892666666666667,0.4655022699550812,1.2267,0.8061499999999999,2.9168876069727574,239.51760840306872,0.8388829153974225,66.56999999999996,165.67
2026-04-01 08:15:40,0.1674,123.92,0.2017,81.58,0.0803,60.05,Safe,0.1498,0.06258442298208076,0.2017,0.07785,1.628569813727786,88.13089455840853,0.8956432722323346,10.405000000000001,81.58
2026-04-01 08:15:45,0.3,255.84,0.6765,168.32,0.3,282.88,Danger,0.4255,0.2173723763498941,0.6765,0.3765,2.254992483358389,240.1169577239122,0.66971205897324,101.04000000000002,168.32
2026-04-01 08:15:50,0.2218,100.48,0.1917,112.26,0.2003,68.14,Safe,0.2046,0.015503870484495147,0.2218,-0.019350000000000006,0.9083112612591269,93.79872362957236,0.9477119376325001,27.94999999999999,112.26
2026-04-01 08:15:55,0.1258,78.89,0.1685,105.48,0.1804,85.32,Safe,0.15823333333333334,0.02871137985770335,0.1804,0.015399999999999997,1.100580662438521,89.85622070305591,0.9805526386823084,23.375,105.48
2026-04-01 08:16:00,0.5129,72.55,1.4588,190.01,0.4516,83.83,Danger,0.8077666666666667,0.564643890725237,1.4588,0.97655,3.0249807672767917,108.02624325038137,0.6219856845824816,111.82,169.99
2026-04-01 08:16:05,0.1366,101.4,0.0563,101.92,0.0832,69.65,Safe,0.09203333333333334,0.04087228074543105,0.1366,-0.053599999999999995,0.5122792331279971,91.11655983586824,0.9656146625717948,16.394999999999982,101.92
2026-04-01 08:16:10,0.157,255.49,0.1097,249.0,0.0757,250.55,Safe,0.11413333333333332,0.04083091149280571,0.157,-0.006650000000000003,0.9428367611795343,251.67941369745472,0.9988338889817212,4.020000000000039,111.0
2026-04-01 08:16:15,0.332,42.6,1.4977,181.67,0.3866,147.52,Danger,0.7387666666666667,0.6578222733636596,1.4977,1.1384,4.168371365512481,133.05868395332325,0.5404915703134602,86.61000000000001,178.33
2026-04-01 08:16:20,0.2682,282.48,0.2387,283.37,0.2488,251.64,Safe,0.2519,0.014992331373072034,0.2682,-0.019800000000000012,0.9234006831695042,272.61453603345234,0.9671283299281338,16.310000000000002,76.63
2026-04-01 08:16:25,1.1396,241.57,1.1662,227.31,1.3509,118.73,Danger,1.2188999999999999,0.11508644577012538,1.3509,-0.07905000000000006,0.9365180192587679,204.28246573424232,0.5978228225796974,47.160000000000025,132.69
2026-04-01 08:16:30,0.1272,70.94,0.1035,57.29,0.1414,109.36,Safe,0.12403333333333333,0.019147410616930254,0.1414,-0.030800000000000008,0.7706569571336028,78.90346311552936,0.9273534981928971,32.860000000000014,57.28999999999999
2026-04-01 08:16:35,0.3034,235.32,0.3013,247.18,0.3019,270.14,Safe,0.3022,0.0010816653826391932,0.3034,-0.0013499999999999623,0.9955361125520816,250.8223307796381,0.9684328758591629,5.549999999999983,112.82
2026-04-01 08:16:40,0.2807,278.18,0.2482,231.75,0.2345,262.13,Safe,0.2544666666666667,0.023728955588759773,0.2807,-0.009399999999999992,0.9635055764535077,257.4883478885341,0.9443341358346433,38.40499999999997,128.25
2026-04-01 08:16:45,0.3,302.4,0.5479,198.17,0.3,249.35,Danger,0.3826333333333334,0.14312513173210825,0.5479,0.24790000000000006,1.8263272455758486,249.8653717709281,0.7426946006047576,77.70500000000001,161.83
2026-04-01 08:16:50,0.0945,83.22,0.1052,105.57,0.1772,78.98,Safe,0.12563333333333335,0.044977364677505655,0.1772,-0.030649999999999997,0.7743778109840929,89.20447618214321,0.9793845805030565,24.46999999999997,105.57
2026-04-01 08:16:55,0.3,233.92,0.9605,176.5,0.3,286.48,Danger,0.5201666666666667,0.3813398527997478,0.9605,0.6605000000000001,3.201655994480019,232.62156811622208,0.7156527510880898,83.70000000000005,176.5
2026-04-01 08:17:00,0.3516,101.49,1.0976,181.09,0.4285,75.95,Danger,0.6259,0.41030972447652264,1.0976,0.7075499999999999,2.8139909909217,116.34475407546108,0.7182734211785088,92.37,178.91
2026-04-01 08:17:05,0.1625,267.13,0.0871,267.16,0.1652,274.23,Safe,0.13826666666666668,0.0443321929677896,0.1652,-0.07675,0.5315805213273035,269.5053275282442,0.9983017045902789,3.519999999999982,92.83999999999997
2026-04-01 08:17:10,1.0192,253.63,0.9625,168.64,0.9715,256.47,Danger,0.9843999999999999,0.030471790232935163,1.0192,-0.032850000000000046,0.9669955623694555,229.22237309547353,0.7636121749178066,86.41000000000003,168.64
2026-04-01 08:17:15,0.4783,79.95,1.2954,174.68,0.4192,93.74,Danger,0.7309666666666667,0.48970597641169683,1.2954,0.8466500000000001,2.8866788040583757,113.12912581827916,0.7522092270193383,87.83500000000004,174.68
2026-04-01 08:17:20,0.1833,111.21,0.2043,121.97,0.1975,106.04,Safe,0.1950333333333333,0.01071509838187842,0.2043,0.013899999999999996,1.0729985661840011,113.067383953832,0.993305064295232,13.344999999999999,121.97
2026-04-01 08:17:25,1.1498,130.08,0.8851,191.8,0.9771,248.21,Danger,1.004,0.13438463453832802,1.1498,-0.17835,0.8322903453003477,190.4540839761294,0.6758621337141593,2.655000000000001,168.2
2026-04-01 08:17:30,0.3,68.74,1.1241,175.4,0.3,101.69,Danger,0.5747000000000001,0.47579435683917065,1.1241,0.8241,3.746987510041634,112.79233092893995,0.7200236044210734,90.185,175.4
2026-04-01 08:17:35,1.1066,117.81,0.9213,137.2,1.092,149.43,Danger,1.0399666666666667,0.10302729411827401,1.1066,-0.17799999999999994,0.8380780150295507,134.84404173297668,0.9743521727235924,3.579999999999984,137.2
2026-04-01 08:17:40,0.1891,136.25,0.1451,39.58,0.1471,92.98,Safe,0.16043333333333334,0.024846193538112286,0.1891,-0.022999999999999993,0.8631715456778961,90.08901246201472,0.7757728660003398,75.035,39.579999999999984
2026-04-01 08:17:45,0.6004,63.02,0.4602,5.24,0.4338,55.17,Danger,0.4981333333333333,0.08954380678379346,0.6004,-0.056900000000000006,0.8899615355607511,41.74762474278899,0.9027764186566386,53.85499999999999,5.240000000000009
2026-04-01 08:17:50,0.1699,90.4,0.2739,83.47,0.1496,100.66,Safe,0.19779999999999998,0.0666815566704917,0.2739,0.11414999999999997,1.714543257945177,91.50583050400175,0.9924194774343774,12.060000000000002,83.47
2026-04-01 08:17:55,0.188,90.32,0.1311,103.74,0.109,43.21,Safe,0.1427,0.04075745330611323,0.188,-0.0174,0.8828223378967145,79.63604930266884,0.9000315679464895,36.974999999999994,103.74
2026-04-01 08:18:00,0.1413,79.31,0.1107,81.74,0.1352,101.91,Safe,0.12906666666666666,0.01619578134371211,0.1413,-0.027549999999999977,0.800717535497031,87.61719984094458,0.9844326822008411,8.870000000000005,81.74
2026-04-01 08:18:05,0.1399,266.19,0.096,260.05,0.1293,257.18,Safe,0.12173333333333332,0.022907276864204816,0.1399,-0.038599999999999995,0.713219069694876,261.1388915458498,0.9978499384819075,1.634999999999991,99.94999999999999
2026-04-01 08:18:10,0.5,63.77,1.7297,168.15,0.4536,112.72,Danger,0.8944333333333333,0.7237340971194692,1.7297,1.2529,3.6277189015962636,114.5045765837182,0.7417364444741473,79.90500000000003,168.15
2026-04-01 08:18:15,1.1839,292.19,1.0918,317.87,1.1631,238.13,Danger,1.1462666666666668,0.048302415398542194,1.1839,-0.08169999999999988,0.930378414675403,283.5902742899905,0.8388194563798513,52.710000000000036,42.129999999999995
2026-04-01 08:18:20,0.0723,79.69,0.1135,80.71,0.0937,106.95,Safe,0.09316666666666668,0.020605177342923633,0.1135,0.0305,1.3674534041758533,89.0435901232799,0.9759017115680025,12.610000000000014,80.71
2026-04-01 08:18:25,0.7665,328.79,0.9154,330.35,0.9306,295.04,Danger,0.8708333333333332,0.09067438079928275,0.9306,0.06685000000000008,1.078780179388157,318.2189279854441,0.9599925577480259,18.435000000000002,29.649999999999977
2026-04-01 08:18:30,0.133,55.74,0.1421,95.46,0.1278,70.04,Safe,0.1343,0.007238093671679032,0.1421,0.011699999999999988,1.0897155696658767,73.67075398418508,0.9593258951272057,32.56999999999999,95.46
2026-04-01 08:18:35,0.3,100.39,0.6326,181.76,0.3,62.76,Danger,0.4108666666666667,0.19202669953246956,0.6326,0.33260000000000006,2.1086596378012077,111.40782323466988,0.6594970268334801,100.185,178.24
2026-04-01 08:18:40,0.3006,230.82,0.2328,303.52,0.2925,266.34,Safe,0.2753,0.03702823247199357,0.3006,-0.06374999999999997,0.785025172735887,266.8520941491547,0.8702526521604218,54.94,56.48000000000002
2026-04-01 08:18:45,0.0864,273.34,0.0822,282.57,0.1246,265.21,Safe,0.09773333333333334,0.023361792168695737,0.1246,-0.023300000000000015,0.7791395342224243,273.70525665736636,0.9923542185999413,13.295000000000016,77.43
2026-04-01 08:18:50,0.1517,264.52,0.1407,297.99,0.1271,288.49,Safe,0.13983333333333334,0.012322878451617279,0.1517,0.0012999999999999956,1.0093184410441818,283.7353775296577,0.9700193127548186,21.485000000000014,62.00999999999999
2026-04-01 08:18:55,1.0805,264.68,1.0849,5.38,1.0184,319.41,Danger,1.0612666666666666,0.03718875278001851,1.0849,0.03544999999999998,1.0337786137704381,316.95413866860406,0.7581847505458627,73.33499999999998,5.3799999999999955
2026-04-01 08:19:00,0.1111,59.02,0.1466,62.23,0.1361,85.41,Safe,0.13126666666666667,0.018236867421060378,0.1466,0.023000000000000007,1.1860745463224407,68.83068663360065,0.97905772741874,9.985000000000014,62.22999999999999
2026-04-01 08:19:05,0.1684,78.34,0.182,71.7,0.2181,94.92,Safe,0.1895,0.025684820419851095,0.2181,-0.011249999999999982,0.9417803788854909,81.63087633107905,0.9855300090120425,14.930000000000007,71.7
2026-04-01 08:19:10,0.1459,268.66,0.0845,238.97,0.095,283.27,Safe,0.10846666666666667,0.032840574497613975,0.1459,-0.035949999999999996,0.7015300827722477,263.7619051823918,0.9489263957058565,36.99500000000003,121.03
2026-04-01 08:19:15,0.3,116.89,0.6938,168.92,0.3645,103.1,Danger,0.4527666666666667,0.21121757344817058,0.6938,0.36155,2.0881803215039234,128.89439803612268,0.8814167012304196,58.92499999999998,168.92
2026-04-01 08:19:20,0.4062,264.68,1.3629,181.19,0.3268,276.76,Danger,0.6986333333333333,0.5766400465917481,1.3629,0.9964,3.7186801673119585,244.12245402598737,0.7444865769039694,89.53000000000003,178.81
2026-04-01 08:19:25,0.1067,287.94,0.1256,291.53,0.1695,281.85,Safe,0.13393333333333335,0.032218679881915305,0.1695,-0.012500000000000011,0.9094792941397961,287.10765220827045,0.9975699775768303,6.634999999999991,68.47000000000003
2026-04-01 08:19:30,0.1363,85.15,0.1404,95.87,0.1125,88.66,Safe,0.12973333333333334,0.0150646385065601,0.1404,0.015999999999999986,1.1286082909301371,89.89155417120037,0.9969692814250107,8.965000000000003,95.87
2026-04-01 08:19:35,0.221,256.09,0.1937,273.87,0.2282,265.85,Safe,0.21430000000000002,0.018199725272651773,0.2282,-0.030899999999999983,0.862418243908086,265.27233884640395,0.9919657204362482,12.900000000000034,86.13
2026-04-01 08:19:40,0.0937,267.74,0.1801,251.0,0.1642,266.03,Safe,0.14600000000000002,0.04598554120590515,0.1801,0.05115,1.3966545431985793,261.60477649486165,0.9914037735195514,15.884999999999991,109.0
2026-04-01 08:19:45,0.4061,231.56,1.3944,180.36,0.4975,297.74,Danger,0.766,0.5461258188366487,1.3944,0.9426000000000001,3.08631454998993,235.37733978014893,0.6783277827092735,84.28999999999996,179.64
2026-04-01 08:19:50,0.8215,22.47,0.8387,324.07,0.6582,35.55,Danger,0.7728,0.09961842199111567,0.8387,0.09885,1.1336066316055529,8.414213468185416,0.8583804640278642,64.94,35.93000000000001
2026-04-01 08:19:55,0.1132,266.64,0.0435,284.12,0.104,274.56,Safe,0.08689999999999999,0.037865947763128814,0.1132,-0.0651,0.40054879789320535,275.1045362516615,0.9922360279012022,13.519999999999982,75.88
2026-04-01 08:20:00,0.3,102.78,0.6589,174.03,0.3,89.22,Danger,0.41963333333333336,0.20721101161215674,0.6589,0.35890000000000005,2.1963260122466264,120.03674295728952,0.8005585762969543,78.02999999999997,174.03
2026-04-01 08:20:05,0.097,75.49,0.1034,87.17,0.0791,73.14,Safe,0.09316666666666668,0.012595369519523171,0.1034,0.015350000000000003,1.174319428513021,78.5925799250473,0.994274884124993,12.85499999999999,87.17
2026-04-01 08:20:10,0.3,250.14,0.6003,196.24,0.3,302.32,Danger,0.40009999999999996,0.1733782858376446,0.6003,0.30029999999999996,2.0009933300222333,249.67046204747362,0.7341510484256107,79.98999999999995,163.76
2026-04-01 08:20:15,0.3625,290.54,1.119,165.43,0.3387,285.57,Danger,0.6067333333333333,0.4437955197310281,1.119,0.7684,3.191662316992821,258.05870466970316,0.5615410451600559,122.625,165.43
2026-04-01 08:20:20,0.181,99.28,0.2207,98.03,0.202,133.65,Safe,0.20123333333333335,0.01986110101009845,0.2207,0.029200000000000004,1.1524743996114903,110.15414146331622,0.9589425588793999,18.435000000000002,98.03
2026-04-01 08:20:25,0.0366,248.65,0.0622,267.79,0.0504,252.07,Safe,0.04973333333333333,0.012813014217323468,0.0622,0.0187,1.429852187306039,256.15166549452056,0.9894483913766984,17.430000000000035,92.20999999999998
2026-04-01 08:20:30,0.1213,289.11,0.1315,271.89,0.1742,256.86,Safe,0.14233333333333334,0.02806462779609473,0.1742,-0.016249999999999987,0.890010896711359,272.6101736794022,0.9737320051796924,1.0950000000000273,88.11000000000001
2026-04-01 08:20:35,0.1938,66.57,0.1499,90.97,0.1617,81.41,Safe,0.16846666666666668,0.022718788113218827,0.1938,-0.027850000000000014,0.8433145242502151,79.66338427682963,0.9847098503691637,16.980000000000018,90.97
2026-04-01 08:20:40,0.2841,101.21,0.2369,137.84,0.2137,74.65,Safe,0.2449,0.03587533971964587,0.2841,-0.01200000000000001,0.951784042651496,104.38302394609221,0.9003709255023994,49.91,137.84
2026-04-01 08:20:45,0.3,312.48,0.8927,169.74,0.4627,250.92,Danger,0.5518000000000001,0.3062310075743474,0.8927,0.5113500000000001,2.340888053263267,247.09820056577433,0.5444003103770614,111.95999999999998,169.74
2026-04-01 08:20:50,0.2123,79.89,0.176,97.24,0.1653,129.29,Safe,0.18453333333333333,0.02463459626893311,0.2123,-0.012800000000000006,0.9321984523387058,101.98219710798892,0.937237130699496,7.349999999999994,97.24
2026-04-01 08:20:55,0.2535,85.25,0.2243,81.51,0.2815,97.95,Safe,0.2531,0.028602097825159597,0.2815,-0.04319999999999996,0.8385015383120065,88.22670297090608,0.9924740686499026,10.090000000000003,81.51
2026-04-01 08:21:00,0.0624,259.43,0.0974,303.45,0.0988,278.38,Safe,0.0862,0.020623287807718733,0.0988,0.016799999999999995,1.208421731740301,280.36800871696767,0.951103497992171,34.545000000000016,56.55000000000001
2026-04-01 08:21:05,0.1952,53.33,0.2258,65.65,0.2397,95.92,Safe,0.22023333333333336,0.022766276228960523,0.2397,0.008349999999999996,1.0383948567723302,71.49318514269474,0.951822342038672,8.974999999999994,65.65
2026-04-01 08:21:10,0.3995,234.54,1.1897,189.47,0.3417,303.42,Danger,0.6436333333333333,0.4737898408929146,1.1897,0.8190999999999999,3.2101910140555474,240.74977915413686,0.6929206365773282,79.51000000000002,170.53
2026-04-01 08:21:15,0.8502,256.05,0.5835,234.71,0.8388,244.95,Danger,0.7575,0.15079618695444522,0.8502,-0.261,0.6909405672699026,245.23499552684382,0.9884670294077034,15.789999999999992,125.28999999999999
2026-04-01 08:21:20,0.3,109.91,0.5062,204.74,0.3,107.22,Danger,0.36873333333333336,0.11904962550690083,0.5062,0.2062,1.687327708907637,136.2872409445376,0.7124022308423081,96.17500000000001,155.26
2026-04-01 08:21:25,0.3,289.94,0.9602,190.9,0.3121,277.14,Danger,0.5241,0.37772213332024906,0.9602,0.65415,3.1373855991321715,256.31302375125324,0.7277976944747333,92.63999999999996,169.1
2026-04-01 08:21:30,0.3,98.56,1.051,193.23,0.3852,60.5,Danger,0.5787333333333333,0.41120750641656983,1.051,0.7083999999999999,3.0677085005589593,111.12381833014592,0.5826004092536857,113.69999999999999,166.77
2026-04-01 08:21:35,0.3,284.8,0.7398,174.71,0.3,253.0,Danger,0.44660000000000005,0.25391864838959743,0.7398,0.4398,2.4659917800274003,240.57649193039896,0.7006909455657302,94.18999999999997,174.71
2026-04-01 08:21:40,1.2123,149.78,1.3366,210.28,1.1933,65.17,Danger,1.2473999999999998,0.07783142039048241,1.3366,0.13380000000000014,1.1112395150985077,145.26659015332208,0.5304309342355603,102.805,149.72
2026-04-01 08:21:45,0.3484,98.87,1.2253,196.53,0.426,110.55,Danger,0.6665666666666666,0.4854303691914355,1.2253,0.8381000000000001,3.164506290014747,131.75449529689618,0.7327427782845845,91.82,163.47
2026-04-01 08:21:50,0.2384,84.36,0.2505,91.46,0.2116,105.6,Safe,0.2335,0.019907536261426217,0.2505,0.025499999999999995,1.113328385207177,93.79327447031177,0.9881638138968013,3.5200000000000102,91.46
2026-04-01 08:21:55,0.0956,252.48,0.01,294.44,0.081,280.77,Safe,0.0622,0.045792139063380734,0.0956,-0.07830000000000001,0.1132490005775699,276.0079736658912,0.954037602881738,27.814999999999998,65.56
2026-04-01 08:22:00,0.3047,248.17,0.2787,285.58,0.2787,268.17,Safe,0.2873666666666667,0.015011106998930284,0.3047,-0.013000000000000012,0.9554303893370266,267.3224134682986,0.9647324722612239,27.410000000000025,74.42000000000002
2026-04-01 08:22:05,0.3,123.97,0.9622,164.89,0.3,66.49,Danger,0.5207333333333334,0.38232134825737024,0.9622,0.6622000000000001,3.20732264225786,119.27838045225344,0.7669761435751942,69.65999999999997,164.89
2026-04-01 08:22:10,0.3564,133.24,1.0683,168.55,0.3098,53.02,Danger,0.5781666666666667,0.4251069316458312,1.0683,0.7352000000000001,3.207135373355229,121.6449831069591,0.6757577818358869,75.42000000000002,168.55
2026-04-01 08:22:15,0.3,292.45,0.7695,169.68,0.3,263.88,Danger,0.45649999999999996,0.27106595138452927,0.7695,0.4695,2.5649914500285003,247.83576890826595,0.6260506340909098,108.48499999999996,169.68
2026-04-01 08:22:20,0.6164,154.59,0.3255,143.89,0.6656,189.56,Danger,0.5358333333333333,0.18380762588460067,0.6656,-0.3155,0.5077995198135417,162.46315965787292,0.9429097963180877,28.18500000000003,143.89
2026-04-01 08:22:25,0.1706,298.15,0.0769,283.64,0.12,272.52,Safe,0.1225,0.046900000000000004,0.1706,-0.06839999999999999,0.5292461855045733,284.7604771430671,0.9832977949136409,1.6949999999999932,76.36000000000001
2026-04-01 08:22:30,0.3,92.92,0.584,190.2,0.3,66.84,Danger,0.39466666666666667,0.1639674764498537,0.584,0.284,1.9466601777994075,110.23662328685786,0.6185224243077807,110.32,169.8
2026-04-01 08:22:35,0.1968,75.71,0.132,130.53,0.1353,72.14,Safe,0.15469999999999998,0.036496986176943434,0.1968,-0.03405,0.7949364954140595,92.05771122653319,0.8942210843607479,56.60500000000002,130.53
2026-04-01 08:22:40,0.3853,57.64,0.9489,185.46,0.3195,85.29,Danger,0.5512333333333334,0.3459573576805866,0.9489,0.5965,2.692671133169316,102.2180861660459,0.5955476872198843,113.995,174.54
2026-04-01 08:22:45,0.2363,90.21,0.242,108.65,0.2664,45.33,Safe,0.24823333333333333,0.01598885028178492,0.2664,-0.009350000000000025,0.9627970447700626,81.87488743460378,0.8952031094000593,40.879999999999995,108.65
2026-04-01 08:22:50,0.1233,71.24,0.1731,66.89,0.1659,104.5,Safe,0.1541,0.02691542308788773,0.1731,0.028499999999999998,1.1970871570736026,80.70964098924136,0.9574843092777343,20.980000000000018,66.89
2026-04-01 08:22:55,0.1314,279.51,0.0911,306.11,0.0971,287.38,Safe,0.10653333333333333,0.02174312151769688,0.1314,-0.02314999999999999,0.7973672002870873,290.96763241515146,0.9811306182649535,22.66500000000002,53.889999999999986
2026-04-01 08:23:00,0.3417,59.17,1.0318,186.7,0.3434,132.06,Danger,0.5722999999999999,0.39793958084111214,1.0318,0.68925,3.012106226518095,127.7787337085102,0.6260533094786548,91.08499999999998,173.3
2026-04-01 08:23:05,0.0918,68.75,0.0677,96.54,0.095,73.3,Safe,0.08483333333333333,0.014923918162913299,0.095,-0.025700000000000014,0.724831639918202,79.47100473283209,0.977567382069423,25.515000000000015,96.54
2026-04-01 08:23:10,0.1401,90.65,0.1127,42.89,0.1352,103.0,Safe,0.12933333333333333,0.014611753260075718,0.1401,-0.02495,0.8187372412841171,79.41010354832422,0.9003003613907498,53.935,42.889999999999986
2026-04-01 08:23:15,0.1861,135.82,0.1469,91.79,0.0816,66.37,Safe,0.1382,0.05279043473963819,0.1861,0.013050000000000006,1.097488998961532,97.57778106454847,0.878532379621422,9.305000000000007,91.79
2026-04-01 08:23:20,0.4533,79.7,1.3311,175.52,0.4155,104.18,Danger,0.7333,0.518054861959619,1.3311,0.8966999999999999,3.064219465424803,117.62335705481203,0.7642940149460908,83.57999999999998,175.52
2026-04-01 08:23:25,0.1587,90.18,0.1352,89.05,0.1605,94.2,Safe,0.15146666666666667,0.014116066496490219,0.1605,-0.024400000000000033,0.8471124867638672,91.14302021469608,0.9992561983175947,3.140000000000015,89.05
2026-04-01 08:23:30,0.3184,287.42,0.2732,250.71,0.2511,302.57,Safe,0.2809,0.03430437289909263,0.3184,-0.011550000000000005,0.9594347342063769,280.48766536790447,0.9290976944200294,44.285,109.28999999999999
2026-04-01 08:23:35,0.3064,94.53,0.2677,116.43,0.2381,67.71,Safe,0.2707333333333333,0.03425088806634557,0.3064,-0.0045499999999999985,0.9832838079566284,92.9416892059869,0.9404495401580463,35.31,116.43
2026-04-01 08:23:40,0.157,87.45,0.1411,118.09,0.1767,123.27,Safe,0.15826666666666667,0.017833769465071966,0.1767,-0.025749999999999995,0.8456646948474987,109.73760767197308,0.962307642520426,12.730000000000018,118.09
2026-04-01 08:23:45,1.1676,98.19,1.1803,33.59,1.2495,114.73,Danger,1.1991333333333334,0.044078604031132146,1.2495,-0.02825000000000011,0.9766240729600985,83.66331322167615,0.8221350223068058,72.87,33.59
2026-04-01 08:23:50,0.1702,100.28,0.1834,75.34,0.227,93.91,Safe,0.19353333333333333,0.029724961452175742,0.227,-0.015199999999999991,0.9234595999013097,89.87498931859369,0.9830238258155025,21.754999999999995,75.34
2026-04-01 08:23:55,0.3,286.31,1.0252,156.11,0.3693,251.65,Danger,0.5648333333333333,0.4001921080347953,1.0252,0.6905499999999999,3.0634900239353833,237.76621506899932,0.592648094620377,112.87,156.11
2026-04-01 08:24:00,0.1101,121.81,0.1126,51.84,0.1131,72.79,Safe,0.11193333333333333,0.0016072751268321607,0.1131,0.0010000000000000009,1.0089515326923595,81.51393925705247,0.8733333931322669,45.45999999999998,51.84
2026-04-01 08:24:05,0.108,297.58,0.1367,260.06,0.1616,266.35,Safe,0.13543333333333332,0.026822440853384935,0.1616,0.001899999999999985,1.0140874325858116,274.51761417379095,0.9594227189439236,21.90500000000003,99.94
2026-04-01 08:24:10,0.3,88.67,1.092,195.69,0.361,68.08,Danger,0.5843333333333334,0.4407088986318899,1.092,0.7615000000000001,3.304074722920657,108.86586140846086,0.5836916982945027,117.315,164.31
2026-04-01 08:24:15,0.4123,265.61,1.3328,168.65,0.3575,278.58,Danger,0.7008666666666666,0.5479558041788893,1.3328,0.9479,3.462708592599136,243.09618841640872,0.668736701589599,103.44499999999996,168.65
2026-04-01 08:24:20,0.2207,261.43,0.1309,305.51,0.14,276.15,Safe,0.1638666666666667,0.049428972610538184,0.2207,-0.04945000000000002,0.7258068987696213,280.90639672010724,0.949515034492235,36.72000000000003,54.49000000000001
2026-04-01 08:24:25,0.963,255.3,1.0562,172.6,1.199,248.31,Danger,1.0727333333333335,0.11886552626112142,1.199,-0.024799999999999933,0.9770573755250922,227.58392186887318,0.7981174933206044,79.20500000000001,172.6
2026-04-01 08:24:30,0.3202,258.64,0.7841,202.62,0.3,280.23,Danger,0.4681,0.2738503423404835,0.7841,0.47400000000000003,2.5285310269879817,248.13980028015493,0.8437099376118719,66.815,157.38
2026-04-01 08:24:35,0.3,291.65,1.0143,175.59,0.3,281.03,Danger,0.5381,0.41240129728214964,1.0143,0.7142999999999999,3.3809887300375667,256.60476022352105,0.6284601708714296,110.74999999999997,175.59
2026-04-01 08:24:40,0.1517,80.31,0.1484,98.19,0.1814,84.47,Safe,0.1605,0.01817498280604414,0.1814,-0.01815,0.8910183667465221,87.64406291276262,0.9911310471028356,15.800000000000011,98.19
2026-04-01 08:24:45,0.3693,74.0,1.3303,206.21,0.3752,101.11,Danger,0.6915999999999999,0.5531382919306889,1.3303,0.9580500000000001,3.573664006275336,118.48046670984067,0.5691668181435251,118.65500000000003,153.79
2026-04-01 08:24:50,0.3,265.38,0.7775,191.75,0.3,236.18,Danger,0.45916666666666667,0.2756847535380463,0.7775,0.4775,2.591658027806574,231.49132424591053,0.8652382380533055,59.02999999999997,168.25
2026-04-01 08:24:55,0.113,72.27,0.0915,116.99,0.0756,123.23,Safe,0.09336666666666667,0.018769745158987463,0.113,-0.002799999999999997,0.9702972396899291,104.5839763449775,0.9230976848892537,19.24000000000001,116.99
2026-04-01 08:25:00,0.2409,250.08,0.2232,299.29,0.1969,258.77,Safe,0.22033333333333335,0.022139632637723092,0.2409,0.004300000000000026,1.0196390148971455,269.05187462183505,0.9311865744982837,44.86500000000004,60.70999999999998
2026-04-01 08:25:05,0.0462,54.26,0.0619,92.15,0.0739,109.96,Safe,0.06066666666666667,0.013891124264555885,0.0739,0.0018500000000000044,1.0307904947461326,85.73341310934974,0.9195159788462399,10.04000000000002,92.15
2026-04-01 08:25:10,0.2509,279.03,0.2729,280.57,0.2454,274.15,Safe,0.2564,0.014551632210855231,0.2729,0.024749999999999966,1.0997336299269396,277.91723205829595,0.9988596616641886,3.980000000000018,79.43
2026-04-01 08:25:15,0.3,94.35,0.834,168.76,0.3,107.41,Danger,0.478,0.30830504374726014,0.834,0.534,2.7799907333642224,122.2825908069247,0.8462129408360571,67.88,168.76
2026-04-01 08:25:20,0.3245,288.06,1.0007,190.43,0.3,270.31,Danger,0.5417333333333333,0.39766551690250096,1.0007,0.6884499999999999,3.2047935795241647,252.59992631459411,0.7446596239799549,88.755,169.57
2026-04-01 08:25:25,0.0734,282.17,0.0847,260.67,0.0853,239.74,Safe,0.08113333333333334,0.006703978918025718,0.0853,0.005349999999999994,1.0674093584201836,260.8555048249962,0.9548167133230734,0.28499999999996817,99.32999999999998
2026-04-01 08:25:30,0.1886,258.98,0.177,248.54,0.1395,279.62,Safe,0.16836666666666666,0.025663268173273114,0.1886,0.01294999999999999,1.0789327709066083,262.3380145833464,0.9747599382422792,20.76000000000002,111.46000000000001
2026-04-01 08:25:35,0.3791,266.41,1.1185,199.46,0.4235,268.41,Danger,0.6403666666666666,0.41467029473225275,1.1185,0.7172000000000001,2.787184681822373,246.0924221589531,0.8498506554095168,67.95000000000002,160.54
2026-04-01 08:25:40,1.0324,30.92,1.0866,18.18,1.1292,7.39,Danger,1.0827333333333333,0.04851570192559655,1.1292,0.005800000000000027,1.00536546505786,18.825387051045706,0.9859628039817628,0.9749999999999943,18.180000000000007
2026-04-01 08:25:45,0.2466,105.86,0.2327,93.44,0.1819,68.81,Safe,0.2204,0.03405862592648153,0.2466,0.018449999999999994,1.0861092830371852,89.44200167677532,0.9642181986465758,6.105000000000018,93.44
2026-04-01 08:25:50,0.1462,59.7,0.1432,110.18,0.2137,86.29,Safe,0.1677,0.03986539853055529,0.2137,-0.036750000000000005,0.7957721824274385,85.42057970680598,0.9362934669441665,37.185,110.18
2026-04-01 08:25:55,0.2397,285.26,0.2661,303.62,0.3005,279.82,Safe,0.26876666666666665,0.030487593104955548,0.3005,-0.0040000000000000036,0.9851870226322746,289.5363591501982,0.9842709467575251,21.08000000000004,56.379999999999995
2026-04-01 08:26:00,0.1686,124.52,0.166,66.9,0.1555,81.6,Safe,0.16336666666666666,0.00693565666201358,0.1686,0.003950000000000009,1.0243688715280992,90.59271661544979,0.9110561669263287,36.15999999999997,66.9
2026-04-01 08:26:05,0.7776,271.06,1.0573,253.3,0.8854,313.84,Danger,0.9067666666666666,0.1410688602538963,1.0573,0.2258,1.271555897106558,278.9892600176295,0.9040803040884602,39.14999999999992,106.69999999999999
2026-04-01 08:26:10,0.4131,64.66,1.3339,176.74,0.4256,73.12,Danger,0.7242000000000001,0.5280526772964986,1.3339,0.9145500000000001,3.180867578710913,98.30825080072402,0.6459681132288754,107.85000000000002,176.74
2026-04-01 08:26:15,0.3,70.39,0.8553,171.02,0.3,102.53,Danger,0.48510000000000003,0.32060260448099914,0.8553,0.5552999999999999,2.8509904966983446,112.7326988314879,0.7496589371621625,84.56,171.02
2026-04-01 08:26:20,0.0937,258.26,0.1357,276.39,0.1249,303.07,Safe,0.1181,0.02181008940834493,0.1357,0.02639999999999998,1.2415256950988551,279.1647563556864,0.9490730976669383,4.274999999999977,83.61000000000001
2026-04-01 08:26:25,0.7518,324.54,0.9553,281.79,0.8093,245.19,Danger,0.8388,0.10490829328513548,0.9553,0.17474999999999996,1.223879029044867,283.65413811007943,0.8461611401560732,3.0749999999999886,78.20999999999998
2026-04-01 08:26:30,0.3,97.25,0.876,180.28,0.3,78.62,Danger,0.492,0.33255375505322443,0.876,0.5760000000000001,2.9199902666991115,115.27282669900458,0.7252351778961347,92.34500000000003,179.72
2026-04-01 08:26:35,0.4833,76.51,1.4835,171.01,0.5163,114.71,Danger,0.8277000000000001,0.5681790914843664,1.4835,0.9837,2.9681813361717966,119.92275047052838,0.7834740618120972,75.39999999999998,171.01
2026-04-01 08:26:40,0.1412,91.17,0.1641,109.86,0.1299,99.02,Safe,0.14506666666666668,0.01742479076871035,0.1641,0.028549999999999992,1.2106144550759492,100.0122306141102,0.9910770173487993,14.764999999999986,109.86
2026-04-01 08:26:45,0.1415,103.73,0.1413,80.63,0.1837,74.82,Safe,0.1555,0.024422121120001025,0.1837,-0.021299999999999986,0.8689983456436308,86.33356158034428,0.976395265854615,8.644999999999982,80.63
2026-04-01 08:26:50,0.3,285.51,0.7764,183.67,0.3246,287.27,Danger,0.467,0.26823042333038954,0.7764,0.46409999999999996,2.4860631249979988,257.6610854540146,0.6764624900872244,102.72,176.33
2026-04-01 08:26:55,0.7925,287.01,0.944,235.81,1.0299,277.41,Danger,0.9221333333333334,0.12020109539157012,1.0299,0.03279999999999994,1.035995351190352,267.1030438670922,0.9262106718516517,46.400000000000034,124.19
2026-04-01 08:27:00,0.3,246.52,1.0806,173.89,0.3307,296.55,Danger,0.5704333333333333,0.4420838645928319,1.0806,0.76525,3.426657914514303,240.9870734647909,0.6500042444923334,97.64500000000004,173.89
2026-04-01 08:27:05,0.4246,87.53,1.2999,176.44,0.3834,110.56,Danger,0.7026333333333333,0.517658152967123,1.2999,0.8959,3.21756629315274,123.18100896653017,0.795539252055435,77.39499999999998,176.44
2026-04-01 08:27:10,0.2314,259.69,0.2129,277.01,0.293,279.78,Safe,0.2457666666666667,0.04193808929044494,0.293,-0.04929999999999998,0.8119724943840795,272.18361036487937,0.9879994077543129,7.274999999999977,82.99000000000001
2026-04-01 08:27:15,0.3454,80.42,1.1759,189.32,0.4036,71.94,Danger,0.6416333333333333,0.4636026998770966,1.1759,0.8013999999999999,3.139911508914529,106.04280302804676,0.615586464620069,113.13999999999999,170.68
2026-04-01 08:27:20,0.9468,234.49,0.9614,309.47,0.9572,207.3,Danger,0.9551333333333334,0.00751620471603414,0.9614,0.009400000000000075,1.0098728887889825,247.8145663928091,0.736031301521097,88.57500000000005,50.52999999999997
2026-04-01 08:27:25,0.9843,279.71,0.8956,285.73,0.9609,226.41,Danger,0.9469333333333333,0.04596980893296527,0.9843,-0.07699999999999996,0.9208298161322064,264.66162638475777,0.8947194763583252,32.670000000000016,74.26999999999998
2026-04-01 08:27:30,0.01,221.88,0.1077,272.75,0.0792,298.18,Safe,0.06563333333333334,0.05024304263610369,0.1077,0.0631,2.414744064034439,264.96849152602124,0.8525818022806916,12.720000000000027,87.25
2026-04-01 08:27:35,0.1502,113.21,0.0593,57.33,0.1198,95.05,Safe,0.10976666666666667,0.046273138356214105,0.1502,-0.07570000000000002,0.43925600551107025,88.80162461509462,0.9191938376715382,46.80000000000001,57.33
2026-04-01 08:27:40,0.3,73.74,0.5252,159.02,0.3,118.13,Danger,0.37506666666666666,0.13001928062150372,0.5252,0.2252,1.7506608311305631,117.08813151829705,0.8236570092826262,63.08500000000001,159.02
2026-04-01 08:27:45,0.2074,293.08,0.2563,253.21,0.2219,262.62,Safe,0.22853333333333334,0.025115798480903062,0.2563,0.041649999999999965,1.1940312414104755,269.49480105258147,0.956385304590226,24.639999999999958,106.78999999999999
2026-04-01 08:27:50,0.0721,100.89,0.0817,91.1,0.0228,105.59,Safe,0.05886666666666666,0.03160131853789226,0.0817,0.034249999999999996,1.721776148026385,99.19781141342922,0.9944586805159897,12.140000000000015,91.1
2026-04-01 08:27:55,0.4517,263.98,1.431,153.43,0.4806,290.11,Danger,0.7877666666666667,0.5572437916507759,1.431,0.96485,3.0698207233278487,246.20207865420588,0.5414464444658911,123.61500000000001,153.43
2026-04-01 08:28:00,0.3,105.36,0.5839,187.19,0.3,105.71,Danger,0.39463333333333334,0.16390974142293474,0.5839,0.2839,1.9463268455771816,130.29593378704348,0.7874355909571695,81.65499999999997,172.81
2026-04-01 08:28:05,0.0885,74.21,0.0768,98.51,0.1114,71.36,Safe,0.09223333333333333,0.01759952650878237,0.1114,-0.023150000000000004,0.7683765044871986,81.29667269199159,0.9775230979898623,25.725000000000023,98.51
2026-04-01 08:28:10,0.3609,113.65,1.0822,170.74,0.3186,103.97,Danger,0.5872333333333334,0.4291751662588754,1.0822,0.74245,3.1852739211952286,128.5170483197266,0.8722265658287224,61.93000000000001,170.74
2026-04-01 08:28:15,0.209,233.15,0.144,275.47,0.18,301.34,Safe,0.17766666666666664,0.03256275991578929,0.209,-0.05050000000000002,0.7403560907141865,270.33986594986317,0.8832657043286722,8.225000000000023,84.52999999999997
2026-04-01 08:28:20,0.668,154.04,0.6479,150.25,0.6644,223.57,Danger,0.6601,0.010717742299570366,0.668,-0.018299999999999983,0.9725293117242394,174.3910366514245,0.8346065037106993,38.55499999999995,150.25
2026-04-01 08:28:25,0.1755,100.25,0.2238,74.32,0.236,76.19,Safe,0.21176666666666666,0.0319947391508875,0.236,0.01805000000000001,1.0877225384080758,83.52774304081663,0.9788786565272263,13.900000000000006,74.32
2026-04-01 08:28:30,0.0594,95.01,0.053,88.22,0.1276,76.23,Safe,0.08,0.04134682575482669,0.1276,-0.0405,0.5668388573384242,86.49441308461545,0.9908393440842647,2.5999999999999943,88.22
2026-04-01 08:28:35,0.5712,71.88,0.5859,93.05,0.4944,18.75,Danger,0.5505,0.04913684971587006,0.5859,0.053099999999999925,1.099660098235551,62.048777430290606,0.85675290028969,47.735000000000014,93.05
2026-04-01 08:28:40,0.2361,280.04,0.1764,278.21,0.2519,287.61,Safe,0.22146666666666667,0.039820388412637735,0.2519,-0.0676,0.7229478567710789,281.95127253599554,0.9974798011864102,5.615000000000066,81.79000000000002
2026-04-01 08:28:45,0.2819,117.29,0.2906,97.77,0.2282,84.63,Safe,0.26689999999999997,0.03379630157280528,0.2906,0.035550000000000026,1.1393799671438263,99.8673953444921,0.972765832996577,3.1899999999999977,97.77
2026-04-01 08:28:50,1.2381,264.77,1.3154,225.47,1.3881,308.75,Danger,1.3138666666666665,0.07501175463441263,1.3881,0.0022999999999999687,1.0017508173400218,266.17203071764817,0.8313897147002381,61.28999999999999,134.53
2026-04-01 08:28:55,0.2887,106.9,0.2248,88.47,0.2072,87.05,Safe,0.24023333333333338,0.042885933979958206,0.2887,-0.023150000000000004,0.9066307455908627,94.11371213589358,0.9875883436939114,8.504999999999995,88.47
2026-04-01 08:29:00,0.3196,78.22,1.0818,163.72,0.3478,63.26,Danger,0.5830666666666667,0.4321458241535297,1.0818,0.7481000000000001,3.2418242678325813,98.08655333339533,0.7246480121295448,92.98000000000002,163.72
2026-04-01 08:29:05,0.1212,291.56,0.1055,287.38,0.1686,260.89,Safe,0.13176666666666667,0.03285031709638939,0.1686,-0.039400000000000004,0.7280833120544371,280.02869601272454,0.9721078676958583,11.154999999999973,72.62
2026-04-01 08:29:10,0.2575,281.89,0.2467,305.66,0.2549,265.05,Safe,0.25303333333333333,0.0056367839530474615,0.2575,-0.00949999999999998,0.9629158356134443,284.15022916391325,0.958174889450585,32.190000000000055,54.339999999999975
2026-04-01 08:29:15,0.534,69.29,1.6084,194.7,0.4726,78.92,Danger,0.8716666666666667,0.6387679495194898,1.6084,1.1051,3.1957019755573697,104.22106269606532,0.57185241870837,120.59500000000003,165.3
2026-04-01 08:29:20,0.0597,265.48,0.1469,295.69,0.073,283.78,Safe,0.0932,0.04697861215489449,0.1469,0.08055000000000001,2.213983210501726,281.67499067212793,0.9766251929383519,21.060000000000002,64.31
2026-04-01 08:29:25,0.853,128.4,1.0749,169.13,0.957,166.37,Danger,0.9616333333333333,0.11102253524998126,1.0749,0.16989999999999994,1.1877334942171334,154.8692188271477,0.9480935018399842,21.744999999999976,169.13
2026-04-01 08:29:30,0.4711,82.53,1.4671,193.22,0.4185,95.33,Danger,0.7855666666666666,0.5908108439537424,1.4671,1.0223,3.2983289156274385,118.03488306441224,0.6640893705354391,104.28999999999996,166.78
2026-04-01 08:29:35,0.01,98.09,0.0723,107.99,0.0795,104.89,Safe,0.05393333333333333,0.03821731719173042,0.0795,0.027550000000000005,1.6156063551652478,103.65818005401579,0.9973978928065795,6.5,107.99
2026-04-01 08:29:40,0.3771,102.47,1.2133,181.49,0.4148,94.31,Danger,0.6684,0.4722735753776618,1.2133,0.81735,3.0642680533702404,123.5341247497152,0.7788225173133912,83.10000000000002,178.51
2026-04-01 08:29:45,0.2912,69.27,0.2972,63.79,0.2637,78.96,Safe,0.28403333333333336,0.0178629038326173,0.2972,0.019750000000000045,1.071180136312358,70.66925109418109,0.9940172253525417,10.324999999999989,63.78999999999999
2026-04-01 08:29:50,0.4745,105.21,1.5545,194.25,0.403,96.44,Danger,0.8106666666666666,0.6451698096883745,1.5545,1.11575,3.543011867779219,128.12017398930215,0.7255915958044374,93.42500000000001,165.75
2026-04-01 08:29:55,0.1724,273.58,0.1667,292.47,0.1718,283.54,Safe,0.17029999999999998,0.003132091952673174,0.1724,-0.005400000000000016,0.9686172654429666,283.19823176620935,0.9909534516657553,13.910000000000025,67.52999999999997
2026-04-01 08:30:00,0.8599,59.35,0.7045,121.43,0.8943,66.78,Danger,0.8195666666666667,0.10112414812166938,0.8943,-0.17259999999999998,0.803214225043638,81.73095142542496,0.8867432906800076,58.36500000000001,121.43
2026-04-01 08:30:05,1.484,331.57,1.1891,15.28,1.4751,315.46,Danger,1.3827333333333334,0.1677504197709601,1.484,-0.2904500000000001,0.8036897680444945,340.3300983115215,0.905083853614213,51.764999999999986,15.280000000000001
2026-04-01 08:30:10,0.3,277.89,0.5923,184.53,0.3,259.75,Danger,0.39743333333333336,0.16875948368412766,0.5923,0.29230000000000006,1.9743267522441597,243.19505169005924,0.7669271163382186,84.28999999999999,175.47
2026-04-01 08:30:15,0.1439,252.36,0.1845,228.91,0.1305,317.06,Safe,0.15296666666666667,0.028118558521612252,0.1845,0.04730000000000001,1.3447423852595828,264.5408015919836,0.7995899704460274,55.80000000000004,131.09
2026-04-01 08:30:20,0.1851,291.57,0.1733,253.96,0.1659,220.9,Safe,0.17476666666666665,0.009683663218706713,0.1851,-0.0021999999999999797,0.9874587609187413,255.37053050171315,0.877026722614372,2.2750000000000057,106.03999999999999
2026-04-01 08:30:25,0.048,110.43,0.0886,93.68,0.054,81.71,Safe,0.06353333333333333,0.021914683053453756,0.0886,0.037599999999999995,1.737220838807082,95.25643627909439,0.978979760363332,2.3899999999999864,93.68
2026-04-01 08:30:30,0.4485,235.04,1.4582,193.58,0.4252,264.98,Danger,0.7773,0.589791768338623,1.4582,1.02135,3.337980226667674,231.47443741938292,0.873680080172701,56.42999999999998,166.42
2026-04-01 08:30:35,0.1793,130.77,0.2135,109.99,0.1405,111.1,Safe,0.17776666666666666,0.036524147263602647,0.2135,0.05360000000000001,1.335201155715099,117.25544024591473,0.9861720426732057,10.944999999999993,109.99
2026-04-01 08:30:40,0.8347,198.41,0.7772,246.96,0.5445,214.18,Danger,0.7187999999999999,0.15366173889423484,0.8347,0.08760000000000001,1.1270285280908816,219.67451142710243,0.9386849288202674,40.66500000000002,113.03999999999999
2026-04-01 08:30:45,0.3,81.85,1.0673,154.56,0.3,97.17,Danger,0.5557666666666666,0.4430008615491998,1.0673,0.7672999999999999,3.5576548078173076,110.17428282255132,0.8564255556232152,65.05000000000001,154.56
2026-04-01 08:30:50,0.0933,58.47,0.1192,72.46,0.0891,67.7,Safe,0.10053333333333332,0.016301635909728,0.1192,0.027999999999999997,1.3070032126840714,66.21367355785384,0.9948692136894982,9.375,72.46
2026-04-01 08:30:55,0.2333,58.09,0.1729,104.03,0.1586,105.87,Safe,0.18826666666666667,0.039650010508615684,0.2333,-0.023050000000000015,0.8823634480048583,89.73832258786855,0.9269873313574477,22.05000000000001,104.03
2026-04-01 08:31:00,0.4307,262.67,1.4008,197.4,0.3836,297.24,Danger,0.7383666666666667,0.5741672607640855,1.4008,0.99365,3.440492593656899,254.02403513469002,0.7558481455545109,82.55499999999998,162.6
2026-04-01 08:31:05,0.392,267.06,1.4862,173.06,0.426,279.1,Danger,0.7680666666666668,0.6221540109436998,1.4862,1.0772,3.6337319468656553,244.5972153376117,0.6883050620564629,100.02000000000004,173.06
2026-04-01 08:31:10,0.3054,119.6,0.2813,121.26,0.2546,101.11,Safe,0.2804333333333333,0.025411086819208138,0.3054,0.0012999999999999678,1.0046392691454673,114.01692598367762,0.9873368605880978,10.90500000000003,121.26
2026-04-01 08:31:15,0.5851,110.49,1.5492,203.38,0.4124,76.42,Danger,0.8488999999999999,0.6125939846260327,1.5492,1.0504499999999999,3.106159185645743,124.34530319105765,0.6104056606195191,109.92500000000001,156.62
2026-04-01 08:31:20,0.0599,55.94,0.0502,53.21,0.0272,95.73,Safe,0.04576666666666667,0.01679474124043992,0.0599,0.006650000000000003,1.152671580445914,68.02212247380925,0.9433158740073604,22.625,53.21000000000001
2026-04-01 08:31:25,0.56,2.72,0.4689,323.8,0.6152,297.85,Danger,0.5480333333333334,0.07388046652081545,0.6152,-0.11870000000000003,0.797990473127173,327.8732553158581,0.894659919864813,6.485000000000014,36.19999999999999
2026-04-01 08:31:30,0.2859,88.27,0.2442,76.12,0.2873,92.2,Safe,0.2724666666666667,0.02448965768101574,0.2873,-0.042399999999999965,0.8520556453047967,85.5387780702854,0.992877340954685,14.115000000000009,76.12
2026-04-01 08:31:35,0.4494,256.48,1.4108,176.47,0.4687,251.15,Danger,0.7763,0.5495778470790103,1.4108,0.9517500000000001,3.0732968667969356,230.0598006358205,0.8073774028918318,77.345,176.47
2026-04-01 08:31:40,0.1087,119.44,0.1278,97.73,0.186,106.76,Safe,0.14083333333333334,0.04026441770761541,0.186,-0.019550000000000012,0.8673168149520532,107.96934486536928,0.9879592373538624,15.370000000000005,97.73
2026-04-01 08:31:45,0.8743,0.82,0.742,30.24,1.0698,305.7,Danger,0.8953666666666665,0.1649122898189621,1.0698,-0.2300500000000001,0.7633344340986223,353.14648018950254,0.8216585886649547,56.98000000000002,30.24000000000001
2026-04-01 08:31:50,0.2403,263.61,0.2218,269.96,0.1853,301.36,Safe,0.2158,0.02798660393831307,0.2403,0.009000000000000008,1.042288335111207,278.16175659205373,0.9589467818350047,12.525000000000034,90.04000000000002
2026-04-01 08:31:55,0.0582,59.77,0.0642,133.77,0.046,85.33,Safe,0.056133333333333334,0.009274337352788785,0.0642,0.012099999999999993,1.2322220302873264,92.36953097104524,0.8616747652143332,61.22000000000003,133.77
2026-04-01 08:32:00,0.1724,290.96,0.1314,297.85,0.119,293.51,Safe,0.14093333333333333,0.02794733141703038,0.1724,-0.014300000000000007,0.901846933102724,294.1063095204861,0.9987681986904332,5.615000000000009,62.14999999999998
2026-04-01 08:32:05,0.3811,274.55,1.2601,191.2,0.3585,262.76,Danger,0.6665666666666666,0.5141391381069266,1.2601,0.8903,3.4075083626058342,244.79229838151832,0.8042965806540385,77.45499999999998,168.8
2026-04-01 08:32:10,0.468,125.71,1.4749,177.24,0.4585,100.11,Danger,0.8004666666666668,0.5840957141884654,1.4749,1.01165,3.1838031650228493,133.62387519047607,0.8494020127542861,64.33000000000001,177.24
2026-04-01 08:32:15,0.145,306.04,0.1755,262.38,0.1498,244.61,Safe,0.15676666666666667,0.016400101625701387,0.1755,0.028100000000000014,1.1906296429467915,270.57162901336113,0.9011068135033089,12.94500000000005,97.62
2026-04-01 08:32:20,0.2174,94.06,0.2118,89.92,0.1592,85.02,Safe,0.19613333333333335,0.03210752767394794,0.2174,0.023499999999999965,1.1247948762884954,89.6669296385097,0.9979217080707115,0.37999999999999545,89.92
2026-04-01 08:32:25,0.1745,97.41,0.1271,111.58,0.2197,66.87,Safe,0.17376666666666665,0.04630435544668918,0.2197,-0.07,0.6448470581072647,92.09534809747494,0.9476901719485145,29.439999999999998,111.58
2026-04-01 08:32:30,1.3634,348.21,1.0983,19.54,1.1882,2.24,Danger,1.2166333333333332,0.1348178153410495,1.3634,-0.17749999999999977,0.8608709352007095,3.3161778005301636,0.9751485831191978,24.315000000000055,19.539999999999992
2026-04-01 08:32:35,0.5459,150.12,0.6722,167.26,0.5665,214.99,Danger,0.5948666666666668,0.06776004230616546,0.6722,0.11599999999999999,1.2085558997556638,176.8758303665903,0.8885551534995961,15.295000000000016,167.26
2026-04-01 08:32:40,0.2122,268.37,0.2628,269.63,0.2696,257.04,Safe,0.24819999999999998,0.03136176015468519,0.2696,0.021899999999999975,1.0909045624551164,265.0196294497789,0.9951242191203029,6.9249999999999545,90.37
2026-04-01 08:32:45,0.3,118.06,1.0178,160.81,0.3651,67.52,Danger,0.5609666666666667,0.39696602289532706,1.0178,0.68525,3.0605831887439825,115.80624414896644,0.7905654933302044,68.01999999999998,160.81
2026-04-01 08:32:50,0.5892,358.38,0.6934,287.42,0.8033,54.14,Danger,0.6953,0.10706264521297802,0.8033,-0.002850000000000019,0.9959052123443988,354.7871219921746,0.6308695657574185,98.83999999999997,72.57999999999998
2026-04-01 08:32:55,0.3077,236.37,0.941,176.41,0.3,265.54,Danger,0.5162333333333333,0.36787887046327267,0.941,0.63715,3.096912631520055,227.31576980908363,0.8012442628276708,74.54499999999999,176.41
2026-04-01 08:33:00,0.1441,78.48,0.1551,65.29,0.0938,79.22,Safe,0.131,0.03268225818391379,0.1551,0.03614999999999999,1.3038982438146798,74.33935760340152,0.9937723755816059,13.560000000000002,65.29
2026-04-01 08:33:05,0.2147,277.77,0.2109,270.53,0.1899,284.67,Safe,0.20516666666666664,0.013357145403615742,0.2147,0.008599999999999997,1.0425059688286267,277.6569553543784,0.994930037290095,10.689999999999998,89.47000000000003
2026-04-01 08:33:10,0.241,273.16,0.2557,298.11,0.2451,279.68,Safe,0.24726666666666666,0.0075857322213042306,0.2557,0.012649999999999995,1.0520425754265565,283.6190324682021,0.9830699233414029,21.689999999999998,61.889999999999986
2026-04-01 08:33:15,0.3,100.13,0.8547,164.67,0.3,73.55,Danger,0.48490000000000005,0.32025619431948543,0.8547,0.5547,2.8489905033649894,111.21695437876703,0.7894646435781679,77.82999999999998,164.67
2026-04-01 08:33:20,0.1138,66.07,0.0914,94.15,0.141,81.52,Safe,0.11539999999999999,0.024838679514016034,0.141,-0.03599999999999999,0.7174198004725238,80.58954032295993,0.9800177924463689,20.355000000000018,94.15
2026-04-01 08:33:25,0.9005,157.44,0.784,236.62,0.7053,289.25,Danger,0.7966000000000001,0.09820809538933128,0.9005,-0.018899999999999917,0.9764591151337463,230.65598811269027,0.6014836134935081,13.275000000000006,123.38
2026-04-01 08:33:30,0.3211,90.73,1.0743,184.11,0.3361,89.58,Danger,0.5771666666666667,0.4305954172228652,1.0743,0.7457,3.2693144573510127,117.47826512685894,0.7244706251714714,93.95500000000004,175.89
2026-04-01 08:33:35,0.728,64.88,0.6077,251.6,0.6652,190.26,Danger,0.6669666666666667,0.06016945515237221,0.728,-0.08889999999999998,0.8723788797317259,194.20771366133053,0.30091879668072896,124.02999999999997,108.4
2026-04-01 08:33:40,0.3863,87.84,1.3188,158.18,0.4466,106.06,Danger,0.7172333333333333,0.5218437154295655,1.3188,0.90235,3.166759114517675,116.59124326168273,0.8692666889672082,61.22999999999999,158.18
2026-04-01 08:33:45,0.4394,47.06,1.387,158.56,0.3919,43.64,Danger,0.7394333333333334,0.5613118592487899,1.387,0.9713499999999999,3.3369341105879693,75.14651571367978,0.6165072645789204,113.21000000000004,158.56
2026-04-01 08:33:50,0.2204,75.93,0.1988,87.34,0.1889,112.51,Safe,0.20270000000000002,0.01610807251039056,0.2204,-0.005849999999999994,0.9714098636214824,91.84789547683434,0.9647466075995762,6.8799999999999955,87.34
2026-04-01 08:33:55,1.3236,217.95,1.2609,128.32,1.3252,236.76,Danger,1.3032333333333332,0.03667046949976695,1.3252,-0.06350000000000011,0.952053041337178,198.8174244018057,0.6890797845560024,99.035,128.32
2026-04-01 08:34:00,0.0874,247.87,0.1573,289.33,0.1749,256.47,Safe,0.13986666666666667,0.0462817818729285,0.1749,0.026150000000000007,1.1993808663296506,264.3805435149292,0.9519772852728552,37.15999999999997,70.67000000000002
2026-04-01 08:34:05,0.3,275.08,0.6206,193.93,0.3,245.07,Danger,0.4068666666666667,0.18509849630219405,0.6206,0.32060000000000005,2.068659771134097,238.69597806963327,0.8362888765192891,66.14499999999998,166.07
2026-04-01 08:34:10,0.7696,213.42,0.6471,192.04,0.8571,242.83,Danger,0.7579333333333333,0.10548499103347987,0.8571,-0.16625,0.7955974726778475,216.00473429065997,0.9350550536984145,36.08499999999998,167.96
2026-04-01 08:34:15,0.2356,256.55,0.1587,293.84,0.1654,258.15,Safe,0.18656666666666666,0.042596048330019225,0.2356,-0.041800000000000004,0.7915172492905272,269.32504314096025,0.9553794720638191,36.49000000000001,66.16000000000003
2026-04-01 08:34:20,0.3,99.5,1.146,169.22,0.4126,105.67,Danger,0.6195333333333334,0.45939640108879093,1.146,0.7896999999999998,3.2163816548367814,123.567182136619,0.8545606131832209,66.63499999999999,169.22
2026-04-01 08:34:25,0.2285,281.17,0.1936,253.89,0.2017,281.93,Safe,0.20793333333333333,0.01826590631020902,0.2285,-0.02150000000000002,0.9000423057075513,272.411021237892,0.9742585705066918,27.660000000000025,106.11000000000001
2026-04-01 08:34:30,0.0514,85.13,0.0222,74.4,0.0841,111.64,Safe,0.05256666666666667,0.030966487261769506,0.0841,-0.04555000000000001,0.32767044028870423,90.29665326192035,0.9630368116817881,23.985000000000014,74.4
2026-04-01 08:34:35,0.1019,304.47,0.1079,306.01,0.0605,256.76,Safe,0.0901,0.02580930064918459,0.1079,0.0267,1.328801369441263,289.53455737082504,0.9219884275187441,25.394999999999982,53.99000000000001
2026-04-01 08:34:40,0.3072,97.93,0.2356,118.07,0.3198,98.67,Safe,0.2875333333333333,0.04541468191381871,0.3198,-0.0779,0.7515127543452813,104.86074159572964,0.9868010447223439,19.769999999999982,118.07
2026-04-01 08:34:45,0.2106,49.76,0.2091,94.44,0.1972,80.43,Safe,0.20563333333333333,0.007341888948583567,0.2106,0.00520000000000001,1.0254976679859344,75.02092377705777,0.9476776201923031,29.345,94.44
2026-04-01 08:34:50,0.3759,107.46,1.1674,184.91,0.3,79.5,Danger,0.6144333333333333,0.480384536942368,1.1674,0.82945,3.454346931951674,121.03606328103398,0.7203150948203705,91.43,175.09
2026-04-01 08:34:55,0.0573,104.9,0.0933,70.07,0.0328,65.35,Safe,0.061133333333333324,0.030431617330226354,0.0933,0.048249999999999994,2.0709862156222947,79.91338546914984,0.9531850936621413,15.055000000000007,70.07
2026-04-01 08:35:00,0.0629,253.46,0.0598,248.61,0.0395,231.27,Safe,0.05406666666666667,0.012709969839985196,0.0629,0.008600000000000003,1.1679459385558877,244.4720329732763,0.9862283861614581,6.2450000000000045,111.38999999999999
2026-04-01 08:35:05,0.3331,95.55,1.1051,184.59,0.3,140.98,Danger,0.5794,0.45557026900358627,1.1051,0.78855,3.4910646309757354,140.4450996467871,0.8086457824670344,66.32499999999999,175.41
2026-04-01 08:35:10,0.1768,93.49,0.1554,78.51,0.206,107.43,Safe,0.1794,0.02539999999999999,0.206,-0.036000000000000004,0.8119079837618403,93.14707234063343,0.9788724151166062,21.94999999999999,78.51
2026-04-01 08:35:15,0.0868,286.18,0.1424,271.58,0.1139,305.53,Safe,0.11436666666666667,0.0278029374946845,0.1424,0.042050000000000004,1.4190192424589692,287.73969944994843,0.970766773591903,24.274999999999977,88.42000000000002
2026-04-01 08:35:20,0.1189,85.19,0.1417,63.39,0.0984,46.44,Safe,0.11966666666666666,0.021660178515730964,0.1417,0.033049999999999996,1.3041757554003184,64.97500096252998,0.9620498767637274,2.4250000000000114,63.39
2026-04-01 08:35:25,0.1203,265.61,0.0955,249.48,0.1355,277.63,Safe,0.1171,0.020191087142598343,0.1355,-0.03240000000000001,0.7466712535476657,264.253958328169,0.9798440104759778,22.140000000000015,110.52000000000001
2026-04-01 08:35:30,0.1369,92.21,0.1536,54.62,0.1884,97.33,Safe,0.15963333333333332,0.026274766094740668,0.1884,-0.00905000000000003,0.9443532471365068,81.6312659167125,0.945539507281972,40.150000000000006,54.620000000000005
2026-04-01 08:35:35,0.2616,78.67,0.2667,110.97,0.2659,123.11,Safe,0.2647333333333333,0.002742869543622764,0.2667,0.0029499999999999527,1.0111810002616104,104.42146462833021,0.9471457166725962,10.079999999999984,110.97
2026-04-01 08:35:40,0.2998,81.42,0.3259,64.19,0.2393,98.59,Safe,0.28833333333333333,0.04442413007964628,0.3259,0.05635000000000001,1.2090476384802877,81.40030730631999,0.9701855447545417,25.814999999999998,64.19
2026-04-01 08:35:45,0.0658,241.03,0.0338,275.72,0.0695,220.03,Safe,0.05636666666666667,0.019630673277637053,0.0695,-0.033850000000000005,0.4996230654387961,245.4035225594321,0.9212906447818652,45.190000000000026,84.27999999999997
2026-04-01 08:35:50,1.3788,9.15,1.3118,1.3,1.1205,92.03,Danger,1.2703666666666666,0.13404202077458147,1.3788,0.06215000000000015,1.0497330854774656,31.18176730660872,0.7603853304765272,49.29000000000002,1.3000000000000114
2026-04-01 08:35:55,0.1752,267.87,0.192,247.39,0.1916,282.45,Safe,0.18626666666666666,0.00958610104960997,0.192,0.008599999999999997,1.0468863310450869,265.93465863684463,0.9687497584637036,27.769999999999982,112.61000000000001
2026-04-01 08:36:00,0.3,90.23,0.8329,189.06,0.3,134.19,Danger,0.47763333333333335,0.3076699584511515,0.8329,0.5328999999999999,2.776324078919737,137.27471225356717,0.7661962169580502,76.85000000000002,170.94
2026-04-01 08:36:05,0.1403,305.42,0.2339,263.51,0.1432,280.97,Safe,0.17246666666666666,0.05322258292617273,0.2339,0.09215000000000001,1.6500765426698931,283.24641212214345,0.9555038739568827,29.68500000000006,96.49000000000001
2026-04-01 08:36:10,0.1652,80.9,0.2182,98.53,0.1989,81.15,Safe,0.19410000000000002,0.02682405636737292,0.2182,0.036150000000000015,1.1985652372137479,86.83967891805594,0.9896539633923669,17.504999999999995,98.53
2026-04-01 08:36:15,0.1773,289.22,0.153,236.96,0.1365,305.32,Safe,0.15560000000000002,0.02052388852045343,0.1773,-0.0039000000000000146,0.9751371884181744,277.9334077526437,0.8745325091302718,60.309999999999974,123.03999999999999
2026-04-01 08:36:20,0.1845,239.05,0.1964,284.21,0.1884,269.44,Safe,0.18976666666666667,0.006066575090883922,0.1964,0.009949999999999987,1.053359863985712,264.37189664081694,0.9468882833096424,29.965000000000003,75.79000000000002
2026-04-01 08:36:25,0.4164,293.92,1.3667,181.79,0.3924,269.52,Danger,0.7251666666666666,0.5557137422570485,1.3667,0.9623,3.379566321547178,252.79318319556296,0.6788197158954525,99.93000000000004,178.21
2026-04-01 08:36:30,0.3,100.65,0.7256,148.94,0.3,67.5,Danger,0.4418666666666667,0.24572027456710474,0.7256,0.42560000000000003,2.418658604471319,105.21211590737911,0.8368522392062577,64.86500000000001,148.94
2026-04-01 08:36:35,0.1484,229.01,0.1362,251.62,0.1178,260.0,Safe,0.13413333333333333,0.015404328396049383,0.1484,0.0030999999999999917,1.0232830707507832,246.93425658632702,0.9740777489961017,7.115000000000009,108.38
2026-04-01 08:36:40,0.1947,246.44,0.1845,260.95,0.1822,221.52,Safe,0.18713333333333335,0.006653069467045525,0.1947,-0.003950000000000009,0.9790343378384831,243.0400614693096,0.9600233838999676,26.970000000000027,99.05000000000001
2026-04-01 08:36:45,0.3,240.36,0.7114,182.01,0.3,291.24,Danger,0.4371333333333334,0.23752190074461207,0.7114,0.41140000000000004,2.3713254289152372,238.35561234097764,0.7189984643281658,83.79000000000002,177.99
2026-04-01 08:36:50,0.3077,283.41,0.9278,185.61,0.3466,252.97,Danger,0.5273666666666667,0.3473304526432045,0.9278,0.6006499999999999,2.835999278620576,242.47417692102846,0.7617792564014533,82.57999999999998,174.39
2026-04-01 08:36:55,0.1126,76.49,0.0956,87.42,0.1568,61.79,Safe,0.12166666666666666,0.03159134902680373,0.1568,-0.03909999999999998,0.7097200466217772,75.24391895065878,0.9832749682062855,18.28,87.42
2026-04-01 08:37:00,0.4926,110.29,1.4492,184.88,0.4516,56.02,Danger,0.7978,0.5645013020356995,1.4492,0.9771000000000001,3.069682123105014,114.99611993307853,0.6186492685536932,101.72500000000002,175.12
2026-04-01 08:37:05,0.0477,115.5,0.01,86.34,0.0927,103.02,Safe,0.050133333333333335,0.041403663283981686,0.0927,-0.0602,0.1424481132747397,101.63532406796678,0.9783837804552401,22.919999999999987,86.34
2026-04-01 08:37:10,0.3,83.56,0.8064,165.6,0.3248,56.73,Danger,0.4770666666666667,0.2854804605105809,0.8064,0.494,2.581297755128825,98.4246281340361,0.7003823308366883,95.45499999999998,165.6
2026-04-01 08:37:15,1.1594,295.96,1.3342,316.33,1.1321,335.35,Danger,1.2085666666666668,0.1096545636685192,1.3342,0.18845,1.164476400195156,315.8891300367698,0.9609848639429306,0.6750000000000114,43.670000000000016
2026-04-01 08:37:20,0.1063,249.46,0.1825,287.45,0.1151,291.32,Safe,0.13463333333333333,0.04168660856118345,0.1825,0.0718,1.6485849269654294,276.3208633397201,0.9464102410319483,17.060000000000002,72.55000000000001
2026-04-01 08:37:25,0.5639,76.93,0.5668,108.11,0.6367,109.35,Danger,0.5891333333333334,0.041219453336177776,0.6367,-0.033500000000000085,0.9441929965134156,98.25369424190983,0.9660287191593012,14.969999999999999,108.11
2026-04-01 08:37:30,0.3,232.95,0.9622,159.8,0.3509,261.19,Danger,0.5377,0.368507652566402,0.9622,0.63675,2.9565126547467977,220.3836719101379,0.7413732292209825,87.26999999999998,159.8
2026-04-01 08:37:35,0.0177,273.52,0.0587,257.89,0.0736,269.36,Safe,0.049999999999999996,0.028947711481220755,0.0736,0.013050000000000006,1.2858425883332238,266.93074206883455,0.9933574887299524,13.550000000000011,102.11000000000001
2026-04-01 08:37:40,0.3,87.89,0.7647,188.91,0.3,94.53,Danger,0.4549,0.26829467009241914,0.7647,0.46470000000000006,2.548991503361656,119.22416660356282,0.7032890443550373,97.69999999999999,171.09
2026-04-01 08:37:45,0.2446,264.92,0.2407,282.87,0.2539,292.82,Safe,0.24640000000000004,0.006781592733274397,0.2539,-0.00855000000000003,0.9656932168777657,280.2298422202133,0.9798016088351774,4.0,77.13
2026-04-01 08:37:50,0.0722,105.05,0.1159,67.58,0.1047,113.39,Safe,0.0976,0.022698678375623546,0.1159,0.027450000000000002,1.3103300132276627,95.59870494196257,0.9404652175376098,41.640000000000015,67.58
2026-04-01 08:37:55,0.2429,58.05,0.3434,117.8,0.2919,101.16,Safe,0.29273333333333335,0.05025518215401604,0.3434,0.07600000000000001,1.2842135968077908,92.75812137113002,0.9057765093018321,38.19499999999999,117.8
2026-04-01 08:38:00,0.2132,93.08,0.2079,76.57,0.1696,131.11,Safe,0.1969,0.023790544340136482,0.2132,0.016499999999999987,1.0862012215192187,99.97040451399978,0.9221463960222489,35.525000000000006,76.57
2026-04-01 08:38:05,0.1912,135.77,0.2646,107.54,0.2522,103.47,Safe,0.236,0.039290202341041705,0.2646,0.042899999999999994,1.1934993527318325,115.49091179685922,0.9688246968667884,12.080000000000013,107.54
2026-04-01 08:38:10,0.0915,104.3,0.0576,90.86,0.0795,84.87,Safe,0.0762,0.017189240820932143,0.0915,-0.027899999999999994,0.6736763312709794,93.33153945981782,0.9899722312584577,3.7250000000000227,90.86
2026-04-01 08:38:15,0.0469,96.2,0.1363,88.39,0.0363,111.87,Safe,0.07316666666666667,0.05493135109692218,0.1363,0.0947,3.2763635489531504,98.80169580049005,0.9855350094981006,15.64500000000001,88.39
2026-04-01 08:38:20,0.187,83.31,0.1887,80.34,0.2321,63.84,Safe,0.2026,0.025561885689440046,0.2321,-0.020850000000000007,0.9004967764410573,75.85070870694,0.9888593517006085,6.764999999999986,80.34
2026-04-01 08:38:25,0.2214,284.17,0.1491,268.33,0.1274,206.24,Safe,0.16596666666666668,0.049217510434126324,0.2214,-0.02529999999999999,0.8549262905602606,254.22267840633685,0.8352269542541645,23.12499999999997,91.67000000000002
2026-04-01 08:38:30,0.2264,280.56,0.1198,295.55,0.2244,258.17,Safe,0.1902,0.06097638887307118,0.2264,-0.10559999999999999,0.5314971983265381,278.1380923043868,0.9643892827618273,26.185000000000002,64.44999999999999
2026-04-01 08:38:35,0.0554,260.09,0.1126,271.11,0.0547,291.88,Safe,0.07423333333333333,0.03322835134840929,0.1126,0.057550000000000004,2.04537610579281,274.3179139780827,0.9737164373600566,4.875,88.88999999999999
2026-04-01 08:38:40,0.0358,73.4,0.1559,105.66,0.121,97.52,Safe,0.10423333333333333,0.06178060645002875,0.1559,0.07750000000000001,1.9884950447060625,92.26327227601573,0.9716253635326145,20.19999999999999,105.66
2026-04-01 08:38:45,0.3308,78.08,1.0877,187.29,0.3138,70.3,Danger,0.5774333333333334,0.44198563702153637,1.0877,0.7653999999999999,3.3747956103145813,104.03689334336077,0.6160679443828581,113.10000000000002,172.71
2026-04-01 08:38:50,0.2311,283.97,0.2418,233.48,0.3267,290.95,Safe,0.26653333333333334,0.052379798905048625,0.3267,-0.037099999999999994,0.8669743027095637,270.08174648441866,0.9026556682595573,53.98000000000005,126.52000000000001
2026-04-01 08:38:55,0.2655,269.97,0.2379,297.06,0.2889,260.67,Safe,0.2641,0.025528807257684402,0.2889,-0.0393,0.8582220121861033,275.8002675287205,0.9640361186495886,31.739999999999952,62.94
2026-04-01 08:39:00,0.1395,49.92,0.1088,60.45,0.1067,95.16,Safe,0.11833333333333335,0.018360918640779756,0.1395,-0.014300000000000021,0.8838271013233034,68.29826190636115,0.9439094459204415,12.090000000000003,60.45
2026-04-01 08:39:05,0.9688,53.15,0.955,15.21,0.6803,283.36,Danger,0.8680333333333333,0.16272818850258652,0.9688,0.13044999999999995,1.1582061024727397,2.857326019575613,0.5993323063787608,26.954999999999984,15.210000000000008
2026-04-01 08:39:10,0.0934,267.92,0.1059,289.39,0.1031,279.43,Safe,0.1008,0.006559725604017289,0.1059,0.00764999999999999,1.077851624919848,278.916381221875,0.9883125884009033,15.714999999999975,70.61000000000001
2026-04-01 08:39:15,0.3,44.11,0.8735,153.64,0.3,96.22,Danger,0.4911666666666667,0.33111037938025045,0.8735,0.5735000000000001,2.9116569611434633,97.64234781144417,0.7177625374937171,83.47499999999997,153.64
2026-04-01 08:39:20,0.4281,300.77,1.6362,173.17,0.5225,284.74,Danger,0.8622666666666667,0.671905829215176,1.6362,1.1609000000000003,3.4424501526401174,262.43092458106963,0.5741340154196181,119.58500000000001,173.17
2026-04-01 08:39:25,0.0676,105.24,0.0671,91.17,0.1166,75.1,Safe,0.08376666666666666,0.028435599753360807,0.1166,-0.02499999999999998,0.728548007079185,90.51115150854629,0.9770391499192633,1.0,91.17
2026-04-01 08:39:30,0.5267,257.82,1.4002,161.7,0.4903,257.74,Danger,0.8057333333333333,0.5151448372383569,1.4002,0.8916999999999999,2.753583572107036,230.0809624671074,0.7130786345836478,96.07999999999998,161.7
2026-04-01 08:39:35,0.3628,271.1,0.8783,183.76,0.3,277.32,Danger,0.5136999999999999,0.3173103055370247,0.8783,0.5468999999999999,2.6502635779614425,247.52136848110715,0.7421333418570384,90.45000000000005,176.24
2026-04-01 08:39:40,0.4219,280.73,1.2905,143.12,0.3916,277.54,Danger,0.7013333333333334,0.5104581700133061,1.2905,0.88375,3.1727027100117766,250.64718224563194,0.4853325957923301,136.01500000000004,143.12
2026-04-01 08:39:45,0.3,106.68,0.7449,163.85,0.3018,70.46,Danger,0.4489,0.2563450994265348,0.7449,0.444,2.4755650529576174,112.74069318719022,0.7873683609778189,75.28,163.85
2026-04-01 08:39:50,0.1534,276.92,0.1572,293.03,0.1506,276.61,Safe,0.15373333333333333,0.0033126021996812893,0.1572,0.005199999999999982,1.0342037223439318,282.17038860652116,0.9910635659052747,16.264999999999986,66.97000000000003
2026-04-01 08:39:55,0.1864,101.94,0.1967,74.58,0.2521,118.69,Safe,0.21173333333333333,0.03533586468919832,0.2521,-0.022549999999999987,0.8971452809793342,98.49350765869988,0.950287984039973,35.735000000000014,74.58
2026-04-01 08:40:00,0.3,95.21,0.6797,166.55,0.3,113.93,Danger,0.4265666666666667,0.2192198972113009,0.6797,0.3797,2.2656591144696185,124.43630169807808,0.8659161416533052,61.98000000000002,166.55
2026-04-01 08:40:05,0.1627,291.46,0.1915,286.15,0.1435,245.08,Safe,0.16590000000000002,0.024159470192866406,0.1915,0.03839999999999999,1.2508082899523842,274.5495780888416,0.9356504970169289,17.879999999999995,73.85000000000002
2026-04-01 08:40:10,0.6508,331.99,0.4933,59.07,0.6478,269.89,Danger,0.5973,0.09007913187858775,0.6508,-0.15599999999999997,0.7597400897272606,336.31743773883375,0.5077379600069827,118.13,59.06999999999999
2026-04-01 08:40:15,0.4645,309.29,1.541,180.92,0.5098,273.01,Danger,0.8384333333333333,0.6088620232313173,1.541,1.05385,3.1632902323920096,260.03940588162124,0.6053333770318952,110.23000000000005,179.08
2026-04-01 08:40:20,0.5027,65.56,1.5118,193.62,0.5648,90.35,Danger,0.8597666666666667,0.5655304618969108,1.5118,0.9780500000000001,2.8324068713688595,108.61791048441565,0.5891282037350898,115.66500000000002,166.38
2026-04-01 08:40:25,0.3598,275.32,1.028,152.82,0.3483,241.42,Danger,0.5787,0.38914769689669243,1.028,0.67395,2.9035364961545094,228.015164495349,0.6354604376008168,105.55000000000001,152.82
2026-04-01 08:40:30,0.3638,281.95,1.3478,219.23,0.4392,286.56,Danger,0.7169333333333334,0.5476457370721819,1.3478,0.9463000000000001,3.3569032206644573,263.7245793157299,0.8615911838212005,65.025,140.77
2026-04-01 08:40:35,0.3557,57.53,1.0193,190.87,0.3,97.87,Danger,0.5583333333333333,0.40017911406435663,1.0193,0.6914500000000001,3.1090342869169234,109.48026892888201,0.5818656538704753,113.17000000000002,169.13
2026-04-01 08:40:40,0.1405,61.38,0.2148,63.47,0.1595,113.09,Safe,0.1716,0.0385996113970076,0.2148,0.06479999999999997,1.4319904533969772,78.79227506624161,0.914917222934283,23.764999999999986,63.47
2026-04-01 08:40:45,0.3,271.0,0.7826,183.04,0.3,277.85,Danger,0.4608666666666667,0.2786292399109134,0.7826,0.4826,2.6086579711400963,247.54522818201457,0.7370522723449682,91.38500000000002,176.96
2026-04-01 08:40:50,0.1016,38.62,0.1741,102.88,0.1041,91.64,Safe,0.12660000000000002,0.04115519408288582,0.1741,0.07125000000000001,1.692739983082323,78.47701134812246,0.8840115100493504,37.75,102.88
2026-04-01 08:40:55,1.0712,134.07,0.9975,180.8,0.8499,165.75,Danger,0.9728666666666665,0.11268772485649592,1.0712,0.03695000000000004,1.0384664635193759,160.3649848493219,0.9430601814305777,30.890000000000015,179.2
2026-04-01 08:41:00,0.3195,251.02,1.2314,164.89,0.3,251.02,Danger,0.6169666666666667,0.5322041932692125,1.2314,0.9216500000000001,3.9754512495520604,225.25921933798034,0.765213955584797,86.13,164.89
2026-04-01 08:41:05,0.8414,135.45,0.8492,207.29,0.7955,167.4,Danger,0.8287,0.02901534077001337,0.8492,0.030749999999999944,1.037569750663143,169.85472157938042,0.8727299373600504,55.86500000000001,152.71
2026-04-01 08:41:10,0.3,235.7,0.6507,189.28,0.3,235.85,Danger,0.4169,0.2024767394048017,0.6507,0.35069999999999996,2.1689927700241,220.67651087125896,0.9281799563694278,46.494999999999976,170.72
2026-04-01 08:41:15,0.1654,107.3,0.1333,70.3,0.215,101.37,Safe,0.17123333333333332,0.04116118721967739,0.215,-0.05689999999999998,0.7008375350287328,93.13241491448461,0.9603034002277149,34.035,70.3
2026-04-01 08:41:20,0.1686,258.75,0.1124,261.69,0.1698,287.11,Safe,0.1502666666666667,0.03279898372409324,0.1698,-0.05680000000000002,0.6642986743577165,269.1108381449221,0.9754599725608039,11.239999999999952,98.31
2026-04-01 08:41:25,0.4959,292.48,0.5171,320.74,0.4097,272.17,Danger,0.4742333333333333,0.05688385828451981,0.5171,0.06430000000000002,1.1420027782624156,295.04714718280786,0.940489354355055,38.41500000000002,39.25999999999999
2026-04-01 08:41:30,0.1496,74.32,0.1694,136.67,0.1821,129.1,Safe,0.16703333333333334,0.016378746390775252,0.1821,0.0035499999999999976,1.0213987253619212,114.1601326979587,0.8859485048002335,34.96000000000001,136.67
2026-04-01 08:41:35,0.3061,280.68,0.832,197.06,0.3691,298.5,Danger,0.5024,0.28717480739089907,0.832,0.49439999999999995,2.464447676399063,262.2434456007088,0.7249219132486151,92.52999999999997,162.94
2026-04-01 08:41:40,0.4562,269.71,1.4236,181.9,0.4632,245.66,Danger,0.781,0.5565189304956301,1.4236,0.9639,3.0967955257874142,233.92146164895735,0.8018777572449646,75.78499999999994,178.1
2026-04-01 08:41:45,0.1757,238.36,0.1961,261.0,0.1939,273.07,Safe,0.18856666666666666,0.011197023413985223,0.1961,0.011300000000000004,1.061141444039805,257.53127821221676,0.9687195710076595,5.284999999999968,99.0
2026-04-01 08:41:50,0.1762,256.75,0.2448,274.8,0.2467,278.14,Safe,0.22256666666666666,0.0401659474347778,0.2467,0.03334999999999999,1.1577150261762772,269.9239195249105,0.9865999253038956,7.355000000000018,85.19999999999999
2026-04-01 08:41:55,0.4008,92.47,0.8154,168.22,0.3264,90.37,Danger,0.5142,0.26348609071448154,0.8154,0.4518,2.2425680897467277,115.02395308177152,0.8104804400448684,76.80000000000001,168.22
2026-04-01 08:42:00,0.2059,75.93,0.1935,63.34,0.207,138.3,Safe,0.2021333333333333,0.007496888243353587,0.207,-0.01294999999999999,0.9372684075155848,91.24218083913492,0.843169698534135,43.775000000000034,63.34
2026-04-01 08:42:05,0.3,216.45,0.4694,181.4,0.3,283.51,Danger,0.35646666666666665,0.0978031356007226,0.4694,0.1694,1.5646614511284964,225.37009048919123,0.7451515791348485,68.57999999999996,178.6
2026-04-01 08:42:10,0.3812,105.03,1.2397,156.91,0.389,92.26,Danger,0.6699666666666667,0.4934189531557674,1.2397,0.8546,3.2191554942729312,117.33862371186117,0.8845240294780209,58.264999999999986,156.91
2026-04-01 08:42:15,0.2412,288.02,0.2094,296.75,0.2163,228.93,Safe,0.22230000000000003,0.01672752223134078,0.2412,-0.019350000000000006,0.9154058342914347,272.25875538192093,0.8666183486720432,38.27499999999998,63.25
2026-04-01 08:42:20,0.8162,125.98,0.8496,87.05,0.9664,158.19,Danger,0.8774000000000001,0.07886469425541444,0.9664,-0.04169999999999996,0.9532133364598492,123.89900920193453,0.8752486931777397,55.03500000000001,87.05
2026-04-01 08:42:25,0.0686,272.7,0.0667,215.9,0.0567,268.11,Safe,0.06399999999999999,0.006392964883369841,0.0686,0.004049999999999998,1.0646278590924327,252.8847570441543,0.901495697946557,54.50499999999997,144.1
2026-04-01 08:42:30,0.3,98.16,0.7658,196.62,0.3,79.69,Danger,0.4552666666666667,0.2689297553885277,0.7658,0.46580000000000005,2.552658157806141,118.62666801854249,0.6409141322845298,107.695,163.38
2026-04-01 08:42:35,0.2283,84.53,0.2528,67.98,0.2371,75.77,Safe,0.23940000000000003,0.012410882321575702,0.2528,0.020100000000000007,1.0863726412864578,76.09220380628513,0.9930511877548069,12.170000000000016,67.98
2026-04-01 08:42:40,0.1766,89.17,0.139,113.55,0.16,85.75,Safe,0.15853333333333333,0.01884285894797637,0.1766,-0.029299999999999993,0.8259012127081836,96.09131946446044,0.9768006559356729,26.089999999999975,113.55
2026-04-01 08:42:45,0.3879,288.3,1.3138,181.06,0.4488,286.28,Danger,0.7168333333333333,0.5178842566957731,1.3138,0.8954500000000001,3.1404251453922667,258.12141093131413,0.6566713500528997,106.22999999999996,178.94
2026-04-01 08:42:50,0.0512,275.47,0.1044,270.59,0.028,246.84,Safe,0.061200000000000004,0.03916937579283081,0.1044,0.0648,2.6362970632054745,264.3634119147719,0.9763217529023644,9.435000000000002,89.41000000000003
2026-04-01 08:42:55,0.353,261.37,0.9239,215.2,0.3,283.13,Danger,0.5256333333333333,0.34592557484715314,0.9239,0.5974,2.829700368452164,253.7501005353763,0.8815396806260628,57.05000000000001,144.8
2026-04-01 08:43:00,0.0941,254.99,0.0862,286.55,0.1125,265.86,Safe,0.0976,0.013494813818649,0.1125,-0.017100000000000004,0.8344546519394778,269.0915806141039,0.9740700220705494,26.125,73.44999999999999
2026-04-01 08:43:05,0.2468,270.7,0.2504,275.55,0.2346,269.55,Safe,0.24393333333333334,0.008280901722236134,0.2504,0.009700000000000014,1.0402948055886765,271.9327931853873,0.998970573583978,5.425000000000011,84.44999999999999
2026-04-01 08:43:10,0.2352,86.44,0.1919,57.26,0.2754,104.98,Safe,0.23416666666666663,0.0417595897170139,0.2754,-0.06339999999999998,0.7516617639570548,82.99996219237907,0.9420955973515547,38.44999999999999,57.25999999999999
2026-04-01 08:43:15,1.0056,162.08,1.0998,189.43,1.0837,174.5,Danger,1.0630333333333335,0.0503859438071109,1.0998,0.05515000000000003,1.052791793622942,175.3286157561762,0.9810487836562557,21.139999999999986,170.57
2026-04-01 08:43:20,0.0587,246.55,0.1049,274.34,0.075,263.07,Safe,0.07953333333333333,0.02343124694362921,0.1049,0.03805,1.5691612690909635,261.3373434907865,0.9802607384712255,19.529999999999973,85.66000000000003
2026-04-01 08:43:25,0.1241,304.82,0.121,287.15,0.0863,235.35,Safe,0.11046666666666666,0.020986265349826616,0.1241,0.015799999999999995,1.150179180806266,276.5256679090399,0.8720253195860709,17.06499999999994,72.85000000000002
2026-04-01 08:43:30,0.4767,99.54,1.5261,179.92,0.3655,98.11,Danger,0.7894333333333333,0.6403902664261328,1.5261,1.105,3.6240711848226437,123.45741204934608,0.7901135863734456,81.09499999999997,179.92
2026-04-01 08:43:35,0.2701,74.71,0.2614,61.46,0.2945,91.39,Safe,0.2753333333333334,0.017159351192085694,0.2945,-0.020899999999999974,0.925962005093854,75.84012674567931,0.977290770473727,21.590000000000003,61.46000000000001
2026-04-01 08:43:40,0.1387,63.28,0.1351,111.14,0.1465,98.63,Safe,0.1401,0.005827520913733383,0.1465,-0.007500000000000007,0.9473986858437178,91.24299235443364,0.9384189626149978,30.185000000000002,111.14
2026-04-01 08:43:45,0.3041,95.01,1.0423,172.5,0.3187,100.64,Danger,0.5550333333333334,0.4220484490355738,1.0423,0.7309,3.347131190972412,120.91789259856411,0.819637604845187,74.67500000000001,172.5
2026-04-01 08:43:50,0.3393,288.17,0.808,194.75,0.3,265.29,Danger,0.4824333333333333,0.28263291268593144,0.808,0.48835000000000006,2.5277568347979518,251.48230599026317,0.7738525624671865,81.98000000000002,165.25
2026-04-01 08:43:55,0.4998,126.7,1.4176,175.62,0.4245,109.64,Danger,0.7806333333333333,0.5529126724296825,1.4176,0.9554499999999999,3.0673957213118657,136.69272702799438,0.8844540976780985,57.44999999999999,175.62
2026-04-01 08:44:00,1.0844,120.66,1.0359,125.22,1.1384,86.43,Danger,1.0862333333333334,0.051274587597886494,1.1384,-0.07550000000000012,0.9320668237656795,110.95284343949449,0.9548784792674364,21.67500000000001,125.22
2026-04-01 08:44:05,0.3129,277.95,0.8122,183.06,0.3,286.06,Danger,0.47503333333333336,0.2920661283568044,0.8122,0.50575,2.6503421427895493,253.7686502155329,0.6959892990255745,98.945,176.94
2026-04-01 08:44:10,0.3,263.19,1.2856,157.9,0.3,261.87,Danger,0.6285333333333334,0.5690364253132951,1.2856,0.9856,4.285319048936504,233.55414456381803,0.6657687475251981,104.62999999999997,157.9
2026-04-01 08:44:15,0.1688,83.6,0.1461,87.44,0.1657,100.17,Safe,0.1602,0.0123089398406199,0.1688,-0.021150000000000002,0.8735373779528971,90.39327916106843,0.9923760807524612,4.444999999999993,87.44
2026-04-01 08:44:20,0.0825,135.64,0.0726,102.62,0.1236,74.68,Safe,0.0929,0.027043853275744566,0.1236,-0.030450000000000005,0.7045055360937788,104.2274664429719,0.9076635747127823,2.539999999999992,102.62
2026-04-01 08:44:25,0.6264,308.05,0.364,252.89,0.6095,262.25,Danger,0.5333,0.146861397242434,0.6264,-0.25395,0.5890434678477743,273.9187710652534,0.913496061648732,32.25999999999999,107.11000000000001
2026-04-01 08:44:30,0.2299,244.07,0.2504,284.79,0.2534,264.93,Safe,0.24456666666666668,0.012789970028633125,0.2534,0.008750000000000008,1.0362051057103012,264.60390956746414,0.9583417957980194,30.29000000000002,75.20999999999998
2026-04-01 08:44:35,0.3,95.17,0.765,146.18,0.3,93.38,Danger,0.455,0.268467875173176,0.765,0.465,2.5499915000283337,111.0138478106265,0.910835499982035,51.905,146.18
2026-04-01 08:44:40,0.0672,96.46,0.0294,70.76,0.0396,90.0,Safe,0.045399999999999996,0.019556073225471413,0.0672,-0.024000000000000004,0.5505514877998539,85.7752100063075,0.9819339436374096,22.47,70.76
2026-04-01 08:44:45,0.3213,265.33,1.0275,161.4,0.3,297.1,Danger,0.5496,0.41401054334400716,1.0275,0.7168500000000001,3.3075702315460123,249.90457864525757,0.556524828375574,119.81500000000003,161.4
2026-04-01 08:44:50,0.0978,74.37,0.0388,80.31,0.0919,78.36,Safe,0.07616666666666666,0.032494666228988,0.0978,-0.05604999999999999,0.40906263508028384,77.68030074570838,0.9990693362536637,3.944999999999993,80.31
2026-04-01 08:44:55,0.1663,49.11,0.1577,92.0,0.1428,100.35,Safe,0.1556,0.011889911690168264,0.1663,0.003149999999999986,1.020375151244573,80.87312291230218,0.924736684654431,17.27000000000001,92.0
2026-04-01 08:45:00,0.3,276.97,0.6559,203.76,0.3,234.88,Danger,0.41863333333333336,0.20547896080458786,0.6559,0.35590000000000005,2.1863260455798486,238.2603236518953,0.8675693092076143,52.16500000000002,156.24
2026-04-01 08:45:05,0.3,99.87,0.628,207.82,0.3,86.85,Danger,0.4093333333333333,0.18937088829419726,0.628,0.328,2.093326355578815,123.41602012103712,0.605808067639386,114.45999999999998,152.18
2026-04-01 08:45:10,0.2295,274.98,0.2728,255.32,0.2183,271.64,Safe,0.24019999999999997,0.028782459936565526,0.2728,0.0489,1.2183956302115668,267.3337026765794,0.9887943613470609,17.99000000000001,104.68
2026-04-01 08:45:15,0.4287,288.18,1.4699,202.79,0.4712,295.97,Danger,0.7899333333333334,0.5892516977772175,1.4699,1.01995,3.2668001626843814,265.6015066430687,0.747688501097758,89.285,157.21
2026-04-01 08:45:20,0.0801,276.8,0.0702,292.72,0.1197,266.92,Safe,0.09000000000000001,0.026192937979539446,0.1197,-0.029700000000000004,0.7026956687120248,278.7962063187248,0.9828681016141745,20.860000000000014,67.27999999999997
2026-04-01 08:45:25,0.1658,255.8,0.0774,264.66,0.0844,276.46,Safe,0.1092,0.04914183553755395,0.1658,-0.04769999999999999,0.6187000903270158,265.6346590608906,0.9891214504497604,1.4699999999999704,95.33999999999997
2026-04-01 08:45:30,0.203,101.39,0.1513,87.49,0.1625,96.56,Safe,0.17226666666666668,0.02719859064976224,0.203,-0.031450000000000033,0.8279024464982406,95.15010980236681,0.9949496774970017,11.485000000000014,87.49
2026-04-01 08:45:35,0.3,260.0,0.8063,184.86,0.3,288.91,Danger,0.4687666666666667,0.29231244129070755,0.8063,0.5063,2.687657707807641,247.2312238705926,0.7286318521140219,89.59500000000003,175.14
2026-04-01 08:45:40,0.4452,68.63,1.051,167.76,0.3487,129.2,Danger,0.6149666666666667,0.3806860429978137,1.051,0.6540499999999999,2.6476819557073794,122.9835177809363,0.7622540595178563,68.84500000000003,167.76
2026-04-01 08:45:45,0.169,269.78,0.1462,248.68,0.1328,268.97,Safe,0.14933333333333335,0.018302276725405874,0.169,-0.00470000000000001,0.9688471249362164,262.5102493886044,0.9855402442615582,20.694999999999993,111.32
2026-04-01 08:45:50,0.3,251.4,1.1717,193.81,0.3944,275.76,Danger,0.6220333333333333,0.4783596171640467,1.1717,0.8245,3.3747022618022418,241.39311375561883,0.8282489171960218,69.76999999999998,166.19
2026-04-01 08:45:55,0.4387,93.13,1.0517,154.68,0.3,81.09,Danger,0.5968000000000001,0.4000124123074183,1.0517,0.6823500000000001,2.8474269732585,108.41246015007569,0.8481224705996118,67.57,154.68
2026-04-01 08:46:00,0.2511,119.33,0.2192,52.8,0.2305,77.89,Safe,0.2336,0.016174362429474606,0.2511,-0.021600000000000008,0.9102952230264825,83.00745763218418,0.888639518069037,45.81,52.8
2026-04-01 08:46:05,0.3,305.86,0.9134,188.97,0.3,276.63,Danger,0.5044666666666667,0.3541466551209164,0.9134,0.6134,3.0446565178116076,261.6822606312229,0.6601711583607968,102.275,171.03
2026-04-01 08:46:10,0.01,321.16,0.0886,259.25,0.0342,276.07,Safe,0.04426666666666667,0.04025535161110052,0.0886,0.0665,4.008868376996515,285.0078473337271,0.8986498082612305,39.36500000000001,100.75
2026-04-01 08:46:15,0.3,265.12,0.7018,170.58,0.3,266.05,Danger,0.43393333333333334,0.23197933816039162,0.7018,0.4018,2.339325535581548,238.07314768837819,0.718855365419982,95.00500000000002,170.58
2026-04-01 08:46:20,0.0663,273.35,0.0818,243.58,0.0768,227.53,Safe,0.07496666666666667,0.00791096285753721,0.0818,0.010249999999999995,1.1432404858073262,248.02751539050863,0.9458636443560928,6.859999999999985,116.41999999999999
2026-04-01 08:46:25,0.1347,310.38,0.0986,287.66,0.142,268.44,Safe,0.1251,0.023238115241989824,0.142,-0.03974999999999998,0.7126800673648909,288.79973862640696,0.955744035123112,1.7499999999999432,72.33999999999997
2026-04-01 08:46:30,0.1624,78.57,0.1538,64.91,0.1516,60.58,Safe,0.15593333333333334,0.005707305260219855,0.1624,-0.0032000000000000084,0.9796115948306061,68.00752289963549,0.9910679314037533,4.6650000000000205,64.91
2026-04-01 08:46:35,0.1882,82.79,0.1826,93.08,0.1933,89.15,Safe,0.18803333333333336,0.005351946686331364,0.1933,-0.00814999999999999,0.9572689002941007,88.34108405766541,0.9972640635647786,7.109999999999985,93.08
2026-04-01 08:46:40,0.3551,260.44,1.2875,177.08,0.325,230.93,Danger,0.6558666666666667,0.5472175100755945,1.2875,0.9474500000000001,3.7861967763658986,223.63584809243238,0.826747523345343,68.60499999999996,177.08
2026-04-01 08:46:45,0.3,260.5,0.5635,193.76,0.3,270.03,Danger,0.3878333333333333,0.1521317959314664,0.5635,0.2635,1.8783270722430927,242.94750148043602,0.832459551611893,71.505,166.24
2026-04-01 08:46:50,0.4733,97.31,1.3401,168.72,0.3726,111.59,Danger,0.7286666666666667,0.5319052202538845,1.3401,0.9171500000000001,3.1684521374816472,124.878558147327,0.8603139647203923,64.26999999999998,168.72
2026-04-01 08:46:55,0.056,286.16,0.0289,281.04,0.1419,263.12,Safe,0.0756,0.058994660775361696,0.1419,-0.07005,0.29206374872411595,276.8014074786717,0.9851935940987718,6.400000000000034,78.95999999999998
2026-04-01 08:47:00,0.2157,285.15,0.1804,258.6,0.2135,276.59,Safe,0.20320000000000002,0.01977599555016131,0.2157,-0.03420000000000001,0.8406298199915191,273.4747884598012,0.9814406203508189,22.269999999999982,101.39999999999998
2026-04-01 08:47:05,1.0361,271.5,0.9798,208.21,1.1175,271.44,Danger,1.0444666666666667,0.06923021979838954,1.1175,-0.09699999999999998,0.9099174313545401,251.44209711543292,0.869212221656392,63.26000000000002,151.79
2026-04-01 08:47:10,0.8572,349.09,0.9842,24.19,1.0829,57.12,Danger,0.9747666666666666,0.11314531953789929,1.0829,0.014149999999999996,1.0145858310542435,23.513231325342797,0.8858901526034646,1.0850000000000364,24.189999999999998
2026-04-01 08:47:15,0.203,66.27,0.1438,85.65,0.2014,86.67,Safe,0.18273333333333333,0.03372674507469307,0.203,-0.05839999999999998,0.7111735352446329,79.55971568837974,0.9866286116854839,9.180000000000007,85.65
2026-04-01 08:47:20,0.0556,252.55,0.0732,285.41,0.072,305.05,Safe,0.06693333333333333,0.009833276835995889,0.0732,0.009400000000000006,1.1473174401655146,281.1650408386651,0.9298247541054127,6.610000000000014,74.58999999999997
2026-04-01 08:47:25,0.3,68.17,0.6889,203.64,0.3,104.04,Danger,0.4296333333333333,0.22453151968784543,0.6889,0.38889999999999997,2.2963256789144038,117.71980544675709,0.5638550740428515,117.53499999999997,156.36
2026-04-01 08:47:30,0.2607,62.91,0.2434,123.27,0.2184,96.1,Safe,0.24083333333333334,0.021266483802766568,0.2607,0.00385000000000002,1.0160675597263213,94.19292238765841,0.9093421583075245,43.764999999999986,123.27
2026-04-01 08:47:35,0.161,242.66,0.1582,290.62,0.1333,288.63,Safe,0.15083333333333335,0.015248715792922807,0.161,0.011050000000000004,1.075086136009949,274.38095084289967,0.9266524075379599,24.975000000000023,69.38
2026-04-01 08:47:40,0.3336,263.65,0.8914,175.31,0.3,253.24,Danger,0.5083333333333334,0.3321705786690527,0.8914,0.5746,2.813753744464191,233.259754315299,0.7776910168888309,83.13499999999999,175.31
2026-04-01 08:47:45,0.1988,233.14,0.177,279.47,0.1704,268.06,Safe,0.18206666666666668,0.014862480726087873,0.1988,-0.007599999999999996,0.9588247084251982,260.44032468182235,0.9417115084285225,28.870000000000033,80.52999999999997
2026-04-01 08:47:50,0.6491,68.87,0.52,77.53,0.6462,48.19,Danger,0.6051000000000001,0.07371302462930143,0.6491,-0.12765000000000004,0.8029015627243684,64.90704971872107,0.9770583983747853,19.0,77.53
2026-04-01 08:47:55,0.1869,87.9,0.1755,86.26,0.2388,57.39,Safe,0.2004,0.03374033194857455,0.2388,-0.03735000000000002,0.8245204391804595,77.28332052264014,0.9703204964994449,13.615000000000009,86.26
2026-04-01 08:48:00,0.0437,285.93,0.0717,254.61,0.1101,272.97,Safe,0.07516666666666667,0.03333546659840437,0.1101,-0.005199999999999996,0.932367589498186,271.192765726288,0.9750100226808118,24.840000000000032,105.38999999999999
2026-04-01 08:48:05,0.0581,241.9,0.0727,251.28,0.0277,275.26,Safe,0.052833333333333336,0.022957642155355007,0.0727,0.0298,1.694599193491993,256.0778377752614,0.9701716298002832,7.299999999999983,108.72
2026-04-01 08:48:10,0.226,63.79,0.2132,106.11,0.2519,112.68,Safe,0.2303666666666667,0.01971606789736061,0.2519,-0.025749999999999995,0.8922331356637972,94.55256763323156,0.9297951616734205,17.875,106.11
2026-04-01 08:48:15,0.2326,88.66,0.2449,120.57,0.2257,100.16,Safe,0.23440000000000003,0.009725739046468396,0.2449,0.015749999999999986,1.0687276075600805,103.09117707388076,0.9736558013029531,26.159999999999997,120.57
2026-04-01 08:48:20,0.0456,101.67,0.0163,29.61,0.0367,93.68,Safe,0.03286666666666666,0.015021429137513293,0.0456,-0.024850000000000007,0.39610216033632223,76.28911500643586,0.8479499409797138,68.06500000000001,29.610000000000014
2026-04-01 08:48:25,0.1651,263.56,0.0943,250.9,0.086,278.47,Safe,0.11513333333333331,0.043470948153144,0.1651,-0.03125,0.7510891988116383,264.3026633892811,0.9807553793149384,20.11499999999998,109.1
2026-04-01 08:48:30,0.3401,89.86,0.8507,193.17,0.3,65.36,Danger,0.4969333333333334,0.30702629094807715,0.8507,0.5306500000000001,2.6580138790380285,108.2498578050213,0.5900464639058168,115.55999999999995,166.83
2026-04-01 08:48:35,0.3,119.25,0.9561,192.29,0.3,95.01,Danger,0.5187,0.37879951161531344,0.9561,0.6560999999999999,3.186989376702078,133.16539718845334,0.7567209020393363,85.15999999999997,167.71
2026-04-01 08:48:40,0.1896,251.19,0.1933,236.13,0.2245,251.99,Safe,0.20246666666666668,0.019170898083640565,0.2245,-0.013750000000000012,0.933586411077464,246.4505636638772,0.9919105157700107,15.45999999999998,123.87
2026-04-01 08:48:45,0.3,54.37,0.9186,152.81,0.3,69.35,Danger,0.5062,0.3571488765207025,0.9186,0.6186,3.061989793367356,88.81266101583012,0.7353214425120052,90.95000000000005,152.81
2026-04-01 08:48:50,0.3517,108.59,1.1867,184.91,0.3139,91.15,Danger,0.6174333333333334,0.49336154423843515,1.1867,0.8539000000000001,3.5657945739345744,125.64290862380521,0.7637557834932958,85.03999999999996,175.09
2026-04-01 08:48:55,0.5042,94.78,1.3679,192.06,0.3266,84.13,Danger,0.7328999999999999,0.5570495399872438,1.3679,0.9524999999999999,3.2929627035081763,118.28242810227489,0.6746523801779992,102.60500000000002,167.94
2026-04-01 08:49:00,0.0862,278.3,0.1369,279.18,0.1173,260.95,Safe,0.11346666666666666,0.025566449368915764,0.1369,0.03514999999999999,1.3454413224440054,272.83122793046596,0.9892973224624622,9.555000000000007,80.82
2026-04-01 08:49:05,0.9022,206.26,0.6365,238.47,0.8853,214.19,Danger,0.8079999999999999,0.14876353719914032,0.9022,-0.2572500000000001,0.7121670353375827,219.56876244924743,0.9716062733855194,28.245000000000033,121.53
2026-04-01 08:49:10,0.7907,110.62,0.6944,71.79,0.8854,105.43,Danger,0.7901666666666666,0.09550111692191525,0.8854,-0.14364999999999994,0.8285891908726318,96.12328941645627,0.9553876081960181,36.234999999999985,71.79
2026-04-01 08:49:15,0.5161,0.8,0.428,75.57,0.4286,26.68,Danger,0.4575666666666667,0.05069224135243316,0.5161,-0.04435,0.9061058407836545,33.74563795887021,0.8589284510717351,61.829999999999984,75.57
2026-04-01 08:49:20,0.3695,349.44,0.3,244.56,0.4306,244.67,Danger,0.36669999999999997,0.06534500746040205,0.4306,-0.10005000000000003,0.7499043871906332,273.61308928319175,0.6647076572209123,52.495000000000005,115.44
2026-04-01 08:49:25,0.1087,242.69,0.075,248.53,0.0586,279.17,Safe,0.08076666666666667,0.025542970331058477,0.1087,-0.008650000000000005,0.8965822285447872,256.6602238713429,0.9613949123909594,12.400000000000006,111.47
2026-04-01 08:49:30,0.279,114.9,0.2449,97.38,0.2558,93.4,Safe,0.2599,0.017415797426474627,0.279,-0.02250000000000002,0.9158529698841814,101.86776566202967,0.9867587607459622,6.769999999999982,97.38
2026-04-01 08:49:35,0.026,254.03,0.0865,274.61,0.0233,278.65,Safe,0.045266666666666656,0.035734623732919496,0.0865,0.061849999999999995,3.50898543669628,269.1374975738984,0.9823767264273966,8.270000000000039,85.38999999999999
2026-04-01 08:49:40,0.4781,84.96,1.5393,204.52,0.4785,107.78,Danger,0.8319666666666666,0.6125686682595946,1.5393,1.061,3.218266321834995,126.3233936966754,0.6343901761456803,108.14999999999998,155.48
2026-04-01 08:49:45,0.1724,58.58,0.1929,105.19,0.2179,84.16,Safe,0.1944,0.02278705773021169,0.2179,-0.002250000000000002,0.9884653422221766,82.68691299508494,0.9454377756702088,33.81999999999999,105.19
2026-04-01 08:49:50,0.4151,295.27,1.3773,192.51,0.3539,231.64,Danger,0.7154333333333334,0.574009558573142,1.3773,0.9927999999999999,3.582045300272301,238.4440071568061,0.7452090748076584,70.945,167.49
2026-04-01 08:49:55,0.1286,268.43,0.1711,234.84,0.1245,264.98,Safe,0.1414,0.02580251925684777,0.1711,0.044550000000000006,1.352024085151441,256.2049587337078,0.9656323887076917,31.86499999999998,125.16
2026-04-01 08:50:00,0.1163,78.59,0.1498,124.62,0.167,73.3,Safe,0.14436666666666667,0.0257830047382638,0.167,0.00814999999999999,1.0575287149402404,91.72068373577875,0.9207475985654607,48.67500000000001,124.62
2026-04-01 08:50:05,0.2015,102.53,0.1889,58.09,0.2894,49.22,Safe,0.2266,0.05475006849310783,0.2894,-0.05654999999999999,0.7696037090906128,69.51333161697434,0.9188773327072545,17.784999999999997,58.09
2026-04-01 08:50:10,0.095,302.49,0.0809,277.15,0.1132,253.25,Safe,0.09636666666666667,0.01619331137640888,0.1132,-0.0232,0.7771299026906562,277.6145173586118,0.9393768496048077,0.7200000000000273,82.85000000000002
2026-04-01 08:50:15,1.1124,219.2,1.112,203.37,1.1179,109.56,Danger,1.1140999999999999,0.0032969683043668,1.1179,-0.003149999999999764,0.9971743736946838,182.44003439117367,0.6765136246165581,38.99000000000001,156.63
2026-04-01 08:50:20,0.1475,270.67,0.0953,237.79,0.1608,276.54,Safe,0.1345333333333333,0.03462171765428938,0.1608,-0.05885000000000001,0.6182249871878871,261.83455701510303,0.9562020245547337,35.815000000000026,122.21000000000001
2026-04-01 08:50:25,0.8165,56.46,0.804,347.93,0.7605,14.32,Danger,0.7936666666666667,0.029395294408005774,0.8165,0.01550000000000007,1.0196562845196138,19.227968897487433,0.8823341487473713,47.45999999999998,12.069999999999993
2026-04-01 08:50:30,0.3175,103.44,0.2893,104.48,0.256,66.34,Safe,0.2876,0.030785223728275874,0.3175,0.0025499999999999967,1.0088892453731635,91.62731799431579,0.9526481516940833,19.589999999999975,104.48
2026-04-01 08:50:35,0.6737,11.28,0.5621,355.61,0.5461,300.83,Danger,0.5939666666666666,0.0695129724104309,0.6737,-0.047799999999999954,0.9216249850385555,343.4579234947057,0.8659202119842063,19.555000000000064,4.389999999999986
2026-04-01 08:50:40,0.9195,149.08,0.8511,172.3,1.0472,104.1,Danger,0.9392666666666667,0.09953312681380672,1.0472,-0.13224999999999998,0.8655098738904012,142.2923953807829,0.8816296995496061,45.70999999999998,172.3
2026-04-01 08:50:45,1.3725,264.31,1.1746,252.92,1.3003,184.48,Danger,1.2824666666666669,0.10014800713610496,1.3725,-0.16179999999999994,0.8789278068483937,235.59120345139974,0.819803554578325,28.525000000000006,107.08000000000001
2026-04-01 08:50:50,0.4462,108.21,1.2885,198.61,0.3334,76.01,Danger,0.6893666666666666,0.5219209933824595,1.2885,0.8987,3.305532823158484,122.45997177535054,0.6325330243153299,106.5,161.39
2026-04-01 08:50:55,0.2341,57.35,0.2814,95.43,0.2264,111.14,Safe,0.2473,0.029781370015497938,0.2814,0.05114999999999997,1.2221445292311433,88.25845184576457,0.9238255442585687,11.185000000000002,95.43
2026-04-01 08:51:00,0.3,103.62,1.0267,190.62,0.3,68.48,Danger,0.5422333333333333,0.419560440620101,1.0267,0.7266999999999999,3.4223219255935815,116.3669813202996,0.6391129603318595,104.57,169.38
2026-04-01 08:51:05,0.18,67.93,0.2365,105.05,0.2333,90.75,Safe,0.2166,0.0317368870559165,0.2365,0.029849999999999988,1.1444415947660547,87.96072911315467,0.9647241262898802,25.70999999999998,105.05
2026-04-01 08:51:10,0.2303,98.14,0.2904,72.07,0.2936,101.47,Safe,0.27143333333333336,0.035658425839250586,0.2936,0.028449999999999975,1.108604280953308,90.639191823647,0.9738563839695499,27.735000000000014,72.07
2026-04-01 08:51:15,0.362,113.24,1.168,203.73,0.4249,124.02,Danger,0.6516333333333333,0.44829120372067677,1.168,0.77455,2.968603460151328,144.2618094512247,0.7677428797418334,85.10000000000002,156.27
2026-04-01 08:51:20,1.3472,1.34,1.0558,17.88,1.2113,30.4,Danger,1.2047666666666668,0.14580981905665102,1.3472,-0.22344999999999993,0.8253266950739144,16.554567729508506,0.9785423573748766,2.009999999999991,17.879999999999995
2026-04-01 08:51:25,0.2877,273.77,0.3018,241.57,0.3131,305.05,Safe,0.30086666666666667,0.012725695789752836,0.3131,0.0014000000000000123,1.0046571083318632,273.4803140500898,0.9002892704908413,47.839999999999975,118.43
2026-04-01 08:51:30,0.1981,283.64,0.1451,223.92,0.193,277.39,Safe,0.17873333333333333,0.029238730022580206,0.1981,-0.050449999999999995,0.7420059217288585,262.37188297040007,0.8936226090180276,56.595,136.08
2026-04-01 08:51:35,0.0963,293.16,0.0898,240.35,0.1177,265.42,Safe,0.10126666666666666,0.014598059231738077,0.1177,-0.017199999999999993,0.8392444930421211,266.2767439668745,0.9303905702172838,38.940000000000026,119.65
2026-04-01 08:51:40,0.3388,66.83,0.8861,195.34,0.3218,116.85,Danger,0.5155666666666666,0.3210038369448772,0.8861,0.5558000000000001,2.6827045634133717,123.46496585944365,0.618134813241451,103.5,164.66
2026-04-01 08:51:45,0.0401,282.04,0.1464,289.77,0.1195,276.36,Safe,0.102,0.05526852630566515,0.1464,0.0666,1.8345634766481624,282.7217723250667,0.9954048314461617,10.569999999999993,70.23000000000002
2026-04-01 08:51:50,0.3806,58.38,1.2815,175.82,0.4198,93.05,Danger,0.6939666666666667,0.5091961540834076,1.2815,0.8813000000000001,3.2021409241855974,105.30515969248088,0.6645759222798356,100.10500000000002,175.82
2026-04-01 08:51:55,0.3,300.23,0.8815,191.87,0.3,271.67,Danger,0.49383333333333335,0.33572918153376735,0.8815,0.5814999999999999,2.938323538921537,257.83683412529,0.705599063376006,94.07999999999998,168.13
2026-04-01 08:52:00,0.3,104.53,0.6643,176.9,0.3,75.69,Danger,0.4214333333333333,0.21032870306578066,0.6643,0.3643,2.214325952246826,116.7195789192892,0.7430318552347541,86.79000000000002,176.9
2026-04-01 08:52:05,0.5727,114.43,0.484,131.86,0.7758,155.93,Danger,0.6108333333333333,0.14959085310717812,0.7758,-0.19025000000000003,0.7178335664314921,134.02344247961238,0.9563922015734839,3.319999999999993,131.86
2026-04-01 08:52:10,0.0268,263.09,0.056,248.18,0.1407,285.89,Safe,0.0745,0.059160713315510316,0.1407,-0.02774999999999999,0.6686487325524472,265.6714299536925,0.9637093991870511,26.309999999999945,111.82
2026-04-01 08:52:15,0.2794,263.53,0.2402,283.35,0.2559,311.47,Safe,0.2585,0.019728912793157145,0.2794,-0.027450000000000002,0.8974373344392512,286.0325238086494,0.941940470715966,4.149999999999977,76.64999999999998
2026-04-01 08:52:20,0.4575,85.77,1.4385,175.03,0.3028,91.61,Danger,0.7329333333333333,0.6159149806047367,1.4385,1.05835,3.7840226646779835,114.52420656065672,0.7633719617842024,86.34000000000003,175.03
2026-04-01 08:52:25,0.1233,106.22,0.1401,76.26,0.1672,54.41,Safe,0.14353333333333332,0.022150470273412548,0.1672,-0.005149999999999988,0.9645372493132578,78.86651065660608,0.9324766163771622,4.055000000000007,76.26
2026-04-01 08:52:30,0.1007,105.52,0.1455,31.91,0.1032,101.83,Safe,0.11646666666666666,0.02517465656832945,0.1455,0.04354999999999999,1.427156182872164,81.34083826083281,0.8331243410835305,71.765,31.909999999999997
2026-04-01 08:52:35,0.4083,83.7,1.0323,182.31,0.3078,105.62,Danger,0.5828,0.392508280167438,1.0323,0.67425,2.8831088308648773,121.15405153658831,0.7465800059541216,87.64999999999998,177.69
2026-04-01 08:52:40,0.7901,57.51,0.5433,352.57,0.5174,290.63,Danger,0.6169333333333333,0.1505248263022859,0.7901,-0.11045000000000005,0.8310503540338752,353.2781356274551,0.6313692338872172,1.5,7.430000000000007
2026-04-01 08:52:45,0.8338,3.2,0.8109,77.01,1.0123,63.75,Danger,0.8856666666666667,0.11026378976496924,1.0123,-0.11214999999999997,0.8784996711990996,49.164593412625365,0.8490290642344022,43.535,77.01
2026-04-01 08:52:50,0.355,249.07,1.059,167.03,0.3,273.63,Danger,0.5713333333333334,0.42322610190456506,1.059,0.7314999999999999,3.2335779127391975,233.3946366657612,0.7090400189975472,94.31999999999996,167.03
2026-04-01 08:52:55,0.2497,263.7,0.2449,276.28,0.2393,249.77,Safe,0.24463333333333334,0.005205125678918165,0.2497,0.00040000000000001146,1.001631895166073,263.25406724358123,0.9822242203862946,19.54499999999996,83.72000000000003
2026-04-01 08:53:00,0.5156,84.38,1.3648,185.54,0.3414,81.59,Danger,0.7406,0.547545103165027,1.3648,0.9363,3.185056744324984,111.69624347210626,0.6772805292963952,102.555,174.46
2026-04-01 08:53:05,0.1614,86.15,0.2003,84.2,0.2451,82.77,Safe,0.20226666666666668,0.04188464316827033,0.2451,-0.0029499999999999804,0.9854810062435118,84.37330826008714,0.9997077274055631,0.2599999999999909,84.2
2026-04-01 08:53:10,1.0664,89.13,1.0295,85.43,1.0632,79.36,Danger,1.0530333333333335,0.020443173269659748,1.0664,-0.03529999999999989,0.9668473264018349,84.64095261234581,0.9975309464122999,1.1850000000000023,85.43
2026-04-01 08:53:15,0.2968,97.5,0.3008,69.68,0.2349,82.65,Safe,0.2775,0.03694685372261081,0.3008,0.03494999999999998,1.1314608558929626,83.27042178351915,0.9804200844543068,20.394999999999982,69.68
2026-04-01 08:53:20,1.0243,189.06,1.1579,239.68,1.1595,151.15,Danger,1.1139,0.07759999999999997,1.1595,0.06600000000000006,1.06044412451312,192.80274182850073,0.809539117832121,69.57499999999999,120.32
2026-04-01 08:53:25,0.0784,105.53,0.0771,78.31,0.1212,54.65,Safe,0.09223333333333333,0.025094288858888456,0.1212,-0.022699999999999998,0.772537349325157,79.45568001841869,0.9352535490792171,1.7799999999999727,78.31
2026-04-01 08:53:30,0.439,242.44,1.5122,172.0,0.4318,261.39,Danger,0.7943333333333333,0.6217011929643801,1.5122,1.0768,3.473120181166327,227.2885757397937,0.7875760905100548,79.91499999999996,172.0
2026-04-01 08:53:35,0.3752,269.47,1.2068,189.84,0.3746,262.32,Danger,0.6522,0.48029778263073425,1.2068,0.8319000000000001,3.218983144883583,242.44220047534657,0.8128504731044728,76.05499999999998,170.16
2026-04-01 08:53:40,0.1303,301.13,0.0916,282.57,0.0806,247.13,Safe,0.10083333333333333,0.026104852677870702,0.1303,-0.013850000000000001,0.8686498942636864,277.16179512107834,0.9250224369042535,8.439999999999998,77.43
2026-04-01 08:53:45,0.1169,90.3,0.0771,80.86,0.0924,81.52,Safe,0.09546666666666666,0.020076437266938908,0.1169,-0.02754999999999999,0.7367344793647458,84.2238509763667,0.9971819489154391,5.050000000000011,80.86
2026-04-01 08:53:50,0.3957,93.49,1.2273,179.97,0.3834,67.29,Danger,0.6688000000000001,0.48371428550333306,1.2273,0.83775,3.1505502488762707,109.3540057347598,0.6787359702626391,99.57999999999998,179.97
2026-04-01 08:53:55,0.1841,270.07,0.2262,262.82,0.1311,271.13,Safe,0.18046666666666666,0.04765399598494689,0.2262,0.0686,1.435270080773599,268.0083663053002,0.99792388928015,7.779999999999973,97.18
2026-04-01 08:54:00,0.2347,83.81,0.2636,122.0,0.306,106.53,Safe,0.2681,0.0358623758275996,0.306,-0.006749999999999978,0.9750287589097139,104.15917623579719,0.96288206122869,26.829999999999984,122.0
2026-04-01 08:54:05,0.3,68.3,1.0558,187.82,0.3067,94.85,Danger,0.5541666666666667,0.4344401262928338,1.0558,0.7524500000000001,3.480456632745566,111.51668272121243,0.6411802018151409,106.245,172.18
2026-04-01 08:54:10,0.3972,264.97,1.3883,194.66,0.4507,273.59,Danger,0.7454000000000001,0.5574099658240782,1.3883,0.96435,3.274670893570248,246.17136584911012,0.8188939960337787,74.61999999999998,165.34
2026-04-01 08:54:15,0.2306,263.29,0.1913,246.13,0.2673,288.38,Safe,0.22973333333333334,0.038007411557922914,0.2673,-0.05765000000000001,0.7684243083980381,265.87155937927525,0.9546780169186851,29.70500000000004,113.87
2026-04-01 08:54:20,0.3445,268.15,1.157,203.73,0.3012,294.24,Danger,0.6009000000000001,0.4820831152405154,1.157,0.8341500000000001,3.5836965039600317,256.9293393962433,0.7917595324977952,77.465,156.27
2026-04-01 08:54:25,1.1798,135.48,1.2155,15.03,1.1112,157.34,Danger,1.1688333333333334,0.05300776672652165,1.2155,0.07000000000000006,1.0611077598360894,116.46791098346482,0.50110542544233,131.38,15.030000000000001
2026-04-01 08:54:30,0.3,261.72,0.7415,141.44,0.3,262.49,Danger,0.4471666666666667,0.2549001438472198,0.7415,0.44150000000000006,2.471658427805241,232.10649127371795,0.5734685088822852,120.66500000000002,141.44
2026-04-01 08:54:35,0.3,73.92,1.0228,173.25,0.3246,74.42,Danger,0.5491333333333334,0.41039173156063136,1.0228,0.7104999999999999,3.2750455490056067,102.36293035749657,0.6967126232420932,99.07999999999998,173.25
2026-04-01 08:54:40,0.1532,290.23,0.1155,262.72,0.1267,294.31,Safe,0.1318,0.019360526852335396,0.1532,-0.024450000000000013,0.8252888510978842,282.5150085974549,0.9702478815888649,29.549999999999955,97.27999999999997
2026-04-01 08:54:45,1.2413,331.33,1.0436,300.51,1.2244,288.24,Danger,1.1697666666666668,0.10958979575368011,1.2413,-0.18924999999999992,0.8464932096417168,306.54506313008557,0.9505810632500598,9.275000000000034,59.49000000000001
2026-04-01 08:54:50,0.21,92.96,0.2105,84.67,0.2143,70.4,Safe,0.2116,0.002351595203260968,0.2143,-0.0016500000000000126,0.9922178071279418,82.6895706314882,0.9868214041632448,2.990000000000009,84.67
2026-04-01 08:54:55,0.3,91.85,0.5725,182.63,0.3,113.45,Danger,0.39083333333333337,0.15732794835417305,0.5725,0.2725,1.9083269722434262,127.37468306546359,0.784799563187154,79.98000000000002,177.37
2026-04-01 08:55:00,0.0789,278.2,0.0311,247.94,0.1174,286.41,Safe,0.07579999999999999,0.04323343613454753,0.1174,-0.06705,0.3168587176900897,270.9873058027463,0.9587529964317177,34.36500000000001,112.06
2026-04-01 08:55:05,0.4103,86.85,1.5075,162.13,0.4077,72.65,Danger,0.7751666666666668,0.6342206030501795,1.5075,1.0985,3.6858100591441096,104.83600267442525,0.7792612608066167,82.38,162.13
2026-04-01 08:55:10,0.3,110.62,0.5753,189.96,0.3,94.45,Danger,0.39176666666666665,0.158944529107904,0.5753,0.27530000000000004,1.917660274465752,128.79289785589648,0.7526841937757975,87.42500000000001,170.04
2026-04-01 08:55:15,0.1597,91.54,0.15,97.71,0.1826,115.63,Safe,0.1641,0.01673947430476836,0.1826,-0.02115000000000003,0.8764190685418138,101.59824137115717,0.9841634761078628,5.875,97.71
2026-04-01 08:55:20,0.0881,101.08,0.057,116.64,0.0554,94.53,Safe,0.06683333333333334,0.018434840203628924,0.0881,-0.014749999999999992,0.7944140151356777,104.06486106147075,0.9869465499071443,18.835000000000008,116.64
2026-04-01 08:55:25,0.639,192.85,0.8566,211.21,0.5746,244.89,Danger,0.6900666666666666,0.1477729790365388,0.8566,0.24980000000000002,1.4116654389165475,216.13312368638444,0.9305142047662476,7.659999999999968,148.79
2026-04-01 08:55:30,0.3658,79.53,1.2916,154.14,0.4932,101.72,Danger,0.7168666666666667,0.5017932774891801,1.2916,0.8621000000000001,3.00721069333948,111.01052416491967,0.8565036069060931,63.514999999999986,154.14
2026-04-01 08:55:35,0.2051,117.02,0.2078,112.37,0.2952,100.99,Safe,0.23603333333333334,0.0512576173200953,0.2952,-0.04234999999999997,0.8306982582520159,110.13387722498271,0.9931057751963122,3.365000000000009,112.37
2026-04-01 08:55:40,0.4621,54.9,1.3899,183.31,0.4857,75.54,Danger,0.7792333333333333,0.5289844736221785,1.3899,0.9159999999999999,2.9328910468642184,95.73517347907796,0.5791435046519313,118.09000000000003,176.69
2026-04-01 08:55:45,0.3,243.36,0.68,180.21,0.3,259.9,Danger,0.4266666666666667,0.21939310229205783,0.68,0.38000000000000006,2.266659111136297,229.2133319386117,0.8285531500170864,71.41999999999999,179.79
2026-04-01 08:55:50,0.3,271.98,0.6011,197.58,0.3,279.96,Danger,0.4003666666666667,0.17384016605299632,0.6011,0.3011,2.0036599878000407,251.9343218469832,0.8016425902538655,78.39000000000001,162.42
2026-04-01 08:55:55,0.7604,121.91,1.1148,178.74,0.9975,98.34,Danger,0.9575666666666667,0.1805431896620123,1.1148,0.23585,1.2683300889355607,131.97236170826125,0.8340618139366464,68.61500000000001,178.74
2026-04-01 08:56:00,0.2473,257.57,0.2606,237.53,0.198,262.6,Safe,0.23529999999999998,0.03298014554243203,0.2606,0.037949999999999984,1.1704416328693785,252.60550954222438,0.9822189537263651,22.555000000000035,122.47
2026-04-01 08:56:05,1.0019,312.57,0.9525,292.7,1.0081,187.1,Danger,0.9875000000000002,0.030469000639994734,1.0081,-0.05249999999999988,0.9477602509848251,272.2508463412424,0.5946557909262902,42.86500000000001,67.30000000000001
2026-04-01 08:56:10,0.1689,73.71,0.1738,93.13,0.0945,81.62,Safe,0.14573333333333335,0.044436959091879065,0.1738,0.042100000000000026,1.3196558871990345,82.81423597631073,0.9903402341684988,15.464999999999975,93.13
2026-04-01 08:56:15,0.3,113.66,0.928,191.19,0.3381,105.33,Danger,0.5220333333333333,0.35209317422144576,0.928,0.6089500000000001,2.9086258936659033,134.31888191150264,0.7856451329932015,81.695,168.81
2026-04-01 08:56:20,0.1929,102.82,0.2294,60.74,0.2556,98.63,Safe,0.22596666666666665,0.03149068645382843,0.2556,0.005149999999999988,1.022960878658289,87.64111551627713,0.9461886526862252,39.984999999999985,60.74000000000001
2026-04-01 08:56:25,0.0238,71.98,0.0737,116.31,0.1213,87.1,Safe,0.07293333333333334,0.04875452115787143,0.1213,0.0011499999999999982,1.015837135256578,91.67618819720683,0.9490984612850331,36.76999999999998,116.31
2026-04-01 08:56:30,0.3,301.62,0.947,191.17,0.3,267.59,Danger,0.5156666666666666,0.3735456241656879,0.947,0.647,3.1566561444795185,256.2879004819732,0.701452087421882,93.43500000000003,168.83
2026-04-01 08:56:35,0.2444,94.01,0.2389,77.34,0.2985,125.34,Safe,0.2606,0.032937364800481525,0.2985,-0.03254999999999997,0.8800851719094792,98.74856791702699,0.9406014771841357,32.33500000000001,77.34
2026-04-01 08:56:40,0.9802,262.25,1.1278,222.08,1.1072,303.3,Danger,1.0717333333333332,0.0799365581779284,1.1278,0.08410000000000006,1.0805776750237857,262.5152802415607,0.8394325501831085,60.694999999999965,137.92
2026-04-01 08:56:45,0.3866,92.66,1.1416,172.35,0.3982,66.5,Danger,0.6421333333333333,0.43258970553323767,1.1416,0.7492,2.9092688346869657,107.3136343707843,0.7154517572194619,92.76999999999998,172.35
2026-04-01 08:56:50,0.4405,270.94,1.2157,178.25,0.3451,278.69,Danger,0.6671,0.47749006272382255,1.2157,0.8229,3.0949513875983,246.9756262506631,0.7091039765379215,96.565,178.25
2026-04-01 08:56:55,0.0544,291.1,0.0658,244.68,0.0855,305.08,Safe,0.06856666666666666,0.015733509886015056,0.0855,-0.004150000000000001,0.9406584609226458,280.81102258443246,0.9010720403407224,53.40999999999997,115.32
2026-04-01 08:57:00,0.0209,266.09,0.0806,274.3,0.0411,241.38,Safe,0.04753333333333334,0.030365495769595685,0.0806,0.049600000000000005,2.599916131737686,260.66522065736615,0.97040847805323,20.565000000000026,85.69999999999999
2026-04-01 08:57:05,0.3,110.07,0.7784,210.65,0.3,102.15,Danger,0.4594666666666667,0.27620436878031696,0.7784,0.4784,2.5946580178066077,135.1392378109173,0.6649224748532496,104.54000000000002,149.35
2026-04-01 08:57:10,0.2636,267.38,0.1984,264.36,0.226,291.02,Safe,0.2293333333333333,0.03272756228828132,0.2636,-0.046400000000000025,0.8104542056609245,274.19449520836815,0.9784771693892124,14.839999999999975,95.63999999999999
2026-04-01 08:57:15,0.3,64.9,0.8514,179.04,0.3,65.75,Danger,0.4838,0.31835093843115964,0.8514,0.5514000000000001,2.8379905400315337,95.13885040029963,0.6138289885394191,113.71499999999997,179.04
2026-04-01 08:57:20,0.6563,335.39,0.4533,266.36,0.512,298.16,Danger,0.5405333333333333,0.10446465111861204,0.6563,-0.13084999999999997,0.7759979868219005,299.8497391985788,0.8824190253511782,50.414999999999964,93.63999999999999
2026-04-01 08:57:25,0.2272,264.49,0.2664,265.38,0.2246,269.07,Safe,0.23940000000000003,0.023418795869984448,0.2664,0.040500000000000036,1.179277648173315,266.31309505438526,0.9994012693403962,1.400000000000034,94.62
2026-04-01 08:57:30,0.9904,294.82,1.0449,33.1,1.1219,329.55,Danger,1.0523999999999998,0.0660700385954178,1.1219,-0.011249999999999982,0.9893471672137791,337.7226656699769,0.7635082386927085,80.91500000000002,33.099999999999994
2026-04-01 08:57:35,0.3438,265.78,1.1181,191.6,0.3,261.53,Danger,0.5873,0.460207659649424,1.1181,0.7962000000000001,3.47342816580253,241.24252064643667,0.8317363674047669,72.05499999999998,168.4
2026-04-01 08:57:40,0.1899,294.79,0.2886,278.15,0.2566,281.62,Safe,0.24503333333333335,0.050356363384713686,0.2886,0.06535000000000002,1.2927153741752557,284.8423346488009,0.9921903774561407,10.055000000000007,81.85000000000002
2026-04-01 08:57:45,0.3,288.71,0.9633,207.46,0.3631,279.86,Danger,0.5421333333333334,0.36610302284102125,0.9633,0.63175,2.905435362885348,260.62167217730774,0.808646025675952,76.82499999999996,152.54
2026-04-01 08:57:50,0.3164,73.62,1.1225,187.02,0.3624,94.36,Danger,0.6004333333333334,0.4527076356030825,1.1225,0.7831,3.3072972678336248,113.20888568176693,0.6652718838790331,103.02999999999997,172.98
2026-04-01 08:57:55,0.3126,225.33,0.4292,280.43,0.669,220.84,Danger,0.47026666666666667,0.18171431790955092,0.669,-0.06159999999999999,0.8744888457847478,241.43701653178098,0.8913486883664823,57.34500000000003,79.57
2026-04-01 08:58:00,0.3,250.36,0.9416,187.77,0.3007,256.54,Danger,0.5141,0.3702260255573614,0.9416,0.64125,3.134998718166412,232.72913160060983,0.8585072337974187,65.67999999999998,172.23
2026-04-01 08:58:05,0.3,275.08,1.0005,195.3,0.3,279.69,Danger,0.5335,0.40443386356733285,1.0005,0.7004999999999999,3.334988883370389,252.50849556943575,0.7848495599290694,82.08499999999998,164.7
2026-04-01 08:58:10,0.3943,84.57,1.2337,178.43,0.5198,62.11,Danger,0.7159333333333334,0.45276848756658555,1.2337,0.7766500000000001,2.6992611327838687,102.91466196981119,0.652081047286167,105.09000000000003,178.43
2026-04-01 08:58:15,0.2801,80.84,0.2264,94.63,0.2116,94.97,Safe,0.23936666666666664,0.03604390840812541,0.2801,-0.019450000000000023,0.9208829738337447,90.15693500079367,0.9934119226233336,6.724999999999994,94.63
2026-04-01 08:58:20,0.1181,277.25,0.1527,233.64,0.1135,285.19,Safe,0.1281,0.021428019040499287,0.1527,0.0369,1.3186414625089593,265.763260140247,0.9233148255420854,47.58000000000004,126.36000000000001
2026-04-01 08:58:25,0.7978,80.56,0.5489,135.71,0.759,121.88,Danger,0.7019000000000001,0.13391456231493268,0.7978,-0.22949999999999993,0.705163533962572,113.08354709382901,0.918147034074905,34.49000000000001,135.71
2026-04-01 08:58:30,0.2066,103.33,0.2013,97.45,0.1685,74.2,Safe,0.19213333333333335,0.020637910100912184,0.2066,0.013750000000000012,1.0733080602076235,91.72099677237813,0.9760518322634109,8.685000000000002,97.45
2026-04-01 08:58:35,0.3,254.37,0.4548,176.22,0.3,279.09,Danger,0.35159999999999997,0.08937382167055408,0.4548,0.1548,1.5159949466835112,239.5183872513481,0.7289219976866363,90.51000000000002,176.22
2026-04-01 08:58:40,0.2177,104.69,0.2169,106.37,0.2246,92.68,Safe,0.21973333333333334,0.004233595792388932,0.2246,-0.004250000000000004,0.9807778395756745,101.25437204834769,0.9943475688275785,7.685000000000002,106.37
2026-04-01 08:58:45,0.3,77.85,0.475,208.96,0.3,110.52,Danger,0.35833333333333334,0.1010362971081845,0.475,0.175,1.5833280555731482,125.36823426578799,0.5845250955667431,114.77500000000003,151.04
2026-04-01 08:58:50,0.0341,276.5,0.0906,285.18,0.1553,275.62,Safe,0.09333333333333334,0.060646214501264076,0.1553,-0.0040999999999999925,0.9566952830487535,279.0972011226711,0.9971671992147685,9.120000000000005,74.82
2026-04-01 08:58:55,0.1146,260.24,0.0994,287.17,0.1446,273.03,Safe,0.11953333333333334,0.023000289853246054,0.1446,-0.03019999999999999,0.766969390668282,273.4758010074488,0.9816596178190631,20.535000000000025,72.82999999999998
2026-04-01 08:59:00,0.0434,46.76,0.0781,88.72,0.0731,78.19,Safe,0.06486666666666667,0.018758020506794777,0.0781,0.019850000000000007,1.340749515029785,71.38041061226916,0.9521961773121327,26.245000000000005,88.72
2026-04-01 08:59:05,1.3087,146.61,1.2108,190.86,1.2163,148.52,Danger,1.2452666666666665,0.05500366654445256,1.3087,-0.05169999999999986,0.9590487453079247,161.67765395445326,0.9374797681818265,43.29499999999999,169.14
2026-04-01 08:59:10,0.3,263.49,1.0352,172.47,0.3,278.8,Danger,0.5450666666666667,0.4244679179082128,1.0352,0.7351999999999999,3.450655164482785,242.78485528924574,0.6937083453566294,98.67499999999998,172.47
2026-04-01 08:59:15,0.01,267.25,0.0591,278.74,0.0867,286.02,Safe,0.05193333333333333,0.0388489811106203,0.0867,0.010750000000000003,1.2223118446360985,277.3429496969459,0.9909272975132655,2.105000000000018,81.25999999999999
2026-04-01 08:59:20,0.1608,52.64,0.2232,77.02,0.1698,106.64,Safe,0.18460000000000001,0.03373010524738991,0.2232,0.05790000000000001,1.3502640637382715,78.69829501172175,0.9271144621364067,2.6200000000000045,77.02
2026-04-01 08:59:25,0.1024,96.91,0.1469,67.86,0.0834,89.68,Safe,0.1109,0.03259217697546453,0.1469,0.05399999999999999,1.5812531619681165,84.86819498754708,0.9769113888437964,25.435000000000002,67.86
2026-04-01 08:59:30,0.3,268.36,1.0495,173.44,0.3381,264.96,Danger,0.5625333333333334,0.42215554400402394,1.0495,0.73045,3.2894427536663424,239.46278287225027,0.72815584823565,93.21999999999997,173.44
2026-04-01 08:59:35,0.1298,284.73,0.11,252.2,0.2106,250.78,Safe,0.15013333333333334,0.0532932766241046,0.2106,-0.06020000000000002,0.6462946751194175,262.42848137653016,0.9629039580491696,15.555000000000007,107.80000000000001
2026-04-01 08:59:40,0.3,85.98,1.0167,169.19,0.3,53.46,Danger,0.5389,0.41378693792820476,1.0167,0.7166999999999999,3.388988703370989,99.05095803917509,0.6712018532077539,99.47000000000003,169.19
2026-04-01 08:59:45,0.2867,239.55,0.2513,246.72,0.2776,262.84,Safe,0.2718666666666667,0.018383235116086968,0.2867,-0.03084999999999999,0.8906578392421081,249.6829099806094,0.9856050468012083,4.474999999999994,113.28
2026-04-01 08:59:50,0.2628,236.79,0.2448,303.07,0.1969,282.46,Safe,0.2348333333333333,0.03406175763717035,0.2628,0.014949999999999991,1.0650377853478992,274.6087590225992,0.8865733557102639,43.44499999999999,56.93000000000001
2026-04-01 08:59:55,0.0803,85.66,0.0925,63.44,0.0711,89.46,Safe,0.0813,0.010734989520255716,0.0925,0.01680000000000001,1.2219125242731272,79.57058483167239,0.9800432050033263,24.120000000000005,63.44
2026-04-01 09:00:00,0.1384,261.05,0.1578,274.92,0.1548,267.15,Safe,0.15033333333333335,0.010442860399973435,0.1578,0.011199999999999988,1.0763910205250986,267.70530461872437,0.9950989722877958,10.82000000000005,85.07999999999998
2026-04-01 09:00:05,0.365,109.06,1.2326,140.46,0.324,72.21,Danger,0.6405333333333333,0.5131544147070483,1.2326,0.8880999999999999,3.5779286562303154,107.36106182013008,0.884975398804308,49.82499999999999,140.46
2026-04-01 09:00:10,0.3,290.63,0.8904,188.81,0.3,271.21,Danger,0.49679999999999996,0.34086759892955504,0.8904,0.5904,2.9679901066996446,253.60043755639703,0.7257984593353375,92.10999999999996,171.19
2026-04-01 09:00:15,0.1318,68.74,0.1467,64.05,0.0929,74.84,Safe,0.12379999999999998,0.027777868888739468,0.1467,0.03434999999999999,1.3057293660047529,69.20930525010355,0.9970299846951562,7.740000000000009,64.05
2026-04-01 09:00:20,0.2811,264.74,0.2623,288.58,0.237,274.5,Safe,0.2601333333333333,0.02212969347581059,0.2811,0.003249999999999975,1.0125419318975801,275.9295358380165,0.9854678751174056,18.95999999999998,71.42000000000002
2026-04-01 09:00:25,0.2484,103.43,0.2847,78.27,0.1972,74.98,Safe,0.2434333333333333,0.043960929623170324,0.2847,0.06190000000000001,1.2778219128280395,85.48871199737945,0.97555785838324,10.935000000000002,78.27
2026-04-01 09:00:30,0.2327,105.03,0.219,68.21,0.2322,122.62,Safe,0.22796666666666665,0.007769384359994892,0.2327,-0.01344999999999999,0.9421340411527591,98.87226447852541,0.9232486963256497,45.61500000000001,68.21
2026-04-01 09:00:35,0.3172,72.6,1.0707,186.51,0.3,79.38,Danger,0.5626333333333333,0.44008267783830496,1.0707,0.7621,3.469528614618877,105.62975074629053,0.6312535840887106,110.51999999999998,173.49
2026-04-01 09:00:40,1.3856,73.66,1.1585,338.5,1.2114,18.64,Danger,1.2518333333333336,0.11882652621924668,1.3856,-0.1399999999999999,0.8921826013226021,22.913617795165845,0.7814267144328707,67.64999999999998,21.5
2026-04-01 09:00:45,0.1306,235.19,0.1229,283.6,0.153,266.02,Safe,0.13549999999999998,0.015636815532582074,0.153,-0.018899999999999986,0.8667075690580462,261.7398365999146,0.9399507691666202,32.995000000000005,76.39999999999998
2026-04-01 09:00:50,0.3243,112.41,0.8619,162.91,0.3,77.49,Danger,0.4954,0.31763077621666325,0.8619,0.54975,2.761163667583958,117.04673495474242,0.8213648949003896,67.95999999999998,162.91
2026-04-01 09:00:55,0.4663,83.14,1.5328,192.27,0.51,84.12,Danger,0.8363666666666667,0.6035246170069066,1.5328,1.0446499999999999,3.14001200448222,113.04919378425767,0.6430198381943136,108.63999999999999,167.73
2026-04-01 09:01:00,0.1108,264.82,0.1308,265.51,0.1333,258.12,Safe,0.12496666666666667,0.012332207155790621,0.1333,0.008750000000000008,1.0716831488476128,262.8179548804843,0.9983087657065346,4.039999999999964,94.49000000000001
2026-04-01 09:01:05,0.3,82.15,0.7153,175.61,0.3,100.55,Danger,0.4384333333333334,0.2397735667944516,0.7153,0.41530000000000006,2.3843253855820485,116.97592366836355,0.766859643059305,84.25999999999999,175.61
2026-04-01 09:01:10,0.2014,263.69,0.1739,290.8,0.1633,249.62,Safe,0.17953333333333332,0.0196647739202192,0.2014,-0.008450000000000013,0.9536553131049459,267.9409670602124,0.956007614029222,34.14500000000004,69.19999999999999
2026-04-01 09:01:15,0.7838,26.87,0.9668,352.97,0.7522,26.06,Danger,0.8342666666666666,0.11585962771100781,0.9668,0.19879999999999998,1.2588525275357714,15.445266805632428,0.9623728052923961,33.49499999999995,7.029999999999973
2026-04-01 09:01:20,0.1765,81.64,0.132,69.11,0.0931,85.55,Safe,0.13386666666666666,0.0417313231677757,0.1765,-0.002799999999999997,0.9792212223944926,78.77627626774128,0.992524454528592,14.485000000000014,69.11
2026-04-01 09:01:25,0.2832,240.77,0.244,309.53,0.259,238.72,Safe,0.26206666666666667,0.01977911356288076,0.2832,-0.027100000000000013,0.9000335668256481,261.5530023530987,0.8419998910783228,69.78499999999997,50.47000000000003
2026-04-01 09:01:30,0.2605,83.09,0.1612,68.91,0.1049,88.66,Safe,0.17553333333333332,0.07878402968453273,0.2605,-0.02149999999999999,0.8823159150743565,80.23401947362095,0.9894987836005948,16.965000000000003,68.91
2026-04-01 09:01:35,0.4085,260.96,1.4713,161.68,0.4444,250.23,Danger,0.7747333333333333,0.6035114276741853,1.4713,1.04485,3.4501032943995913,228.17392387905113,0.7221204402885906,93.91499999999999,161.68
2026-04-01 09:01:40,0.1767,95.1,0.2068,96.4,0.2136,61.86,Safe,0.1990333333333333,0.01963780367895895,0.2136,0.011650000000000021,1.0596922383180205,84.60360684126096,0.9614635844867949,17.920000000000016,96.4
2026-04-01 09:01:45,0.1363,91.27,0.1354,117.64,0.1724,91.2,Safe,0.14803333333333332,0.021106949882286008,0.1724,-0.018949999999999995,0.8772213979825204,99.96618643527572,0.9765409281564078,26.405,117.64
2026-04-01 09:01:50,0.0646,222.17,0.0705,264.93,0.09,245.71,Safe,0.07503333333333333,0.013292980603812423,0.09,-0.006800000000000014,0.9120192494275622,244.3045853694694,0.9539679721297029,30.99000000000001,95.07
2026-04-01 09:01:55,0.2175,288.62,0.225,260.59,0.1816,299.97,Safe,0.20803333333333332,0.023197054410707692,0.225,0.02545,1.1275313077859794,283.17071372989153,0.9587144211764966,33.70500000000004,99.41000000000003
2026-04-01 09:02:00,0.3,291.22,0.6898,193.16,0.3,278.77,Danger,0.42993333333333333,0.2250511349301161,0.6898,0.3898,2.2993256689144372,257.93084637093756,0.7322445693761048,91.83500000000001,166.84
2026-04-01 09:02:05,0.1527,114.56,0.1614,63.06,0.1774,70.57,Safe,0.16383333333333333,0.01252850084141488,0.1774,-0.0036500000000000143,0.9778795644982459,82.31937372594795,0.922965959638588,29.504999999999995,63.06
2026-04-01 09:02:10,0.3,104.53,0.5921,183.27,0.3,110.14,Danger,0.39736666666666665,0.16864401363028966,0.5921,0.29209999999999997,1.9736600877997075,130.74393963804,0.8138622623179572,75.935,176.73
2026-04-01 09:02:15,1.1281,245.39,1.1112,271.27,1.0156,287.91,Danger,1.0849666666666666,0.060664679454632685,1.1281,0.039349999999999996,1.0367112593074972,268.26284751777735,0.9539245900781301,4.619999999999948,88.73000000000002
2026-04-01 09:02:20,0.617,321.52,0.4224,334.86,0.6163,42.94,Danger,0.5519,0.11215083593090155,0.617,-0.19424999999999992,0.6849903754311597,351.40404497141606,0.8158866832632111,27.370000000000005,25.139999999999986
2026-04-01 09:02:25,0.0662,66.19,0.0514,53.28,0.0405,100.16,Safe,0.0527,0.012899224782908465,0.0662,-0.0019499999999999934,0.963430863526457,73.0096521401256,0.9413443192503355,29.89500000000001,53.28
2026-04-01 09:02:30,1.0653,296.53,1.075,274.83,1.0237,265.84,Danger,1.0546666666666666,0.027252950910558838,1.075,0.03049999999999997,1.0291995890860803,279.01602515792,0.9748834192523869,6.354999999999961,85.17000000000002
2026-04-01 09:02:35,0.2613,104.49,0.2761,92.84,0.3177,79.98,Safe,0.2850333333333333,0.0292419789572001,0.3177,-0.013399999999999967,0.9537100044559433,92.4397767541342,0.9847960981339414,0.6050000000000182,92.84
2026-04-01 09:02:40,0.1068,52.62,0.0772,121.86,0.0969,119.3,Safe,0.09363333333333333,0.015067957171870821,0.1068,-0.02464999999999999,0.7579699757488881,99.25813992742565,0.8497479779185593,35.900000000000006,121.86
2026-04-01 09:02:45,0.7389,171.75,0.7908,223.55,0.5814,180.95,Danger,0.7037,0.10904755843208958,0.7908,0.13064999999999993,1.1979077514083898,191.69944713551774,0.9239578811408471,47.20000000000002,136.45
2026-04-01 09:02:50,0.1067,70.69,0.0898,98.94,0.0923,103.31,Safe,0.09626666666666667,0.009121586119383698,0.1067,-0.0097,0.9025034924272117,91.08357140173811,0.9684177017691652,11.939999999999998,98.94
2026-04-01 09:02:55,0.3231,284.7,0.7866,174.21,0.3,268.91,Danger,0.4699,0.27451333300952796,0.7866,0.47505,2.524787273993664,247.8373950035509,0.6716948871362459,102.595,174.21
2026-04-01 09:03:00,0.1085,89.24,0.1069,50.46,0.0986,111.68,Safe,0.10466666666666664,0.005314445722117534,0.1085,0.003349999999999992,1.032341551506021,84.07052572469277,0.9049596885409215,50.0,50.46000000000001
2026-04-01 09:03:05,0.246,286.89,0.2021,293.8,0.1869,237.99,Safe,0.21166666666666667,0.03068946616240388,0.246,-0.014350000000000002,0.9336986200109956,273.4509778104895,0.9082401323767757,31.36000000000007,66.19999999999999
2026-04-01 09:03:10,0.432,91.64,1.1723,214.28,0.3248,133.47,Danger,0.6430333333333332,0.461481704223833,1.1723,0.7938999999999999,3.0980362102637153,143.01333558017762,0.6438559195303516,101.72500000000002,145.72
2026-04-01 09:03:15,0.0237,96.74,0.1253,78.95,0.105,68.06,Safe,0.08466666666666667,0.053765447392664124,0.1253,0.060950000000000004,1.9471336886761668,81.22575578034514,0.9788301604062088,3.4499999999999886,78.95
2026-04-01 09:03:20,0.1396,61.54,0.1485,123.94,0.1111,129.8,Safe,0.13306666666666667,0.01953722941804526,0.1485,0.023149999999999976,1.184673436988935,106.24771799509693,0.8600343270378146,28.269999999999982,123.94
2026-04-01 09:03:25,0.5657,251.7,1.6618,193.03,0.4686,260.11,Danger,0.8986999999999999,0.6626449350896753,1.6618,1.14465,3.2133748170263616,235.94450748788188,0.869055520107633,62.875,166.97
2026-04-01 09:03:30,0.2102,257.66,0.2201,255.16,0.2165,295.83,Safe,0.2156,0.005010987926547017,0.2201,0.006750000000000006,1.0316333178658643,269.3123411197625,0.9479456706281553,21.585000000000008,104.84
2026-04-01 09:03:35,0.7081,188.24,0.7336,199.4,0.8709,228.61,Danger,0.7708666666666666,0.08756462375487795,0.8709,-0.05589999999999995,0.9291945165363945,205.29081923887114,0.9563594154410848,9.025000000000006,160.6
2026-04-01 09:03:40,0.7133,332.95,1.0539,320.53,0.8835,0.06,Danger,0.8835666666666667,0.17030000978665075,1.0539,0.25550000000000006,1.3200133767367526,337.7479745580085,0.9589371400304965,25.975000000000023,39.47000000000003
2026-04-01 09:03:45,0.01,91.58,0.0158,82.67,0.0304,116.22,Safe,0.018733333333333334,0.01051158091503525,0.0304,-0.004399999999999998,0.7821394980446513,96.74853596046073,0.9695682849219122,21.230000000000018,82.67
2026-04-01 09:03:50,0.5931,358.76,0.3565,278.31,0.4854,291.38,Danger,0.47833333333333333,0.1184581923436844,0.5931,-0.18275000000000002,0.6611021583641012,307.8409645346463,0.8198401345481824,46.75999999999999,81.69
2026-04-01 09:03:55,0.3,75.43,0.5505,178.48,0.3,103.19,Danger,0.3835,0.14462624243200126,0.5505,0.2505,1.8349938833537223,116.38481233339567,0.7322767923614536,89.17000000000002,178.48
2026-04-01 09:04:00,0.4536,88.44,1.3478,162.88,0.3521,68.93,Danger,0.7178333333333334,0.5479224975608625,1.3478,0.9449500000000001,3.345653852168668,104.33058012635496,0.7662237341995253,84.195,162.88
2026-04-01 09:04:05,0.3,61.81,0.8208,173.96,0.3,79.86,Danger,0.4736,0.30068402019395707,0.8208,0.5207999999999999,2.7359908800304003,99.95655362260142,0.6670426228458987,103.125,173.96
2026-04-01 09:04:10,0.3,268.42,0.9436,161.73,0.3,272.83,Danger,0.5145333333333334,0.3715826332504431,0.9436,0.6436,3.145322848923837,241.1607040423935,0.6411533349298651,108.89500000000001,161.73
2026-04-01 09:04:15,0.2127,218.93,0.1843,269.24,0.1662,254.57,Safe,0.18773333333333334,0.023439354371085686,0.2127,-0.005150000000000016,0.9728109115285746,247.81200964288354,0.9331819132163189,32.49000000000001,90.75999999999999
2026-04-01 09:04:20,0.3,77.86,0.7414,168.51,0.3,67.03,Danger,0.4471333333333333,0.2548424088203008,0.7414,0.44139999999999996,2.471325095583015,100.25295487156905,0.7105269941910086,96.065,168.51
2026-04-01 09:04:25,0.0626,65.15,0.0381,112.95,0.0673,51.7,Safe,0.056,0.01567896680269462,0.0673,-0.026850000000000006,0.5865960493294945,76.02904580299007,0.8975624556262665,54.525000000000006,112.95
2026-04-01 09:04:30,0.2162,260.63,0.2465,302.25,0.2202,296.3,Safe,0.22763333333333335,0.016460963924792897,0.2465,0.028299999999999992,1.129692347881082,286.6070247419062,0.949218155813027,23.785000000000025,57.75
2026-04-01 09:04:35,0.0727,81.4,0.0703,74.3,0.0785,125.45,Safe,0.07383333333333335,0.004215843134336633,0.0785,-0.005299999999999999,0.9298818798693139,93.30755394577317,0.9235618169731737,29.125,74.3
2026-04-01 09:04:40,0.1659,268.84,0.1821,257.32,0.2044,266.16,Safe,0.18413333333333334,0.019330373336625795,0.2044,-0.0030499999999999694,0.9835215580796216,264.11002473765893,0.996313498867054,10.180000000000007,102.68
2026-04-01 09:04:45,0.424,285.51,1.469,212.91,0.4748,251.13,Danger,0.7892666666666667,0.5892140641000801,1.469,1.0196,3.268795574553684,249.9450893884698,0.8705033577061178,55.41,147.09
2026-04-01 09:04:50,0.2089,66.87,0.2185,68.07,0.1662,111.89,Safe,0.19786666666666666,0.02784103685808655,0.2185,0.030950000000000005,1.1650164488592436,81.9302977144868,0.9343041588194139,21.310000000000002,68.07
2026-04-01 09:04:55,0.279,278.72,0.2419,309.85,0.2806,254.67,Safe,0.2671666666666667,0.021896194494325578,0.2806,-0.037900000000000045,0.8645430144995907,280.9833505000736,0.9237829042979836,43.15500000000003,50.14999999999998
2026-04-01 09:05:00,0.075,278.64,0.0688,273.61,0.034,272.9,Safe,0.05926666666666666,0.02210007541465262,0.075,0.0143,1.2623621584925047,275.0494352934199,0.9990059657558844,2.159999999999968,86.38999999999999
2026-04-01 09:05:05,0.3525,232.31,1.4829,184.23,0.4036,301.6,Danger,0.7463333333333334,0.6383969324278849,1.4829,1.10485,3.9224866486267733,237.7154533478518,0.6769204072737395,82.725,175.77
2026-04-01 09:05:10,0.6369,42.44,0.6053,88.19,0.4973,96.54,Danger,0.5798333333333333,0.07320145718039588,0.6369,0.0381999999999999,1.067358371789152,76.19199049348869,0.9157343445840859,18.69999999999999,88.19
2026-04-01 09:05:15,0.1154,267.8,0.1499,284.37,0.1475,266.85,Safe,0.13759999999999997,0.019263177308014374,0.1499,0.018449999999999994,1.1403488752462894,272.98803570006373,0.9901679431324659,17.04499999999996,75.63
2026-04-01 09:05:20,0.1663,109.91,0.1412,54.26,0.1903,147.83,Safe,0.16593333333333335,0.024552053546156447,0.1903,-0.03710000000000002,0.791919282561511,104.78498533745716,0.7875204979959463,74.61000000000001,54.25999999999999
2026-04-01 09:05:25,0.2128,270.02,0.1849,259.48,0.2319,285.52,Safe,0.20986666666666665,0.023636906170929665,0.2319,-0.03744999999999998,0.8315681062824094,271.65897386419863,0.9826546452534013,18.289999999999964,100.51999999999998
2026-04-01 09:05:30,0.3276,66.54,1.0439,188.52,0.3909,122.43,Danger,0.5874666666666667,0.3965479332102657,1.0439,0.68465,2.9057678336316393,124.9410426065102,0.6559914380397696,94.03499999999997,171.48
2026-04-01 09:05:35,0.3683,254.86,1.1793,165.96,0.3349,253.81,Danger,0.6275000000000001,0.47816453235262024,1.1793,0.8277,3.3540860236461216,228.09945630339885,0.7537381360670894,88.37499999999997,165.96
2026-04-01 09:05:40,0.3717,80.77,1.3346,180.03,0.3356,85.71,Danger,0.6806333333333333,0.5666393062022201,1.3346,0.98095,3.773776972212718,111.08342094604826,0.7086832530333946,96.79000000000002,179.97
2026-04-01 09:05:45,0.3,267.79,0.8785,153.5,0.3157,277.97,Danger,0.4980666666666666,0.32955843690206643,0.8785,0.57065,2.8536532283474805,242.75178456293295,0.5786819183752444,119.38,153.5
2026-04-01 09:05:50,0.3,280.74,0.7,180.09,0.3,263.03,Danger,0.43333333333333335,0.23094010767585027,0.7,0.39999999999999997,2.3333255555814816,244.68504612251766,0.7288816422571384,91.79499999999999,179.91
2026-04-01 09:05:55,0.1636,63.37,0.1755,114.37,0.213,92.44,Safe,0.1840333333333333,0.025781841154838676,0.213,-0.012800000000000006,0.9320184173212038,90.14249773010395,0.9346405095822041,36.465,114.37
2026-04-01 09:06:00,0.1658,70.85,0.2177,86.56,0.1895,86.61,Safe,0.19099999999999998,0.02598249410660955,0.2177,0.04005,1.2254363893251374,81.35474338195932,0.9916374750665983,7.829999999999984,86.56
2026-04-01 09:06:05,0.1708,248.95,0.1962,296.61,0.1045,296.42,Safe,0.15716666666666665,0.04734578474725426,0.1962,0.05855000000000002,1.4253438042585962,281.08923458154163,0.9249023207926201,23.92500000000001,63.389999999999986
2026-04-01 09:06:10,0.2191,302.59,0.2001,287.92,0.1661,263.29,Safe,0.19510000000000002,0.0268514431641951,0.2191,0.007500000000000007,1.0389354157039683,284.666615095627,0.9603539529849516,4.980000000000075,72.07999999999998
2026-04-01 09:06:15,0.3468,235.32,1.0555,151.64,0.3585,254.27,Danger,0.5869333333333334,0.4058328021899331,1.0555,0.7028500000000001,2.9930441144360858,217.29019394544892,0.7206832235657111,93.155,151.64
2026-04-01 09:06:20,0.3,265.24,1.0598,176.55,0.3,237.36,Danger,0.5532666666666667,0.4386707345302777,1.0598,0.7598,3.5326548911503637,227.66012402340834,0.8020110880163966,74.74999999999997,176.55
2026-04-01 09:06:25,0.1685,74.73,0.2033,54.76,0.1437,109.86,Safe,0.17183333333333337,0.02993949454037816,0.2033,0.04719999999999999,1.3023619323386781,79.57813400484774,0.9225406922651935,37.535,54.75999999999999
2026-04-01 09:06:30,0.4688,92.64,1.4885,173.75,0.4418,92.27,Danger,0.7997000000000001,0.5966710400212164,1.4885,1.0332,3.2692658263434518,117.13249441771663,0.7891868860781304,81.29500000000002,173.75
2026-04-01 09:06:35,0.3,114.95,0.7227,194.3,0.3,82.66,Danger,0.4409,0.2440459587864548,0.7227,0.4227,2.408991970026767,127.40945725507072,0.6930432993421058,95.495,165.7
2026-04-01 09:06:40,0.097,235.0,0.1185,254.0,0.0757,231.84,Safe,0.09706666666666668,0.021400077881478217,0.1185,0.032149999999999984,1.3723060532014681,240.24861598991856,0.9854646066159257,20.579999999999984,106.0
2026-04-01 09:06:45,0.541,257.0,1.5507,177.75,0.4906,277.26,Danger,0.8607666666666667,0.5980309718846787,1.5507,1.0349,3.0063920000155093,240.33111425955923,0.7392842193128459,89.38,177.75
2026-04-01 09:06:50,0.3,297.1,0.5276,185.93,0.3,235.49,Danger,0.3758666666666666,0.13140492126755882,0.5276,0.22759999999999997,1.758660804463985,238.68701688531405,0.7091443536429158,80.36500000000001,174.07
2026-04-01 09:06:55,0.2237,130.71,0.1904,73.81,0.2325,98.48,Safe,0.21553333333333335,0.022206380464482124,0.2325,-0.03770000000000001,0.8347179538888474,100.88984764192045,0.9190263985403627,40.785,73.81
2026-04-01 09:07:00,0.2912,272.13,0.1787,273.48,0.2485,252.98,Safe,0.23946666666666663,0.05679140193139569,0.2912,-0.09115000000000004,0.6622172976939126,266.22595679831585,0.9866956775425167,10.925000000000011,86.51999999999998
2026-04-01 09:07:05,0.3515,263.62,1.0232,169.27,0.3,275.04,Danger,0.5582333333333334,0.4034954316139569,1.0232,0.6974500000000001,3.1410494518819596,240.85571763217257,0.6884082799456132,100.05999999999997,169.27
2026-04-01 09:07:10,0.3,270.36,0.9039,202.84,0.367,278.75,Danger,0.5236333333333333,0.3310200950597008,0.9039,0.5704,2.7103367006395787,252.19617715641868,0.8320128821028275,71.715,157.16
2026-04-01 09:07:15,0.223,68.9,0.2568,67.94,0.1618,97.18,Safe,0.21386666666666665,0.04815405832672187,0.2568,0.06439999999999996,1.334712397544711,77.9155167130929,0.9721778184082687,15.100000000000023,67.94
2026-04-01 09:07:20,0.1282,292.6,0.1353,300.4,0.1065,227.28,Safe,0.12333333333333334,0.015004110547890984,0.1353,0.017949999999999994,1.1529514022036453,274.80606952802736,0.8430982471533214,40.45999999999998,59.60000000000002
2026-04-01 09:07:25,0.2269,253.59,0.2372,248.57,0.2567,270.12,Safe,0.24026666666666663,0.015134838397992005,0.2567,-0.004599999999999993,0.9809719562780965,257.4045547576166,0.9871319273253214,13.285000000000025,111.43
2026-04-01 09:07:30,0.257,89.85,0.2191,98.07,0.1787,74.57,Safe,0.21826666666666664,0.039156651201722216,0.257,0.0012500000000000011,1.0057332764136957,87.51317530241218,0.9856115898111844,15.860000000000014,98.07
2026-04-01 09:07:35,0.3457,113.11,0.8893,168.42,0.3355,100.98,Danger,0.5235,0.3168331422057989,0.8893,0.5487,2.610972956626669,126.62442203828293,0.8731119410231585,61.375,168.42
2026-04-01 09:07:40,0.3,53.61,1.1495,169.09,0.3727,63.81,Danger,0.6074,0.4708775106118363,1.1495,0.81315,3.417560821879525,88.40409236794348,0.6307778723734706,110.38,169.09
2026-04-01 09:07:45,0.2083,240.9,0.1331,290.79,0.1507,252.96,Safe,0.16403333333333334,0.03933310734398357,0.2083,-0.0464,0.7415000473534966,261.27240064246075,0.9323829030375501,43.860000000000014,69.20999999999998
2026-04-01 09:07:50,0.2656,89.05,0.2533,60.82,0.2643,94.7,Safe,0.26106666666666667,0.006757465007925167,0.2656,-0.011649999999999994,0.9560258311914279,81.63025553937642,0.9668281120879091,31.055000000000007,60.81999999999999
2026-04-01 09:07:55,1.2923,113.36,1.2984,58.75,1.3398,27.41,Danger,1.3101666666666667,0.025843825826168544,1.3398,-0.017650000000000166,0.9865879057878455,65.66530725185795,0.8170219379602811,11.634999999999991,58.75
2026-04-01 09:08:00,0.3,286.7,0.6146,187.39,0.3,237.27,Danger,0.4048666666666667,0.18163439468705628,0.6146,0.31460000000000005,2.048659837800541,237.14304871790932,0.7649242686621384,74.59499999999997,172.61
2026-04-01 09:08:05,0.065,94.5,0.0439,120.32,0.1076,96.25,Safe,0.07216666666666667,0.032449088328230936,0.1076,-0.0424,0.50868471975991,103.63134336630159,0.9789731850260989,24.944999999999993,120.32
2026-04-01 09:08:10,0.3,90.22,0.6092,221.66,0.3,92.65,Danger,0.4030666666666667,0.17851670323343227,0.6092,0.3092,2.0306598978003407,120.85780559011262,0.5180753629517143,130.22500000000002,138.34
2026-04-01 09:08:15,0.1129,123.0,0.1387,103.95,0.079,73.28,Safe,0.1102,0.029941442851005022,0.1387,0.04274999999999998,1.4455294890100152,100.20352041205415,0.9371205419681018,5.810000000000002,103.95
2026-04-01 09:08:20,0.3,83.57,0.6594,168.79,0.3,79.32,Danger,0.4198,0.2074996867467515,0.6594,0.3594,2.1979926733577555,107.47983468107287,0.7586289233186678,87.34500000000003,168.79
2026-04-01 09:08:25,0.1268,285.27,0.0945,267.46,0.0966,253.48,Safe,0.10596666666666667,0.01807272346198362,0.1268,-0.017199999999999993,0.8460085406576486,268.71999539634004,0.9743876469473064,1.9150000000000205,92.54000000000002
2026-04-01 09:08:30,0.3,264.04,0.6483,154.96,0.3,301.26,Danger,0.41609999999999997,0.20109109875874664,0.6483,0.3483,2.160992796690678,251.00516561188783,0.5027649490150554,127.68999999999997,154.96
2026-04-01 09:08:35,0.1331,67.52,0.0738,105.31,0.0667,86.16,Safe,0.0912,0.03645970378376654,0.1331,-0.026099999999999984,0.7387313440305904,86.32683271281299,0.9640735883804055,28.470000000000027,105.31
2026-04-01 09:08:40,0.4096,243.03,1.3368,184.46,0.3981,288.77,Danger,0.7148333333333333,0.5386696235479901,1.3368,0.93295,3.3101317069909446,239.4951473118631,0.7412007992935379,81.43999999999997,175.54
2026-04-01 09:08:45,0.3195,101.72,1.1064,176.57,0.3578,93.35,Danger,0.5945666666666667,0.4436741409337864,1.1064,0.76775,3.267080268476987,121.73109684179015,0.7984363858543657,79.03499999999997,176.57
2026-04-01 09:08:50,0.3,97.5,0.8804,166.92,0.3,76.74,Danger,0.49346666666666666,0.3350940962376588,0.8804,0.5804,2.934656884477052,111.77373938145925,0.7864754927402153,79.79999999999995,166.92
2026-04-01 09:08:55,0.1588,267.29,0.1894,298.4,0.1764,310.61,Safe,0.17486666666666664,0.015357517160444053,0.1894,0.021800000000000014,1.130064856414938,292.2526705862928,0.9499811966920159,9.449999999999989,61.60000000000002
2026-04-01 09:09:00,0.2484,233.69,0.2382,247.09,0.2117,278.65,Safe,0.23276666666666668,0.01894368848279905,0.2484,0.00814999999999999,1.035422580210475,252.9844109912708,0.9466277783588076,9.079999999999956,112.91
2026-04-01 09:09:05,0.1667,94.5,0.186,112.03,0.1819,99.84,Safe,0.1782,0.010168087332433772,0.186,0.011699999999999988,1.0671195231237915,102.11452441475826,0.9918189913341465,14.859999999999985,112.03
2026-04-01 09:09:10,0.5078,59.5,1.488,171.98,0.4041,101.94,Danger,0.7999666666666667,0.5981060301763671,1.488,1.03205,3.263508578772719,109.20591296577403,0.6987270211518705,91.25999999999999,171.98
2026-04-01 09:09:15,0.0858,127.61,0.1289,94.27,0.1062,85.93,Safe,0.10696666666666667,0.021560225725472656,0.1289,0.032899999999999985,1.342694346933886,102.42016526941728,0.9512236542443007,12.5,94.27
2026-04-01 09:09:20,0.0524,95.48,0.1417,84.4,0.1096,80.18,Safe,0.10123333333333333,0.04523409481058876,0.1417,0.06069999999999999,1.7493611189985308,86.67999263984306,0.9936695266670705,3.430000000000007,84.4
2026-04-01 09:09:25,0.2974,76.09,0.2893,97.96,0.3097,123.05,Safe,0.2988,0.010271806072935747,0.3097,-0.014249999999999985,0.9530523701124359,99.00199247469264,0.9447143036284126,1.6100000000000136,97.96
2026-04-01 09:09:30,0.1893,117.25,0.2201,133.7,0.2022,76.27,Safe,0.20386666666666664,0.015467492794028813,0.2201,0.02435000000000001,1.124387614878085,109.432500895944,0.9131551366384324,36.94,133.7
2026-04-01 09:09:35,0.0655,85.32,0.0525,68.47,0.016,94.43,Safe,0.04466666666666667,0.025662878508330537,0.0655,0.011749999999999997,1.2883119432651957,82.76214277740716,0.9824632264736518,21.405,68.47
2026-04-01 09:09:40,0.051,274.47,0.0914,254.54,0.1098,262.98,Safe,0.08406666666666666,0.03007812050865767,0.1098,0.010999999999999996,1.1368017810723747,263.99151525893467,0.9898641173271013,14.18500000000003,105.46000000000001
2026-04-01 09:09:45,0.3,316.34,0.6495,149.85,0.3,259.02,Danger,0.41650000000000004,0.2017839190817742,0.6495,0.3495,2.164992783357389,254.16786148836007,0.4053106506367886,137.82999999999996,149.85
2026-04-01 09:09:50,0.3,79.05,0.9304,210.95,0.3,84.43,Danger,0.5101333333333333,0.3639616096971401,0.9304,0.6304000000000001,3.101322995590015,111.30977628881361,0.5233776730666692,129.20999999999998,149.05
2026-04-01 09:09:55,0.3606,260.44,0.8232,176.0,0.3054,259.22,Danger,0.49639999999999995,0.28435970178631154,0.8232,0.4902000000000001,2.4720646484545097,234.57312117996779,0.7767051119625658,83.82999999999998,176.0
2026-04-01 09:10:00,0.3,251.53,0.7327,168.78,0.3,289.78,Danger,0.4442333333333333,0.2498194614783511,0.7327,0.43270000000000003,2.4423251922493594,240.49101498926186,0.6491837310733672,101.87499999999997,168.78
2026-04-01 09:10:05,0.3,225.86,0.8223,164.01,0.3,265.99,Danger,0.4741,0.30155004559774157,0.8223,0.5223,2.7409908633637894,219.80577878687748,0.7496362519675159,81.91500000000002,164.01
2026-04-01 09:10:10,0.3681,295.43,0.9039,176.95,0.3,274.75,Danger,0.524,0.3307603513119431,0.9039,0.5698500000000001,2.7058742527338646,255.24325101109682,0.6364833630096964,108.13999999999999,176.95
2026-04-01 09:10:15,0.3806,96.07,1.0686,170.36,0.3625,84.61,Danger,0.6039,0.40254374917516733,1.0686,0.69705,2.876052009010876,114.81785865825174,0.7923159589089952,80.01999999999998,170.36
2026-04-01 09:10:20,0.1143,93.58,0.1186,112.68,0.1709,86.96,Safe,0.1346,0.031510157092594755,0.1709,-0.024000000000000007,0.8316912223616945,97.70551739514212,0.9819716093945445,22.409999999999997,112.68
2026-04-01 09:10:25,0.1655,288.41,0.1697,295.74,0.102,245.8,Safe,0.14573333333333333,0.03793235206698015,0.1697,0.03594999999999998,1.2687755605565565,277.0221476506424,0.9275291156227854,28.63499999999999,64.25999999999999
2026-04-01 09:10:30,0.3715,89.05,1.0578,183.76,0.3346,54.87,Danger,0.5879666666666666,0.40730568782344956,1.0578,0.7047500000000001,2.996167692486355,103.04103922489702,0.5995066593165883,111.79999999999995,176.24
2026-04-01 09:10:35,0.1231,258.19,0.1156,255.97,0.1692,291.71,Safe,0.13596666666666665,0.029024185317306203,0.1692,-0.030550000000000008,0.7909627713802847,268.46373358257614,0.9597011693439331,18.97999999999999,104.03
2026-04-01 09:10:40,0.6622,79.39,0.6548,99.81,0.7803,149.51,Danger,0.6991,0.07041853449199292,0.7803,-0.0664499999999999,0.9078670254876597,108.90756548528068,0.8722896237058662,14.639999999999986,99.81
2026-04-01 09:10:45,0.0857,253.63,0.1235,279.08,0.0692,305.11,Safe,0.0928,0.027837564548645416,0.1235,0.04605000000000001,1.594556558340112,279.26648588504975,0.9338466214089133,0.29000000000002046,80.92000000000002
2026-04-01 09:10:50,0.4711,91.25,1.5149,161.81,0.535,29.8,Danger,0.8403333333333333,0.5850649052313198,1.5149,1.01185,3.011424288988591,93.29290220423954,0.603965550194274,101.28499999999997,161.81
2026-04-01 09:10:55,1.0712,123.66,1.0098,107.57,1.1985,209.31,Danger,1.0931666666666666,0.09624875756773862,1.1985,-0.12504999999999988,0.8898084418130664,143.12868241063734,0.7200625858678292,58.91500000000002,107.57
2026-04-01 09:11:00,1.2211,343.02,1.2537,277.83,1.272,21.25,Danger,1.2489333333333335,0.025782616882956855,1.272,0.00714999999999999,1.0057350240784373,335.5564788667497,0.7413285444233765,84.305,82.17000000000002
2026-04-01 09:11:05,0.3333,271.61,1.2479,192.42,0.3,283.37,Danger,0.6270666666666667,0.5379151822855843,1.2479,0.93125,3.9409318145213503,251.84673216108894,0.7673884718667535,85.07000000000002,167.58
2026-04-01 09:11:10,0.0874,92.74,0.0568,82.57,0.0482,54.48,Safe,0.06413333333333333,0.020603235991788604,0.0874,-0.010999999999999996,0.8377457559623015,76.708273946662,0.960521400156327,8.960000000000008,82.57
2026-04-01 09:11:15,0.2043,289.5,0.1848,256.5,0.1822,267.11,Safe,0.19043333333333334,0.012079045216130848,0.2043,-0.008450000000000013,0.9562693077914215,270.98198042156565,0.9713891914177676,21.805000000000007,103.5
2026-04-01 09:11:20,0.0847,262.27,0.0719,270.75,0.0969,251.92,Safe,0.0845,0.012501199942405526,0.0969,-0.018899999999999986,0.7918414995429567,261.649487895545,0.9909901243716072,13.65500000000003,89.25
2026-04-01 09:11:25,0.3,288.33,0.9945,222.4,0.3651,297.2,Danger,0.5532,0.3835606470950846,0.9945,0.66195,2.9905187475003836,270.7553664305039,0.8377327020954486,70.36499999999998,137.6
2026-04-01 09:11:30,0.4798,342.53,0.4206,34.4,0.5378,40.47,Danger,0.4794,0.05860102388184014,0.5378,-0.08819999999999995,0.8266493186923768,19.789015782754404,0.8997096227512423,22.900000000000034,34.400000000000006
2026-04-01 09:11:35,0.3331,88.01,1.1852,184.76,0.3454,112.92,Danger,0.6212333333333333,0.4884481787593576,1.1852,0.84595,3.4935785008739844,126.33076772624366,0.7602784219912468,84.29499999999996,175.24
2026-04-01 09:11:40,0.3,278.16,0.5494,197.31,0.3,274.38,Danger,0.3831333333333333,0.14399115713589267,0.5494,0.2494,1.8313272289092373,252.13344335616068,0.8000839815132704,78.95999999999998,162.69
2026-04-01 09:11:45,0.0136,263.75,0.0197,279.48,0.0249,255.59,Safe,0.019399999999999997,0.005655970296951709,0.0249,0.000449999999999999,1.0233234637161706,266.2550532177463,0.9850832050294205,19.81000000000006,80.51999999999998
2026-04-01 09:11:50,0.2283,105.43,0.2579,112.1,0.1513,82.38,Safe,0.2125,0.055028356326534064,0.2579,0.06810000000000002,1.3587915764405878,100.03026020794154,0.9754604202493511,18.194999999999993,112.1
2026-04-01 09:11:55,0.1667,264.15,0.2168,306.5,0.1706,271.02,Safe,0.18469999999999998,0.027867723265455325,0.2168,0.04815,1.2854948977474192,280.342166243129,0.9482359974508114,38.91500000000002,53.5
2026-04-01 09:12:00,0.1129,120.2,0.0811,118.84,0.1359,91.35,Safe,0.10996666666666666,0.027517509577237056,0.1359,-0.04329999999999999,0.651924019903377,110.21534689674631,0.9732757574381141,13.064999999999998,118.84
2026-04-01 09:12:05,1.2179,316.87,1.1487,29.04,1.2002,323.27,Danger,1.1889333333333332,0.03594945525781065,1.2179,-0.060349999999999904,0.9500839914941555,341.6845043105676,0.8446382892609564,68.97000000000003,29.039999999999992
2026-04-01 09:12:10,0.2704,265.66,0.292,282.12,0.2728,263.27,Safe,0.2784,0.011838918869558995,0.292,0.02040000000000003,1.0751064981351324,270.329997616676,0.9893337348036627,17.654999999999973,77.88
2026-04-01 09:12:15,1.0062,192.96,1.017,194.59,0.8536,148.94,Danger,0.9589333333333334,0.0913810337725139,1.017,0.08709999999999996,1.0936648094797188,179.18605119119658,0.9330633195652505,23.640000000000015,165.41
2026-04-01 09:12:20,0.3753,81.08,0.9137,169.02,0.3188,146.21,Danger,0.5359333333333333,0.3283729637673195,0.9137,0.56665,2.632754263782557,133.70300640976657,0.7997641831413101,55.375,169.02
2026-04-01 09:12:25,1.2037,210.65,1.1977,121.27,1.0191,134.21,Danger,1.1401666666666666,0.10488971986488164,1.2037,0.08630000000000004,1.0776488414172745,152.92084064805113,0.7774444500238437,51.160000000000025,121.27
2026-04-01 09:12:30,0.0763,87.88,0.0723,86.83,0.0697,89.48,Safe,0.07276666666666666,0.0033246553706111196,0.0763,-0.0007000000000000062,0.9903973918165504,88.06331706841205,0.9998191838892205,1.8500000000000227,86.83
2026-04-01 09:12:35,0.1612,75.99,0.1501,86.57,0.1746,86.56,Safe,0.16196666666666668,0.012267980002157376,0.1746,-0.017799999999999983,0.8939791901179863,83.04446009761075,0.9962185186746731,5.295000000000016,86.57
2026-04-01 09:12:40,0.168,105.21,0.1603,137.8,0.1544,77.91,Safe,0.16090000000000002,0.006819824044651006,0.168,-0.0009000000000000119,0.9944107046482341,106.88726104107343,0.910778101649582,46.24000000000001,137.8
2026-04-01 09:12:45,0.3,283.88,0.4571,212.99,0.3,233.43,Danger,0.35236666666666666,0.09070172728969023,0.4571,0.15710000000000002,1.5236615877947075,242.73799235171634,0.8693768621602094,45.664999999999964,147.01
2026-04-01 09:12:50,0.281,272.81,0.2901,246.58,0.2627,315.48,Safe,0.27793333333333337,0.013955046876787404,0.2901,0.01824999999999999,1.0671286844631802,277.9288506141174,0.8809456359633352,47.56499999999997,113.41999999999999
2026-04-01 09:12:55,0.1613,124.06,0.1636,41.46,0.1967,72.59,Safe,0.17386666666666664,0.019807658451551857,0.1967,-0.015399999999999997,0.9139613745174608,78.69869031628787,0.8310256623334135,56.86500000000001,41.46000000000001
2026-04-01 09:13:00,0.1903,260.91,0.1848,298.68,0.1928,252.27,Safe,0.1893,0.004092676385936228,0.1928,-0.006750000000000006,0.9647561223903817,270.35386125410537,0.9391036752100416,42.089999999999975,61.31999999999999
2026-04-01 09:13:05,0.9091,303.93,0.6819,218.05,1.0058,241.87,Danger,0.8656,0.16627384039589635,1.0058,-0.2755500000000001,0.7122035487977973,253.2469740666099,0.8103786557590374,54.849999999999966,141.95
2026-04-01 09:13:10,0.1596,252.12,0.1207,301.18,0.1429,281.03,Safe,0.14106666666666667,0.01951469531746097,0.1596,-0.030549999999999994,0.7980112528181632,278.20318958253466,0.9392009013881935,34.60500000000002,58.81999999999999
2026-04-01 09:13:15,0.0991,102.47,0.1253,105.62,0.1079,95.37,Safe,0.11076666666666667,0.013333166665624988,0.1253,0.0218,1.2106163225476083,101.15506376167802,0.9972029474688265,6.699999999999989,105.62
2026-04-01 09:13:20,0.4746,170.94,0.7923,126.67,0.6153,223.14,Danger,0.6274000000000001,0.15919525746704893,0.7923,0.24734999999999996,1.4538921848019362,173.20496537408155,0.7769287702737376,70.36999999999999,126.67
2026-04-01 09:13:25,0.3282,39.14,0.6266,175.53,0.3,99.06,Danger,0.41826666666666673,0.1809720788777466,0.6266,0.31250000000000006,1.9948997297047768,102.58611978873863,0.5794847685153122,106.43,175.53
2026-04-01 09:13:30,0.0874,273.53,0.11,275.83,0.0991,274.28,Safe,0.09883333333333333,0.01130235963563951,0.11,0.01675,1.1796120148845588,274.5466490007661,0.9998603039457101,1.9250000000000114,84.17000000000002
2026-04-01 09:13:35,0.3,108.78,1.0076,165.51,0.365,73.76,Danger,0.5575333333333333,0.3911217883643576,1.0076,0.6751,3.0303668259644336,115.10041448735504,0.7940050909827462,74.24000000000001,165.51
2026-04-01 09:13:40,0.1113,270.03,0.0814,253.61,0.1251,286.87,Safe,0.10593333333333332,0.02233883016931131,0.1251,-0.0368,0.6886574563666974,270.16799210947084,0.9721137668014154,24.839999999999975,106.38999999999999
2026-04-01 09:13:45,0.3006,290.6,0.9079,180.94,0.3,262.49,Danger,0.5028333333333334,0.35079815183853713,0.9079,0.6076,3.0232999557111033,248.16891293267454,0.6980214920926124,95.60500000000002,179.06
2026-04-01 09:13:50,0.531,107.83,1.2904,174.14,0.3964,116.62,Danger,0.7392666666666666,0.48201686000941224,1.2904,0.8267,2.782827727350168,131.91857645351823,0.87267764204845,61.91499999999999,174.14
2026-04-01 09:13:55,0.3,82.99,0.5264,174.81,0.3,116.61,Danger,0.37546666666666667,0.13071210094453126,0.5264,0.2264,1.7546608177972742,123.76489781294224,0.7927342506385566,75.00999999999999,174.81
2026-04-01 09:14:00,0.1388,112.03,0.1727,83.94,0.1445,89.32,Safe,0.152,0.01815185940888701,0.1727,0.031049999999999994,1.2191936520038686,95.04030758142731,0.9775564247091897,16.735000000000014,83.94
2026-04-01 09:14:05,0.889,246.11,0.6702,191.54,0.7866,237.49,Danger,0.7819333333333334,0.10947462415251002,0.889,-0.16759999999999997,0.7999513010846251,225.52363985567825,0.9145366603709457,50.26000000000002,168.46
2026-04-01 09:14:10,0.2288,60.41,0.2604,63.31,0.2544,101.89,Safe,0.24786666666666668,0.016782530599803287,0.2604,0.01880000000000001,1.0778101084018692,74.95483590021094,0.9462962338898534,17.840000000000003,63.31
2026-04-01 09:14:15,1.1938,178.54,1.0504,185.82,1.3002,136.55,Danger,1.1814666666666669,0.12535586676870508,1.3002,-0.19659999999999989,0.8423409443937897,167.3259253041885,0.9294796164389137,28.275000000000006,174.18
2026-04-01 09:14:20,0.1992,271.74,0.2036,283.57,0.1487,262.58,Safe,0.18383333333333332,0.030505791799809643,0.2036,0.02965000000000001,1.1704445504768586,272.62498982557133,0.988787223782264,16.410000000000025,76.43
2026-04-01 09:14:25,0.1147,84.34,0.0451,55.03,0.0664,129.62,Safe,0.07540000000000001,0.03566216482492334,0.1147,-0.04544999999999999,0.49806186568894883,89.24464088883703,0.8616974206512696,51.94999999999999,55.03
2026-04-01 09:14:30,0.3,266.95,0.7467,193.33,0.3,268.23,Danger,0.4489,0.2579023652470059,0.7467,0.44670000000000004,2.4889917033609894,244.62297869706634,0.8222275370845957,74.25999999999996,166.67
2026-04-01 09:14:35,0.3834,114.1,1.0174,161.18,0.3334,76.69,Danger,0.5780666666666666,0.3812942870452341,1.0174,0.659,2.83871975803639,116.98610600184884,0.8261429275072127,65.78500000000003,161.18
2026-04-01 09:14:40,0.0626,96.06,0.0898,104.92,0.0677,92.34,Safe,0.07336666666666668,0.014458330931796153,0.0898,0.024650000000000005,1.378336479869841,97.76994490372832,0.9957636392364089,10.719999999999999,104.92
2026-04-01 09:14:45,0.6423,344.8,0.7132,273.57,0.485,18.21,Danger,0.6135,0.11679422074743251,0.7132,0.14954999999999996,1.2653219811550054,334.38983177783786,0.7308711506763279,87.935,86.43
2026-04-01 09:14:50,0.0945,63.32,0.049,108.98,0.0812,76.76,Safe,0.07490000000000001,0.023395084953895764,0.0945,-0.038849999999999996,0.5577625752694905,82.85037214451395,0.944873385903467,38.94,108.98
2026-04-01 09:14:55,0.1476,107.86,0.2439,131.21,0.2365,125.11,Safe,0.20933333333333334,0.053590515329984774,0.2439,0.05185000000000001,1.2699751628473688,121.41868463542458,0.9851631271228125,14.725000000000023,131.21
2026-04-01 09:15:00,0.0985,86.71,0.1671,94.54,0.1156,83.52,Safe,0.12706666666666666,0.035708589069484854,0.1671,0.06004999999999999,1.5609382443881887,88.25432390713314,0.9967377515969632,9.425000000000011,94.54
2026-04-01 09:15:05,0.0744,83.47,0.1341,112.51,0.1322,66.02,Safe,0.11356666666666666,0.03393262933126954,0.1341,0.030799999999999994,1.2981481302213917,87.22348434209279,0.9447799512012014,37.765000000000015,112.51
2026-04-01 09:15:10,0.7466,326.0,0.7134,267.4,0.5371,188.62,Danger,0.6657000000000001,0.11260119892789774,0.7466,0.07155,1.1114729119375057,263.15510145498195,0.5734351888541165,10.089999999999975,92.60000000000002
2026-04-01 09:15:15,0.1256,252.41,0.1864,263.95,0.1749,269.91,Safe,0.1623,0.032299071194076164,0.1864,0.036150000000000015,1.2405907448203342,262.0971915648269,0.9919785906225518,2.7900000000000205,96.05000000000001
2026-04-01 09:15:20,0.3,63.11,0.9537,189.08,0.314,81.57,Danger,0.5225666666666667,0.37343803145011,0.9537,0.6467,3.1065045390731627,102.70745976212474,0.5888427677633645,116.74000000000001,170.92
2026-04-01 09:15:25,0.1713,302.4,0.1358,272.79,0.1603,271.3,Safe,0.15580000000000002,0.01817278184538625,0.1713,-0.03,0.8190541673451909,282.0562108633957,0.9690015101734833,14.059999999999945,87.20999999999998
2026-04-01 09:15:30,0.0804,277.0,0.1049,251.17,0.064,228.21,Safe,0.0831,0.020583245613848167,0.1049,0.03269999999999999,1.4528884641486959,252.09640435428256,0.940412314263727,1.4350000000000307,108.83000000000001
2026-04-01 09:15:35,0.1182,268.79,0.1114,266.24,0.1163,262.95,Safe,0.1153,0.003508560958569767,0.1182,-0.005849999999999994,0.9500985066225448,265.9934399899408,0.9991297924906526,0.37000000000000455,93.75999999999999
2026-04-01 09:15:40,0.0835,80.45,0.0929,93.72,0.1014,106.52,Safe,0.0926,0.00895377015563835,0.1014,0.0004499999999999921,1.0048566267536316,93.56470244347523,0.9828197926485359,0.23499999999998522,93.72
2026-04-01 09:15:45,0.0741,96.29,0.0232,58.35,0.0664,106.34,Safe,0.05456666666666667,0.027435803857976046,0.0741,-0.04705000000000001,0.33024440933225147,87.26825249430938,0.9360165218665811,42.965,58.349999999999994
2026-04-01 09:15:50,0.9081,284.4,0.9969,288.51,1.0592,341.37,Danger,0.9880666666666666,0.07593631103321603,1.0592,0.013250000000000095,1.0134692080829482,304.0941618757472,0.9001569043014704,24.375,71.49000000000001
2026-04-01 09:15:55,0.4214,196.98,0.3979,93.81,0.4541,164.67,Danger,0.4244666666666666,0.028225225124581983,0.4541,-0.03985,0.9089642285226076,153.9796982866117,0.7371423806587662,87.01499999999999,93.81
2026-04-01 09:16:00,0.89,208.62,0.9926,324.07,0.8357,239.01,Danger,0.9061,0.07967942017861326,0.9926,0.12975000000000003,1.1503724281480812,253.1354128084845,0.6698243848439948,100.255,35.93000000000001
2026-04-01 09:16:05,0.2164,261.12,0.2228,270.4,0.232,262.0,Safe,0.22373333333333334,0.007841768508017396,0.232,-0.0014000000000000123,0.9937511429476228,264.50412158220723,0.9973371717923972,8.840000000000032,89.60000000000002
2026-04-01 09:16:10,0.2454,50.89,0.245,56.69,0.3024,84.17,Safe,0.26426666666666665,0.033025041004264226,0.3024,-0.028900000000000037,0.8944837733341608,63.81748425308063,0.9681656910762552,10.840000000000003,56.69
2026-04-01 09:16:15,0.2546,228.93,0.2569,261.09,0.2156,251.42,Safe,0.2423666666666667,0.023209121769970812,0.2569,0.021800000000000014,1.0927218514595856,247.20293864915848,0.972545667799951,20.914999999999964,98.91000000000003
2026-04-01 09:16:20,0.4379,87.38,1.6111,180.08,0.3979,74.82,Danger,0.8156333333333333,0.6891846003309515,1.6111,1.1932,3.8552192983505664,109.43300602797521,0.6937439118450187,98.98000000000002,179.92
2026-04-01 09:16:25,0.3918,270.61,1.0172,167.75,0.3,280.42,Danger,0.5696666666666667,0.39028370877264834,1.0172,0.6713000000000001,2.940725814611696,246.0783270613635,0.6459077465446817,107.76499999999999,167.75
2026-04-01 09:16:30,0.0886,309.76,0.0646,263.3,0.1329,304.55,Safe,0.09536666666666667,0.03464914621362744,0.1329,-0.04614999999999998,0.5832904443300738,292.85967032356183,0.9353037756443552,43.85500000000002,96.69999999999999
2026-04-01 09:16:35,0.2284,272.94,0.1592,287.57,0.284,265.21,Safe,0.22386666666666666,0.06252338229281372,0.284,-0.09699999999999998,0.6213871140237549,275.22541593053876,0.9869483617131449,18.495000000000005,72.43
2026-04-01 09:16:40,0.5921,268.12,0.8081,185.3,0.5958,231.21,Danger,0.6653333333333333,0.12365340000717062,0.8081,0.21415000000000006,1.3605499443556792,228.50978408991244,0.8327136649524357,64.36500000000001,174.7
2026-04-01 09:16:45,0.2228,130.67,0.2298,41.52,0.2759,107.68,Safe,0.24283333333333332,0.02884966782015579,0.2759,-0.019549999999999984,0.9215924540106116,94.97529419442122,0.7943679177897084,77.655,41.52000000000001
2026-04-01 09:16:50,0.8175,306.79,0.473,312.79,0.5961,300.76,Danger,0.6288666666666667,0.1745717712957434,0.8175,-0.2338,0.6692124091505246,306.78001841927306,0.9963296562647029,9.014999999999986,47.20999999999998
2026-04-01 09:16:55,0.2528,292.02,0.1869,298.52,0.2227,296.16,Safe,0.22080000000000002,0.032991059394933055,0.2528,-0.050850000000000006,0.7861165673330501,295.56698245295684,0.9989009852217685,4.42999999999995,61.48000000000002
2026-04-01 09:17:00,0.3204,269.11,0.7075,173.05,0.3,287.15,Danger,0.4426333333333334,0.2296079339511885,0.7075,0.3973,2.2807792366884696,248.75144577345245,0.6560725269778794,105.07999999999998,173.05
2026-04-01 09:17:05,0.1075,83.68,0.1554,84.46,0.108,99.97,Safe,0.12363333333333333,0.027511876223430015,0.1554,0.04765000000000001,1.4422139933736116,89.3548677664475,0.9914462384019757,7.365000000000009,84.46
2026-04-01 09:17:10,0.2282,269.57,0.2021,252.66,0.1583,269.41,Safe,0.1962,0.03532152318346421,0.2282,0.008850000000000025,1.0457901899602073,263.89805370662197,0.990435403029611,16.830000000000013,107.34
2026-04-01 09:17:15,0.9276,28.73,1.1044,54.9,1.0204,42.48,Danger,1.0174666666666667,0.08843649322159569,1.1044,0.13040000000000007,1.1338797393431834,42.040570188260645,0.9826753448814627,19.295000000000016,54.900000000000006
2026-04-01 09:17:20,0.148,69.99,0.1364,42.65,0.1199,97.08,Safe,0.13476666666666667,0.014121024514295453,0.148,0.00244999999999998,1.0182828049062715,69.90998678521177,0.926197275457458,40.88499999999999,42.650000000000006
2026-04-01 09:17:25,0.3668,258.46,0.929,188.23,0.3,262.12,Danger,0.5319333333333334,0.3454880798715541,0.929,0.5956,2.7864343538261735,237.87933383250714,0.8318236984177759,72.06000000000003,171.77
2026-04-01 09:17:30,0.233,251.19,0.1981,294.89,0.2266,272.64,Safe,0.21923333333333336,0.018579648364092725,0.233,-0.031700000000000006,0.8620502086587961,272.89996002669943,0.9521023166595053,32.97500000000002,65.11000000000001
2026-04-01 09:17:35,0.0325,278.8,0.0548,294.85,0.0305,264.87,Safe,0.039266666666666665,0.01348937853769896,0.0548,0.0233,1.7396273134186215,279.49846919668516,0.977276401290131,23.015000000000043,65.14999999999998
2026-04-01 09:17:40,0.3362,100.14,0.8792,186.29,0.3,87.49,Danger,0.5051333333333333,0.32445648912193653,0.8792,0.5610999999999999,2.7639020311159035,121.00699729897994,0.728756141088906,92.47500000000002,173.71
2026-04-01 09:17:45,1.157,44.32,1.0887,69.66,1.1242,316.17,Danger,1.1233000000000002,0.03415889342469983,1.157,-0.05190000000000006,0.9544967959873786,27.874410206715748,0.6728840006756902,69.41499999999999,69.66
2026-04-01 09:17:50,0.4884,250.04,1.6191,158.36,0.4141,295.39,Danger,0.8405333333333332,0.6752811735368708,1.6191,1.16785,3.5880252896946487,240.26989288572946,0.5660282915132593,114.35500000000002,158.36
2026-04-01 09:17:55,0.416,233.16,1.6056,161.59,0.4749,274.38,Danger,0.8321666666666666,0.6704600236653437,1.6056,1.1601499999999998,3.604436851640248,225.18516673415087,0.6961762350247686,92.17999999999998,161.59
2026-04-01 09:18:00,0.4377,285.98,1.2167,178.62,0.3327,281.03,Danger,0.6623666666666667,0.48292891126265497,1.2167,0.8314999999999999,3.158610699349171,254.47354049984128,0.6638256225370888,104.88499999999999,178.62
2026-04-01 09:18:05,0.045,286.99,0.091,262.27,0.0445,252.34,Safe,0.06016666666666667,0.026703620228975197,0.091,0.04625,2.0334741123103393,267.12456774373743,0.9679327279575933,7.395000000000039,97.73000000000002
2026-04-01 09:18:10,0.6653,183.5,0.7678,196.08,0.6943,186.11,Danger,0.7091333333333334,0.05283543634090037,0.7678,0.08800000000000008,1.129448176745842,188.55857689580873,0.9955293428415657,11.275000000000006,163.92
2026-04-01 09:18:15,0.079,252.2,0.0586,263.89,0.1007,265.9,Safe,0.07943333333333334,0.02105334494405422,0.1007,-0.03125,0.6521908492949439,260.6706240023341,0.9944503819196874,4.840000000000032,96.11000000000001
2026-04-01 09:18:20,0.3,93.73,0.8788,163.42,0.3378,107.18,Danger,0.5055333333333333,0.3238104589622351,0.8788,0.5599000000000001,2.7557141558038394,120.50390284137917,0.8660751765933259,62.964999999999975,163.42
2026-04-01 09:18:25,0.1298,80.23,0.1224,111.07,0.1081,75.53,Safe,0.12009999999999998,0.011031319050775385,0.1298,0.0034499999999999947,1.028995132449496,88.80821291268943,0.9625140130524406,33.19,111.07
2026-04-01 09:18:30,0.0465,281.09,0.0752,302.85,0.0754,250.81,Safe,0.0657,0.01662798845320744,0.0754,0.014250000000000006,1.2337779527817427,278.3526498336952,0.9318354248671527,36.900000000000034,57.14999999999998
2026-04-01 09:18:35,0.1002,92.41,0.1073,92.88,0.1171,88.31,Safe,0.1082,0.008485870609430714,0.1171,-0.00134999999999999,0.9875656919862681,91.20029840426359,0.9993584466493394,2.519999999999982,92.88
2026-04-01 09:18:40,0.195,103.01,0.2564,82.41,0.2395,67.23,Safe,0.23030000000000003,0.031717030125785736,0.2564,0.03915000000000002,1.1802017021785862,84.18664914475701,0.9675209387371281,2.710000000000008,82.41
2026-04-01 09:18:45,0.0646,266.07,0.0899,274.65,0.071,299.94,Safe,0.07516666666666666,0.01315459362098781,0.0899,0.022099999999999995,1.3259391454403326,280.13918666294467,0.9687643731819321,8.355000000000018,85.35000000000002
2026-04-01 09:18:50,0.1735,122.77,0.1469,81.01,0.1653,124.64,Safe,0.16190000000000002,0.013622040963086253,0.1735,-0.022499999999999992,0.8671731571832516,109.7788670894182,0.9391744912552855,42.69499999999999,81.01
2026-04-01 09:18:55,0.8689,7.89,0.7086,15.88,0.7887,2.93,Danger,0.7887333333333334,0.08015000519858581,0.8689,-0.12019999999999997,0.8549700108952571,8.897856277666957,0.9956699192034563,10.469999999999999,15.879999999999995
2026-04-01 09:19:00,1.1924,80.99,1.1986,198.11,1.3195,145.84,Danger,1.2368333333333332,0.07165851891668795,1.3195,-0.05734999999999979,0.9543365943416584,142.62842119725684,0.6800449554794837,84.695,161.89
2026-04-01 09:19:05,0.2576,113.81,0.2109,67.53,0.3068,78.46,Safe,0.25843333333333335,0.04795543069698503,0.3068,-0.0713,0.7473396621556976,86.37559003787489,0.9414678024293889,28.605000000000018,67.53
2026-04-01 09:19:10,0.3,90.77,0.8951,181.13,0.3,99.78,Danger,0.4983666666666667,0.3435811451947463,0.8951,0.5951,2.9836567211442633,121.0433353038257,0.7647477460261587,85.85500000000002,178.87
2026-04-01 09:19:15,0.3,254.59,0.7612,182.06,0.3,298.11,Danger,0.4537333333333333,0.2662739441502554,0.7612,0.4612,2.5373248755837485,247.12822739003585,0.6808793519312386,94.29000000000002,177.94
2026-04-01 09:19:20,0.2699,257.76,0.2818,267.92,0.2428,285.6,Safe,0.2648333333333333,0.019987579476598294,0.2818,0.025450000000000028,1.0992740422311598,270.40183241098623,0.9799480380481248,3.759999999999991,92.07999999999998
2026-04-01 09:19:25,0.3,250.32,0.96,172.03,0.3344,318.52,Danger,0.5314666666666666,0.3715191157037997,0.96,0.6428,3.026472173795165,248.47541219721478,0.5250474171705375,112.38999999999996,172.03
2026-04-01 09:19:30,0.124,94.33,0.1773,95.5,0.1774,79.2,Safe,0.15956666666666666,0.03080167744349865,0.1774,0.026600000000000013,1.1765018148519255,89.6911712026042,0.9916241338246804,8.735000000000014,95.5
2026-04-01 09:19:35,0.0748,69.92,0.0479,100.85,0.0539,69.22,Safe,0.05886666666666667,0.014121024514295463,0.0748,-0.016450000000000006,0.7443551770757252,79.87877352908153,0.9671462864447948,31.28,100.85
2026-04-01 09:19:40,0.4465,93.26,1.5959,158.45,0.4903,101.0,Danger,0.8442333333333334,0.6513307096501234,1.5959,1.1275,3.407123383596534,116.64529909972737,0.8754091529594572,61.31999999999999,158.45
2026-04-01 09:19:45,0.3,287.34,0.7027,172.29,0.3,264.44,Danger,0.4342333333333333,0.2324989534026623,0.7027,0.4027,2.3423255255815816,246.49144359450327,0.6600102068097137,103.6,172.29
2026-04-01 09:19:50,0.1074,86.4,0.0999,78.07,0.0892,84.02,Safe,0.09883333333333333,0.009146766277397345,0.1074,0.0016000000000000042,1.0162663655507065,82.83102809877958,0.9981316090301061,7.140000000000015,78.07
2026-04-01 09:19:55,0.3026,78.9,0.9014,177.67,0.3,97.14,Danger,0.5013333333333333,0.34647033543051464,0.9014,0.6001,2.9916926926893703,114.80603960989252,0.7396420386905548,89.64999999999998,177.67
2026-04-01 09:20:00,0.2158,303.22,0.2025,280.12,0.1528,280.57,Safe,0.19036666666666666,0.03320637488997156,0.2158,0.01820000000000002,1.0987460730001466,287.92441955976625,0.9823628159421075,11.774999999999977,79.88
2026-04-01 09:20:05,0.1361,293.06,0.09,248.95,0.0954,275.98,Safe,0.10716666666666667,0.025202050181152593,0.1361,-0.025749999999999995,0.7775310796451003,272.74795674983267,0.9503998125145268,35.56999999999999,111.05000000000001
2026-04-01 09:20:10,0.1151,86.17,0.0651,66.52,0.0942,74.23,Safe,0.09146666666666665,0.025111816607591993,0.1151,-0.03954999999999999,0.6220676343274313,75.6330737486013,0.9900717085135897,13.680000000000007,66.52
2026-04-01 09:20:15,1.433,138.49,1.2402,54.65,1.0804,74.79,Danger,1.2512,0.17655718620322428,1.433,-0.01649999999999996,0.9868695895045839,87.84161094760879,0.8150297302689192,51.99000000000001,54.650000000000006
2026-04-01 09:20:20,0.6302,81.42,0.748,48.81,0.6664,47.18,Danger,0.6815333333333333,0.06034047839828032,0.748,0.09970000000000001,1.153785047377684,58.99290387431461,0.9624784758047389,15.490000000000009,48.81
2026-04-01 09:20:25,0.2497,273.16,0.2468,241.56,0.2548,253.49,Safe,0.25043333333333334,0.0040501028793517675,0.2548,-0.005450000000000038,0.9783905712960503,256.0368772968758,0.9743116926861943,21.764999999999986,118.44
2026-04-01 09:20:30,0.6927,56.57,1.0409,97.38,0.8651,144.58,Danger,0.8662333333333333,0.17410276658724677,1.0409,0.262,1.3363700906790466,99.26487171484234,0.8125470754967079,3.194999999999993,97.38
2026-04-01 09:20:35,0.2128,57.88,0.1948,85.68,0.1499,108.75,Safe,0.18583333333333332,0.032394495417174395,0.2128,0.01344999999999999,1.0741600542594194,84.15774860634278,0.9351993051494143,2.365000000000009,85.68
2026-04-01 09:20:40,0.2536,243.66,0.292,241.17,0.2529,261.17,Safe,0.26616666666666666,0.022375060521333406,0.292,0.03875000000000001,1.1530063059968176,248.6426235501666,0.9879735593999542,11.245000000000033,118.83000000000001
2026-04-01 09:20:45,0.2347,100.84,0.2416,65.62,0.2183,126.53,Safe,0.23153333333333334,0.011968430696350021,0.2416,0.01510000000000003,1.066661957342352,97.82389102985287,0.9072889043861828,48.065,65.62
2026-04-01 09:20:50,0.4617,102.44,1.1088,197.26,0.3,91.64,Danger,0.6235,0.4279880722637022,1.1088,0.72795,2.911374789615887,125.52480618922505,0.6878316266013388,100.22000000000003,162.74
2026-04-01 09:20:55,0.3372,266.58,0.9527,163.17,0.3,283.94,Danger,0.5299666666666667,0.366569997863073,0.9527,0.6341,2.9902605453215783,245.19994751835583,0.6166104731296771,112.09,163.17
2026-04-01 09:21:00,0.2298,61.54,0.2201,112.79,0.267,98.36,Safe,0.23896666666666666,0.02475728848911637,0.267,-0.02830000000000002,0.8860672863635813,91.15382536587376,0.9303402615667912,32.84,112.79
2026-04-01 09:21:05,0.2442,231.99,0.3087,260.19,0.257,235.7,Safe,0.26996666666666663,0.03414913371278007,0.3087,0.058099999999999985,1.2318386598616926,242.55977587266773,0.9763015730314925,26.345000000000027,99.81
2026-04-01 09:21:10,0.3,49.93,0.7603,168.8,0.3,44.92,Danger,0.45343333333333335,0.2657543289079847,0.7603,0.4603,2.534324885583715,77.44741747665492,0.5687999453891777,121.375,168.8
2026-04-01 09:21:15,0.3,89.88,0.4754,202.07,0.3,77.95,Danger,0.35846666666666666,0.10126723721586035,0.4754,0.1754,1.5846613844620518,114.07485273525567,0.5849584388972002,118.15499999999997,157.93
2026-04-01 09:21:20,0.394,110.5,1.2442,201.49,0.3919,55.86,Danger,0.6767,0.49147053828281506,1.2442,0.85125,3.1662980880567804,117.23229698993357,0.5240917781471708,118.31,158.51
2026-04-01 09:21:25,0.3,270.62,0.4308,186.83,0.3,306.45,Danger,0.34359999999999996,0.07551741521000306,0.4308,0.13080000000000003,1.435995213349289,258.59518833088003,0.653993704245216,101.70499999999996,173.17
2026-04-01 09:21:30,0.8698,200.56,0.9307,182.38,0.9112,211.98,Danger,0.9039,0.031099356906534238,0.9307,0.0401999999999999,1.0451420043323925,198.33200939071347,0.977499993529977,23.889999999999986,177.62
2026-04-01 09:21:35,0.0746,278.54,0.0658,282.58,0.0721,263.7,Safe,0.07083333333333333,0.004534681172181055,0.0746,-0.007550000000000001,0.8970566181783479,274.9558141232634,0.9899897076773417,11.45999999999998,77.42000000000002
2026-04-01 09:21:40,0.0898,264.92,0.1004,302.59,0.0376,267.71,Safe,0.07593333333333334,0.0336180507069243,0.1004,0.036699999999999997,1.5761134048131111,278.22341041079085,0.9557672670936084,36.27499999999998,57.410000000000025
2026-04-01 09:21:45,0.9508,152.12,0.7487,158.94,0.7582,144.31,Danger,0.8192333333333334,0.11403904302182358,0.9508,-0.1058,0.8761838780762106,151.79089970604946,0.9945658248709458,10.724999999999994,158.94
2026-04-01 09:21:50,0.3775,309.17,1.1464,172.07,0.3825,250.39,Danger,0.6354666666666667,0.4424883086967761,1.1464,0.7664000000000001,3.0168341662258786,246.26470041777327,0.57508030883393,107.70999999999998,172.07
2026-04-01 09:21:55,0.01,83.49,0.0727,72.27,0.0667,103.79,Safe,0.04979999999999999,0.03459812133628067,0.0727,0.034350000000000006,1.895648092618185,86.47810362305603,0.9742500198872563,21.370000000000005,72.27
2026-04-01 09:22:00,0.9543,297.2,0.9503,16.65,0.8799,91.88,Danger,0.9281666666666667,0.04184797884406527,0.9543,0.03320000000000001,1.0361999387199448,16.00701832772923,0.47937451946881404,2.1100000000000136,16.650000000000006
2026-04-01 09:22:05,0.3,87.18,0.9848,189.44,0.321,89.87,Danger,0.5352666666666667,0.3894488584311595,0.9848,0.6743,3.1716484004882437,117.00316441408884,0.6864234837807132,100.91499999999996,170.56
2026-04-01 09:22:10,0.5484,87.4,1.6411,167.48,0.3691,87.41,Danger,0.8528666666666666,0.6884918033886339,1.6411,1.18235,3.577321902295581,111.79643596668788,0.7950845966613843,80.07499999999999,167.48
2026-04-01 09:22:15,0.1495,248.61,0.1834,250.27,0.1818,287.03,Safe,0.17156666666666665,0.019127031482520578,0.1834,0.017750000000000016,1.1071469535348415,261.7637358095199,0.9526811625592125,17.549999999999926,109.72999999999999
2026-04-01 09:22:20,0.1477,256.73,0.1108,271.74,0.1497,249.28,Safe,0.13606666666666667,0.02190441355830677,0.1497,-0.0379,0.7451194006765254,259.23390804074086,0.9867551198357732,18.735000000000014,88.25999999999999
2026-04-01 09:22:25,0.376,237.57,1.1903,189.77,0.439,235.45,Danger,0.6684333333333333,0.45304620441333937,1.1903,0.7827999999999999,2.920974427056621,221.33460995422683,0.9273260481286747,46.73999999999998,170.23
2026-04-01 09:22:30,0.3,275.51,0.6025,184.01,0.3,258.9,Danger,0.4008333333333334,0.17464845642986182,0.6025,0.30250000000000005,2.008326638911204,241.87233458948918,0.7735586971870141,83.195,175.99
2026-04-01 09:22:35,0.1977,282.76,0.2419,281.81,0.1937,292.17,Safe,0.21109999999999998,0.026748457899475254,0.2419,0.04620000000000002,1.236069309814462,285.5764341322507,0.9966726245766074,5.65500000000003,78.19
2026-04-01 09:22:40,0.4406,99.66,1.4003,183.04,0.4218,64.54,Danger,0.7542333333333334,0.5595891022288885,1.4003,0.9691000000000001,3.2474414484196465,111.86175664253457,0.6593050362347568,100.94,176.96
2026-04-01 09:22:45,0.3532,226.81,1.185,175.1,0.4244,268.76,Danger,0.6542,0.46106272892091377,1.185,0.7962,3.0478316670996217,223.99029908395283,0.7887451223346232,72.68499999999997,175.1
2026-04-01 09:22:50,0.5493,104.37,0.5035,58.64,0.3975,16.75,Danger,0.4834333333333333,0.07786406959139325,0.5493,0.030099999999999905,1.0635803473165455,59.77418650197585,0.8143157235181545,1.920000000000016,58.64
2026-04-01 09:22:55,0.0758,262.3,0.1049,272.83,0.0761,256.71,Safe,0.08560000000000001,0.016714963356226655,0.1049,0.02894999999999999,1.3811536385301049,263.94126479270943,0.993208724319607,13.324999999999989,87.17000000000002
2026-04-01 09:23:00,0.0935,274.31,0.0253,261.34,0.1123,276.29,Safe,0.07703333333333333,0.04577786947132133,0.1123,-0.07759999999999999,0.24586738710022255,270.6564840426397,0.9933156580480277,13.95999999999998,98.66000000000003
2026-04-01 09:23:05,0.1556,230.22,0.1438,296.08,0.0823,249.06,Safe,0.12723333333333334,0.03935814189381065,0.1556,0.02485000000000001,1.2089011441686073,257.8983923929886,0.8865832934183292,56.44,63.920000000000016
2026-04-01 09:23:10,0.0284,96.35,0.05,85.29,0.0417,98.68,Safe,0.04003333333333333,0.010896023739572769,0.05,0.014950000000000005,1.4264928247410917,93.4463340390298,0.9948105779222761,12.224999999999994,85.29
2026-04-01 09:23:15,0.057,74.14,0.1191,126.21,0.0596,97.99,Safe,0.07856666666666667,0.0351269602062765,0.1191,0.06079999999999999,2.0428466064046926,99.3938551089259,0.9321950065631985,40.14499999999998,126.21
2026-04-01 09:23:20,0.59,78.61,0.9213,108.91,0.7293,36.4,Danger,0.7468666666666666,0.1663471169973599,0.9213,0.26165000000000005,1.3966476212421417,74.9335816889031,0.8698176358253401,51.405,108.91
2026-04-01 09:23:25,0.0638,236.6,0.0743,237.57,0.0902,278.67,Safe,0.0761,0.013291726750125436,0.0902,-0.002699999999999994,0.9649225334735914,250.66418515571425,0.9423076711830901,20.064999999999998,122.43
2026-04-01 09:23:30,0.2376,87.82,0.1958,87.19,0.143,79.5,Safe,0.19213333333333335,0.04740646931942237,0.2376,0.005500000000000005,1.0288963273971234,84.8385719914741,0.9978222350998789,3.530000000000001,87.19
2026-04-01 09:23:35,0.2041,278.97,0.2457,291.64,0.2281,289.91,Safe,0.22596666666666665,0.020881890080482017,0.2457,0.029599999999999987,1.1369683620159092,286.8459091002841,0.9952130058099713,7.199999999999932,68.36000000000001
2026-04-01 09:23:40,0.2182,57.87,0.2469,95.28,0.209,59.51,Safe,0.2247,0.019768409141860666,0.2469,0.033299999999999996,1.1558934649182353,70.69682448342738,0.9551345420916807,36.59,95.28
2026-04-01 09:23:45,1.1581,190.25,1.1701,192.77,1.1391,137.52,Danger,1.1557666666666666,0.01563116545025776,1.1701,0.021499999999999853,1.0187175529187245,174.1491467643977,0.903647117156175,28.88499999999999,167.23
2026-04-01 09:23:50,0.3766,271.06,1.3771,180.46,0.4046,273.44,Danger,0.7194333333333334,0.5697280784140214,1.3771,0.9864999999999999,3.5255926124101067,245.328704820032,0.7358559999346493,91.78999999999999,179.54
2026-04-01 09:23:55,0.1704,89.47,0.1945,133.47,0.1399,55.11,Safe,0.16826666666666668,0.02736244384797041,0.1945,0.039349999999999996,1.2536174436516683,92.40034120421356,0.8493931511521443,61.18000000000001,133.47
2026-04-01 09:24:00,0.3,43.55,0.9203,188.8,0.3146,105.02,Danger,0.5116333333333333,0.35399099329408557,0.9203,0.613,2.9947836160637293,109.18694194573708,0.5300562397254834,114.51499999999999,171.2
2026-04-01 09:24:05,0.1637,245.47,0.1017,273.3,0.1452,271.02,Safe,0.13686666666666666,0.031828970032555776,0.1637,-0.052750000000000005,0.6584612595580475,263.33496160278514,0.975904622649307,15.055000000000007,86.69999999999999
2026-04-01 09:24:10,0.0773,67.87,0.0687,86.45,0.1191,93.87,Safe,0.08836666666666666,0.026960959429021315,0.1191,-0.0295,0.6995855439353978,82.76169702202756,0.9818689525809866,5.579999999999984,86.45
2026-04-01 09:24:15,1.1196,41.54,1.1133,6.5,1.1673,89.59,Danger,1.1334,0.029526767516949805,1.1673,-0.03015000000000012,0.9736315766919614,45.44040687219107,0.8310025209357303,59.065,6.5
2026-04-01 09:24:20,0.1142,100.35,0.1249,85.32,0.1472,99.33,Safe,0.12876666666666667,0.016836369363177246,0.1472,-0.005799999999999986,0.9556162538924722,95.0114461348848,0.9928505769772197,14.52000000000001,85.32
2026-04-01 09:24:25,0.0973,66.36,0.0838,125.27,0.1287,107.26,Safe,0.10326666666666666,0.023036999225882992,0.1287,-0.029200000000000004,0.7415863576428526,99.98495872936913,0.9096079633603824,38.46000000000001,125.27
2026-04-01 09:24:30,0.5797,359.18,0.7121,297.01,0.5951,360.0,Danger,0.6289666666666666,0.07240616916626187,0.7121,0.12470000000000003,1.2122893900418965,339.7521782477073,0.8718936395472949,62.579999999999984,62.99000000000001
2026-04-01 09:24:35,0.3652,89.17,0.8458,200.77,0.3,81.82,Danger,0.5036666666666667,0.298084171557856,0.8458,0.5132,2.54298694231226,115.45253459150513,0.6036210071786429,115.27499999999998,159.23
2026-04-01 09:24:40,0.1422,269.96,0.2665,276.77,0.1795,260.46,Safe,0.1960666666666667,0.06378450700078613,0.2665,0.10565000000000002,1.656812826777577,269.0663671701924,0.9931976105157916,11.560000000000002,83.23000000000002
2026-04-01 09:24:45,0.9149,178.63,0.8545,138.34,0.8191,170.52,Danger,0.8628333333333335,0.04844061656640358,0.9149,-0.012499999999999956,0.9855813315094216,162.66109129567224,0.9544235466041526,36.235000000000014,138.34
2026-04-01 09:24:50,0.1373,271.93,0.1325,279.75,0.151,281.11,Safe,0.14026666666666668,0.0096001736095413,0.151,-0.011649999999999994,0.919175031737553,277.59884725779216,0.9975092005671389,3.230000000000018,80.25
2026-04-01 09:24:55,0.3,272.39,0.6377,183.17,0.3456,281.86,Danger,0.4277666666666667,0.1832316657494914,0.6377,0.31490000000000007,1.975520521931469,249.72013489442259,0.7224797943373495,93.95500000000001,176.83
2026-04-01 09:25:00,0.1468,115.86,0.1517,120.04,0.0861,88.1,Safe,0.1282,0.03654189376592298,0.1517,0.035250000000000004,1.3026938368927703,108.09785279866321,0.9696332527248733,18.060000000000002,120.04
2026-04-01 09:25:05,0.0731,94.45,0.1206,90.27,0.0758,89.73,Safe,0.08983333333333332,0.026678893030508844,0.1206,0.04615,1.6198573558447837,91.48301275244584,0.9993224696642532,1.8199999999999932,90.27
2026-04-01 09:25:10,0.0672,270.25,0.0549,282.1,0.0379,292.31,Safe,0.05333333333333332,0.01471269293274801,0.0672,0.002349999999999998,1.0446994348347318,281.5567394363709,0.9876621447298894,0.82000000000005,77.89999999999998
2026-04-01 09:25:15,0.4188,276.6,1.2517,167.03,0.4423,251.08,Danger,0.7042666666666667,0.4742367587327382,1.2517,0.82115,2.907204953652413,235.38268428179697,0.694604160412344,96.81000000000003,167.03
2026-04-01 09:25:20,0.3,283.49,0.7047,190.05,0.3,269.37,Danger,0.4349,0.23365365394104154,0.7047,0.4047,2.3489921700261003,250.4494245734499,0.7594014110675533,86.38,169.95
2026-04-01 09:25:25,0.1141,258.95,0.0621,296.61,0.0626,309.99,Safe,0.0796,0.02987892233665732,0.1141,-0.026249999999999996,0.7028782922660751,288.7921829728697,0.9301474994443351,12.140000000000043,63.389999999999986
2026-04-01 09:25:30,0.053,87.58,0.028,86.73,0.01,113.72,Safe,0.030333333333333334,0.021594752448994024,0.053,-0.0034999999999999996,0.8888606710898067,95.93837832488263,0.9762394887575515,13.920000000000016,86.73
2026-04-01 09:25:35,0.2265,240.57,0.1901,254.25,0.2976,252.56,Safe,0.23806666666666665,0.05467543628845894,0.2976,-0.07195000000000001,0.725431309172642,249.13434063179153,0.9943597190394974,7.685000000000002,105.75
2026-04-01 09:25:40,0.2071,272.77,0.3031,288.77,0.243,245.54,Safe,0.25106666666666666,0.04850570413191971,0.3031,0.07804999999999998,1.3468058351218168,269.1181112229868,0.9520794447351297,29.61500000000001,71.23000000000002
2026-04-01 09:25:45,0.1041,75.35,0.1298,91.17,0.1462,108.3,Safe,0.1267,0.021220508947713764,0.1462,0.004650000000000015,1.0371471262714642,91.60052351435426,0.9726147292015883,0.6550000000000011,91.17
2026-04-01 09:25:50,0.3,254.7,0.6487,190.41,0.3,254.45,Danger,0.4162333333333334,0.20132203886642253,0.6487,0.34870000000000007,2.162326125579582,234.2950369906238,0.8655827054272346,64.16499999999999,169.59
2026-04-01 09:25:55,0.3,100.06,0.8087,173.37,0.3,77.08,Danger,0.4695666666666667,0.2936980819367626,0.8087,0.5086999999999999,2.6956576811410633,114.47429726085964,0.7598645641994993,84.80000000000001,173.37
2026-04-01 09:26:00,0.1782,66.99,0.1357,104.6,0.1752,82.57,Safe,0.16303333333333334,0.023718839207122543,0.1782,-0.04100000000000001,0.7679639617206467,84.68045252101342,0.9640685894958549,29.819999999999993,104.6
2026-04-01 09:26:05,0.1818,114.72,0.1669,76.83,0.1681,82.12,Safe,0.17226666666666668,0.00827788217682115,0.1818,-0.008050000000000002,0.9539814005064275,91.06186255718016,0.9577037917787538,21.590000000000003,76.83
2026-04-01 09:26:10,0.3,243.1,0.92,171.6,0.3494,252.39,Danger,0.5231333333333333,0.34458301370400335,0.92,0.5953,2.8333759366309317,224.24470383233557,0.811615951325153,76.14499999999998,171.6
2026-04-01 09:26:15,0.6203,263.95,0.9226,310.81,0.7352,269.22,Danger,0.7593666666666666,0.1525920814896151,0.9226,0.24485,1.3612668959544139,280.99519439688765,0.9342222242737145,44.22500000000002,49.19
2026-04-01 09:26:20,0.0638,313.71,0.0472,275.12,0.1052,260.25,Safe,0.07206666666666667,0.029870609858744655,0.1052,-0.03729999999999999,0.5585732713222329,282.7289364255938,0.924184177052805,11.859999999999957,84.88
2026-04-01 09:26:25,0.4517,115.55,1.6735,153.67,0.4876,84.35,Danger,0.8709333333333333,0.6952748689067751,1.6735,1.20385,3.563284225946501,117.7020329101974,0.8813162049162302,53.72,153.67
2026-04-01 09:26:30,0.1793,270.22,0.2202,267.2,0.2002,271.96,Safe,0.19989999999999997,0.020451650300159163,0.2202,0.030450000000000033,1.1604681925259948,269.79345510171584,0.9994110649521358,3.8899999999999864,92.80000000000001
2026-04-01 09:26:35,0.3,91.29,0.7888,190.41,0.3,70.28,Danger,0.46293333333333336,0.2822088115798891,0.7888,0.48879999999999996,2.6293245689181037,110.79750948987484,0.6277033047551442,109.625,169.59
2026-04-01 09:26:40,0.3601,80.48,1.1455,167.35,0.3525,93.31,Danger,0.6193666666666666,0.45566067784408754,1.1455,0.7892,3.2149783469594535,111.50155810745844,0.7894584722989874,80.45499999999998,167.35
2026-04-01 09:26:45,0.3,90.86,0.7395,189.09,0.3,115.93,Danger,0.44650000000000006,0.2537454433088406,0.7395,0.43950000000000006,2.4649917833607224,129.58538810513133,0.7531185072685234,85.695,170.91
2026-04-01 09:26:50,0.3,287.51,0.9877,206.45,0.3418,288.86,Danger,0.5431666666666667,0.3855440614681198,0.9877,0.6668000000000001,3.0778962982352818,263.40426331690253,0.787006408749389,81.73499999999996,153.55
2026-04-01 09:26:55,0.0681,273.19,0.0997,232.62,0.0686,278.31,Safe,0.0788,0.01810165738268184,0.0997,0.03135,1.458647276557768,261.68007765387415,0.9373914288929001,43.129999999999995,127.38
2026-04-01 09:27:00,0.3722,298.66,1.2619,205.76,0.4542,266.29,Danger,0.6961,0.4917094975694491,1.2619,0.8487,3.0539616312642033,258.1254840187212,0.7868337680398184,76.71500000000003,154.24
2026-04-01 09:27:05,0.1237,117.92,0.1523,90.36,0.1527,81.66,Safe,0.1429,0.016628890522220652,0.1527,0.014100000000000001,1.1020180751224666,96.54206032171578,0.9639458353481498,9.430000000000007,90.36
2026-04-01 09:27:10,0.3,259.98,0.5805,172.59,0.3,247.83,Danger,0.3935,0.16194675050769006,0.5805,0.2805,1.9349935500215003,229.10895660815407,0.7856926178914948,81.315,172.59
2026-04-01 09:27:15,0.2489,241.96,0.1979,294.36,0.2673,262.21,Safe,0.23803333333333332,0.035953488472376824,0.2673,-0.060200000000000004,0.766754100139093,266.03152978469586,0.9303517095954149,42.275000000000034,65.63999999999999
2026-04-01 09:27:20,0.3301,79.11,0.6771,201.24,0.3269,75.68,Danger,0.44470000000000004,0.2012706635354492,0.6771,0.3486,2.0611809400884624,107.33292794646604,0.5547394589178346,123.84500000000003,158.76
2026-04-01 09:27:25,0.1934,101.53,0.1504,103.6,0.125,62.1,Safe,0.15626666666666666,0.03457532839082418,0.1934,-0.008800000000000002,0.9447176839341461,89.33510856872198,0.945245915992278,21.784999999999997,103.6
2026-04-01 09:27:30,0.368,265.06,1.2804,196.64,0.3777,282.32,Danger,0.6753666666666667,0.5239966825594733,1.2804,0.90755,3.4340795652955203,249.8114374594204,0.8025092531436333,77.05000000000001,163.36
2026-04-01 09:27:35,0.5459,276.87,1.3818,201.96,0.5175,293.69,Danger,0.8150666666666666,0.4910108383053609,1.3818,0.8500999999999999,2.59882904113402,259.913069207771,0.7727821221880651,83.31999999999996,158.04
2026-04-01 09:27:40,0.3,78.94,0.4881,178.6,0.3,46.34,Danger,0.3627,0.10859958563456859,0.4881,0.1881,1.6269945766847445,93.8866338317813,0.5777648925254181,115.95999999999998,178.6
2026-04-01 09:27:45,0.1945,281.44,0.1709,252.12,0.2018,247.92,Safe,0.1890666666666667,0.016150644981960737,0.2018,-0.027249999999999996,0.8624735681374306,260.3784599681251,0.9664259445955802,12.560000000000002,107.88
2026-04-01 09:27:50,0.4827,294.58,1.5173,176.3,0.4195,261.78,Danger,0.8065000000000001,0.6163814078961176,1.5173,1.0662,3.3635482962795478,248.43870347532345,0.6575362852073464,101.88,176.3
2026-04-01 09:27:55,0.3,119.72,0.672,205.05,0.3249,91.83,Danger,0.43229999999999996,0.20795929890245354,0.672,0.35955000000000004,2.1507372355985424,134.78291719302558,0.6783970028678808,99.27499999999998,154.95
2026-04-01 09:28:00,0.014,67.97,0.0935,104.94,0.0645,94.58,Safe,0.057333333333333326,0.04023162106270804,0.0935,0.05425,2.382104914524471,89.25789723289866,0.9634110512981368,23.66500000000002,104.94
2026-04-01 09:28:05,0.4787,59.38,1.4916,171.64,0.3753,102.53,Danger,0.7818666666666667,0.616817593242389,1.4916,1.0646,3.49320025011651,109.3732916694479,0.700369826970876,90.68499999999995,171.64
2026-04-01 09:28:10,0.1362,95.19,0.1454,110.55,0.0596,96.4,Safe,0.11373333333333331,0.047105979804408414,0.1454,0.047500000000000014,1.4851737980204494,100.70136913018885,0.9926078589400599,14.754999999999995,110.55
2026-04-01 09:28:15,0.4134,274.86,1.4303,192.7,0.439,284.45,Danger,0.7608999999999999,0.5798586983050267,1.4303,1.0040999999999998,3.3559283061278595,253.6407858583701,0.7589310944070016,86.95499999999998,167.3
2026-04-01 09:28:20,0.3,108.88,1.0302,179.25,0.3,88.86,Danger,0.5434,0.4215811665622647,1.0302,0.7302,3.4339885533714893,123.64035226153501,0.7843909496247964,80.38,179.25
2026-04-01 09:28:25,0.3,78.83,1.0472,194.66,0.3,100.94,Danger,0.5490666666666667,0.43139612113848835,1.0472,0.7471999999999999,3.4906550311498963,119.40208041223096,0.6541966855387149,104.77499999999998,165.34
2026-04-01 09:28:30,0.1634,289.94,0.1033,240.44,0.1607,247.37,Safe,0.14246666666666666,0.033946182897836,0.1634,-0.05875,0.6374536411376666,258.8817497259968,0.9283909315830817,28.214999999999975,119.56
2026-04-01 09:28:35,0.3031,278.1,0.2988,265.03,0.2676,274.62,Safe,0.28983333333333333,0.019374295686123224,0.3031,0.013450000000000017,1.0471314276102066,272.58765704238635,0.9953531684083128,11.330000000000041,94.97000000000003
2026-04-01 09:28:40,0.175,63.14,0.2156,86.54,0.2112,89.14,Safe,0.2006,0.022279138223908045,0.2156,0.02250000000000002,1.1165141558044755,79.66280041619858,0.9792876369840208,10.399999999999977,86.54
2026-04-01 09:28:45,0.438,281.21,1.4677,166.19,0.3862,291.14,Danger,0.7639666666666667,0.6100010355182467,1.4677,1.0556,3.5615055532502953,256.050429394569,0.5752725342812792,119.98499999999996,166.19
2026-04-01 09:28:50,0.3672,252.49,1.1863,162.62,0.3392,269.36,Danger,0.6308999999999999,0.48119421235089677,1.1863,0.8331,3.35871076242706,232.57543836760567,0.6946150739432626,98.305,162.62
2026-04-01 09:28:55,0.5015,239.56,1.4966,204.53,0.5177,284.32,Danger,0.8386,0.5699022810973825,1.4966,0.9869999999999999,2.936807423847284,242.50574019018399,0.84408670056435,57.41,155.47
2026-04-01 09:29:00,0.5925,112.2,0.7156,111.99,0.8437,105.24,Danger,0.7172666666666667,0.12560829325061834,0.8437,-0.0024999999999999467,0.9965172030118327,109.8112102992484,0.9984090378371725,3.269999999999982,111.99
2026-04-01 09:29:05,0.3786,255.92,1.2506,176.37,0.3139,253.77,Danger,0.6477,0.5231279289045845,1.2506,0.90435,3.6118307239545877,230.83234186758312,0.8026091731111348,78.47499999999997,176.37
2026-04-01 09:29:10,0.2502,276.53,0.2255,252.18,0.2114,223.51,Safe,0.22903333333333334,0.01963984046099491,0.2502,-0.005299999999999999,0.977032161905711,250.7942399001008,0.9297523581425331,2.160000000000025,107.82
2026-04-01 09:29:15,0.3433,85.07,1.0633,178.67,0.4498,92.01,Danger,0.6187999999999999,0.38861388292236804,1.0633,0.66675,2.681370113806295,115.17317172687662,0.7435864585593476,90.13,178.67
2026-04-01 09:29:20,0.1637,256.78,0.135,278.74,0.1579,272.2,Safe,0.1522,0.015175308893067056,0.1637,-0.02579999999999999,0.839547017742427,269.257962188489,0.9871328161303029,14.25,81.25999999999999
2026-04-01 09:29:25,0.1111,44.51,0.0924,99.67,0.1777,67.34,Safe,0.12706666666666666,0.04483551419726703,0.1777,-0.052000000000000005,0.6398847653409602,70.37723709627402,0.9235112647485608,43.745000000000005,99.67
2026-04-01 09:29:30,0.1083,289.3,0.1245,310.41,0.0649,255.2,Safe,0.09923333333333334,0.030817094823057757,0.1245,0.0379,1.437627741019157,285.1469031882267,0.9227400338559096,38.160000000000025,49.589999999999975
2026-04-01 09:29:35,0.3,99.12,0.6881,199.71,0.3,83.93,Danger,0.4293666666666667,0.2240696394724938,0.6881,0.38810000000000006,2.293659021136597,121.15488418505373,0.640549355347582,108.185,160.29
2026-04-01 09:29:40,0.2079,269.56,0.2384,334.18,0.2358,253.8,Safe,0.2273666666666667,0.01690867627383449,0.2384,0.01655000000000001,1.074595111133148,284.3631311076455,0.8243705402532423,72.5,25.819999999999993
2026-04-01 09:29:45,0.1843,95.15,0.2089,81.35,0.229,115.45,Safe,0.2074,0.022387719848166773,0.229,0.002250000000000002,1.0108830830724265,97.28408943518863,0.9703474233654698,23.94999999999999,81.35
2026-04-01 09:29:50,0.4839,92.65,1.1674,181.61,0.3186,100.11,Danger,0.6566333333333333,0.44999218141355896,1.1674,0.76615,2.9094008488452365,121.99087531285728,0.7684754869016095,85.23000000000002,178.39
2026-04-01 09:29:55,0.181,92.42,0.1612,130.49,0.1193,62.74,Safe,0.15383333333333335,0.03150275120260663,0.181,0.011050000000000004,1.0735859235036729,95.03845370892545,0.8862794918926143,52.910000000000025,130.49
2026-04-01 09:30:00,0.0678,75.03,0.0641,114.62,0.0654,123.7,Safe,0.06576666666666668,0.0018770544300401426,0.0678,-0.0024999999999999883,0.9624480112911219,104.75807078365807,0.9331533606407805,15.254999999999995,114.62
2026-04-01 09:30:05,0.318,276.2,1.0326,187.57,0.3454,271.7,Danger,0.5653333333333334,0.40489664524830693,1.0326,0.7009,3.113044579304856,248.11869882765242,0.7634858310011631,86.38,172.43
2026-04-01 09:30:10,0.1745,89.36,0.1385,57.5,0.1311,91.66,Safe,0.14803333333333332,0.023217522118721735,0.1745,-0.01429999999999998,0.9064076805780068,79.64427342184968,0.9633284401594882,33.00999999999999,57.5
2026-04-01 09:30:15,0.0239,101.03,0.01,94.59,0.0559,68.38,Safe,0.02993333333333333,0.02353727540165457,0.0559,-0.029899999999999996,0.2506202852058846,88.08752305679191,0.9698628844413868,9.884999999999991,94.59
2026-04-01 09:30:20,0.0398,45.66,0.0764,112.77,0.1021,129.41,Safe,0.07276666666666666,0.03130851854261606,0.1021,0.0054499999999999965,1.0767994813321868,97.6335177380707,0.8104803698659094,25.235000000000014,112.77
2026-04-01 09:30:25,0.3491,80.64,1.0809,197.66,0.3874,126.68,Danger,0.6058,0.41189407618949797,1.0809,0.71265,2.9352262451425792,133.05184462412257,0.6775368293612856,94.0,162.34
2026-04-01 09:30:30,0.3,117.09,0.6807,175.07,0.3,121.77,Danger,0.4269,0.21979724748049054,0.6807,0.3807,2.2689924366918777,137.28485586789373,0.8974663511590196,55.639999999999986,175.07
2026-04-01 09:30:35,0.4936,244.48,1.4685,163.19,0.3935,257.92,Danger,0.7852,0.5938679735429415,1.4685,1.02495,3.3107804964930754,224.88715065659017,0.7515298260936173,88.01000000000002,163.19
2026-04-01 09:30:40,0.2182,263.53,0.1915,249.91,0.2175,272.54,Safe,0.20906666666666665,0.015217205174845127,0.2182,-0.026349999999999985,0.8790411795217833,262.0033747863777,0.9868635792111546,18.12500000000003,110.09
2026-04-01 09:30:45,0.1588,114.3,0.167,116.6,0.1198,56.49,Safe,0.14853333333333332,0.02521930477498009,0.167,0.027700000000000002,1.1988427936626442,96.63872844994816,0.8857212258490499,31.204999999999984,116.6
2026-04-01 09:30:50,0.2404,289.26,0.2353,281.87,0.194,211.19,Safe,0.2232333333333333,0.02544490780752277,0.2404,0.018100000000000005,1.083328345633768,262.5321693827637,0.8204678815322534,31.64500000000004,78.13
2026-04-01 09:30:55,0.0843,299.0,0.0765,272.21,0.075,280.15,Safe,0.0786,0.004992995093127972,0.0843,-0.00315,0.96043991914728,283.7536740620434,0.9808664463540971,17.36500000000001,87.79000000000002
2026-04-01 09:31:00,0.3549,131.45,1.0243,175.33,0.364,76.13,Danger,0.5810666666666666,0.38387829234450516,1.0243,0.6648499999999999,2.8496234535444334,128.22072738564307,0.7644757723549007,71.54000000000002,175.33
2026-04-01 09:31:05,0.2612,93.16,0.3165,41.69,0.3016,90.48,Safe,0.29309999999999997,0.028613108883866503,0.3165,0.03510000000000002,1.1247294785732818,75.61270708788084,0.9165941004705424,50.129999999999995,41.69
2026-04-01 09:31:10,0.4681,123.38,1.4681,205.03,0.4468,81.03,Danger,0.7943333333333333,0.583596233138403,1.4681,1.01065,3.209305477526555,132.8925475034954,0.6368446986363713,102.82499999999999,154.97
2026-04-01 09:31:15,0.7429,140.73,0.6105,165.19,0.8489,216.23,Danger,0.7341000000000001,0.11944337570581297,0.8489,-0.1854,0.767055199076267,173.33799082042972,0.8549734565281676,13.289999999999992,165.19
2026-04-01 09:31:20,0.147,272.65,0.1316,251.39,0.1577,249.05,Safe,0.14543333333333333,0.013120340442737508,0.1577,-0.02074999999999999,0.8637947896633432,257.6547281365085,0.982906513201375,9.460000000000036,108.61000000000001
2026-04-01 09:31:25,0.3576,79.48,1.3559,190.45,0.3736,66.02,Danger,0.6957,0.5718059373598704,1.3559,0.9903000000000002,3.708687886521099,102.94806400957842,0.586752763716341,117.69999999999999,169.55
2026-04-01 09:31:30,0.7207,111.73,0.5464,74.06,0.7242,31.01,Danger,0.6637666666666667,0.10165757882879825,0.7242,-0.17605000000000004,0.7563142690646147,72.43572747461816,0.8411052543872422,2.6899999999999977,74.06
2026-04-01 09:31:35,0.2308,68.49,0.2149,79.56,0.2123,98.78,Safe,0.2193333333333333,0.010015155182688557,0.2308,-0.006649999999999989,0.969979824058569,82.24471446639676,0.9762898527324538,4.074999999999989,79.56
2026-04-01 09:31:40,0.1488,78.89,0.152,99.37,0.1492,100.16,Safe,0.15,0.0017435595774162717,0.152,0.0030000000000000027,1.0201273816954248,92.8411476669453,0.9852896495752089,9.844999999999999,99.37
2026-04-01 09:31:45,0.4039,106.22,1.354,190.01,0.3854,93.62,Danger,0.7144333333333334,0.5539582144289706,1.354,0.9593500000000001,3.4308794352478524,126.64228567770489,0.7412892886776931,90.08999999999997,169.99
2026-04-01 09:31:50,0.3932,59.54,1.2167,151.89,0.4609,133.93,Danger,0.6902666666666666,0.45715956003712016,1.2167,0.78965,2.8490742323516396,117.49972187330216,0.7716297615977931,55.15499999999997,151.89
2026-04-01 09:31:55,0.2396,254.89,0.1951,250.04,0.2571,254.73,Safe,0.2306,0.03196482441684922,0.2571,-0.05325000000000002,0.7855816968725714,253.2204073569558,0.9992293953769301,4.769999999999953,109.96000000000001
2026-04-01 09:32:00,0.3,327.73,0.8225,200.66,0.3,269.98,Danger,0.4741666666666667,0.3016655156515795,0.8225,0.5225,2.741657527808241,267.2538801839345,0.6296334940072693,98.19500000000002,159.34
2026-04-01 09:32:05,1.2329,91.23,0.9674,145.17,1.1697,90.26,Danger,1.1233333333333333,0.13869017028374195,1.2329,-0.2339,0.8052935941949604,108.23185594932558,0.9022627451572475,54.42499999999998,145.17
2026-04-01 09:32:10,0.3474,79.58,0.8855,201.91,0.3,113.24,Danger,0.5109666666666667,0.32522008445563955,0.8855,0.5618,2.735549164197825,126.73966356843715,0.6360917498640647,105.5,158.09
2026-04-01 09:32:15,0.4105,265.6,1.2928,184.12,0.3598,281.88,Danger,0.6877,0.5246447655318787,1.2928,0.90765,3.3566055910538983,247.0197117587639,0.7413252354924001,89.62,175.88
2026-04-01 09:32:20,0.2577,105.62,0.2507,108.51,0.2735,93.37,Safe,0.26063333333333333,0.01167961186569716,0.2735,-0.014900000000000024,0.9438970485803894,102.50873463226365,0.9934507545506643,9.014999999999986,108.51
2026-04-01 09:32:25,0.4066,278.39,1.0843,196.45,0.3691,261.44,Danger,0.62,0.4025325204253689,1.0843,0.69645,2.795661220417119,246.9544727384913,0.8191521363038717,73.46499999999997,163.55
2026-04-01 09:32:30,0.377,267.32,1.4413,175.36,0.4711,266.13,Danger,0.7631333333333333,0.5891911602640805,1.4413,1.01725,3.398883624847011,239.88964179029992,0.7381875568415559,91.36500000000001,175.36
2026-04-01 09:32:35,0.168,266.88,0.1767,290.71,0.1254,254.29,Safe,0.1567,0.027453415088108796,0.1767,0.03,1.204490766934104,270.56259103859736,0.9655613995003846,30.125,69.29000000000002
2026-04-01 09:32:40,0.9798,298.51,0.7123,236.65,0.8605,159.5,Danger,0.8508666666666667,0.13400993744246478,0.9798,-0.20784999999999998,0.7741120750833287,233.50236459283408,0.5655288431559373,7.645000000000039,123.35
2026-04-01 09:32:45,0.2117,265.63,0.2188,287.1,0.2247,275.48,Safe,0.2184,0.006509224224129944,0.2247,0.0005999999999999894,1.002745175320003,276.06652010479144,0.9883064446023264,16.545000000000016,72.89999999999998
2026-04-01 09:32:50,0.9184,38.01,0.8421,49.89,0.8723,356.09,Danger,0.8776,0.03842512199069772,0.9184,-0.05325000000000002,0.9405250008097382,28.374684251289384,0.9205390878654062,32.84000000000003,49.889999999999986
2026-04-01 09:32:55,0.1832,63.48,0.1876,68.03,0.1357,118.41,Safe,0.1688333333333333,0.028778522083896762,0.1876,0.02815000000000001,1.1765369925557068,82.72598446572904,0.907881317193189,22.914999999999992,68.03
2026-04-01 09:33:00,0.3,255.0,0.565,186.26,0.3,267.79,Danger,0.38833333333333336,0.1529978213352508,0.565,0.26499999999999996,1.8833270555764814,238.093453370772,0.8144637293853741,75.13499999999999,173.74
2026-04-01 09:33:05,0.3153,275.65,1.1239,170.99,0.4652,262.38,Danger,0.6348,0.4301530076612274,1.1239,0.7336499999999999,2.8799413710663138,240.8184992335522,0.6985634296589527,98.02499999999998,170.99
2026-04-01 09:33:10,0.4289,93.16,1.4557,217.86,0.5243,72.59,Danger,0.8029666666666667,0.5672925993994046,1.4557,0.9791,3.054336856196273,112.1640870248718,0.4819216749541627,134.985,142.14
2026-04-01 09:33:15,0.1826,91.09,0.1621,59.17,0.1878,91.87,Safe,0.1775,0.013587862230682209,0.1878,-0.02310000000000001,0.8752652523474495,80.84012428449293,0.9649646274335888,32.31,59.17
2026-04-01 09:33:20,0.3,283.35,0.5908,185.87,0.3,249.0,Danger,0.39693333333333336,0.16789345828034316,0.5908,0.2908,1.9693267689107705,240.81024887996426,0.7670135170825444,80.305,174.13
2026-04-01 09:33:25,0.1879,89.34,0.2591,112.8,0.2184,73.26,Safe,0.2218,0.03572156211589856,0.2591,0.05595,1.2754059788039438,91.74986763415804,0.9602539543679667,31.5,112.8
2026-04-01 09:33:30,0.3,83.32,0.6363,204.5,0.3,69.17,Danger,0.41209999999999997,0.19416289552847116,0.6363,0.3363,2.120992930023567,106.14509011262945,0.5250953309037095,128.255,155.5
2026-04-01 09:33:35,0.2897,76.92,0.2692,95.84,0.2989,107.99,Safe,0.2859333333333333,0.015204056476260979,0.2989,-0.02510000000000001,0.9147097699294261,93.6113599531726,0.9752617419473784,3.384999999999991,95.84
2026-04-01 09:33:40,0.2883,283.63,0.2504,287.28,0.2484,269.77,Safe,0.26236666666666664,0.02248117731199443,0.2883,-0.017949999999999966,0.9331062675376655,280.23949369354307,0.9913537279148563,10.579999999999984,72.72000000000003
2026-04-01 09:33:45,0.2528,75.2,0.3333,95.41,0.2194,107.9,Safe,0.2685,0.058550576427563866,0.3333,0.09719999999999995,1.4116839827023178,92.87210918158499,0.9725427488570838,3.859999999999985,95.41
2026-04-01 09:33:50,0.0651,112.42,0.0854,101.21,0.0561,77.69,Safe,0.06886666666666667,0.015008775210966862,0.0854,0.024800000000000003,1.409217669675418,97.17012439697113,0.9683534620098267,6.154999999999973,101.21
2026-04-01 09:33:55,0.4734,71.11,1.41,172.0,0.496,98.59,Danger,0.7931333333333334,0.5343417009118167,1.41,0.9252999999999999,2.9090098844442243,111.47296847630433,0.7429324790668277,87.14999999999998,172.0
2026-04-01 09:34:00,0.2649,251.27,0.2651,275.96,0.1766,281.33,Safe,0.23553333333333334,0.05103786176294354,0.2651,0.04435,1.2009005621718587,269.59187451547143,0.9740743216720295,9.660000000000025,84.04000000000002
2026-04-01 09:34:05,1.0483,228.17,1.1904,208.15,1.0931,247.2,Danger,1.1105999999999998,0.07264839984473156,1.1904,0.11969999999999992,1.1117949829130636,227.84657720069217,0.9616557058722536,29.534999999999968,151.85
2026-04-01 09:34:10,1.0877,80.61,1.1592,116.7,1.0362,38.18,Danger,1.0943666666666667,0.061770408233500725,1.1592,0.09725000000000006,1.09157578833675,78.68375448822802,0.8492114964017605,57.30500000000001,116.7
2026-04-01 09:34:15,0.2006,80.23,0.2,61.32,0.2405,86.17,Safe,0.2137,0.023211419603290092,0.2405,-0.020549999999999985,0.9068197378384139,75.93995310870297,0.9829740263420254,21.880000000000024,61.31999999999999
2026-04-01 09:34:20,0.3,306.94,0.667,203.91,0.3,289.82,Danger,0.4223333333333334,0.21188754879259267,0.667,0.36700000000000005,2.2233259222469264,270.6906544120597,0.7151615934976419,94.47,156.09
2026-04-01 09:34:25,0.2508,87.73,0.2453,85.66,0.2189,55.06,Safe,0.2383333333333333,0.01705295673287578,0.2508,0.010449999999999987,1.04449203963364,76.27099324563676,0.9663083250928876,14.264999999999986,85.66
2026-04-01 09:34:30,0.4719,326.85,1.4504,185.69,0.5507,303.36,Danger,0.8243333333333333,0.5436193183960015,1.4504,0.9390999999999999,2.8366852402009775,284.82581094779545,0.5107404083372269,129.41500000000002,174.31
2026-04-01 09:34:35,0.3034,57.79,1.0529,145.52,0.3,67.61,Danger,0.5521,0.43370885395619946,1.0529,0.7512,3.489879052439336,87.80398790271386,0.7795162229889843,82.82,145.52
2026-04-01 09:34:40,0.1539,77.79,0.083,88.61,0.0823,76.4,Safe,0.1064,0.04113769560877226,0.1539,-0.035100000000000006,0.702788291377719,80.92776065199556,0.9954682334913316,11.514999999999986,88.61
2026-04-01 09:34:45,0.1871,110.6,0.1472,105.78,0.1533,84.56,Safe,0.16253333333333334,0.0214928670338169,0.1871,-0.022999999999999993,0.8648597834325298,100.35897501010261,0.9806062625393662,8.199999999999989,105.78
2026-04-01 09:34:50,0.0765,62.62,0.1299,128.41,0.152,65.54,Safe,0.11946666666666665,0.038816276654688724,0.152,0.015649999999999997,1.1369703547452539,84.4106755670578,0.8647150870228674,64.32999999999998,128.41
2026-04-01 09:34:55,0.3473,60.63,0.7207,202.65,0.3,64.22,Danger,0.456,0.2304536612857344,0.7207,0.39705,2.2267813169123536,89.89713606081034,0.4622809250088982,140.22500000000002,157.35
2026-04-01 09:35:00,0.1433,277.48,0.1544,257.36,0.1106,259.46,Safe,0.1361,0.022770375490975114,0.1544,0.027450000000000002,1.2162172806830982,264.74105902397343,0.9876179220590553,11.110000000000014,102.63999999999999
2026-04-01 09:35:05,0.0683,289.11,0.078,256.69,0.1193,264.98,Safe,0.08853333333333334,0.027082528193160503,0.1193,-0.015799999999999995,0.8315476380848819,270.1899191401088,0.9714035727203619,20.355000000000018,103.31
2026-04-01 09:35:10,0.9934,347.78,0.9735,304.46,0.8959,251.2,Danger,0.9542666666666667,0.05151701984134302,0.9934,0.028850000000000042,1.0305393208708824,301.6221702675077,0.7761912239841839,4.96999999999997,55.54000000000002
2026-04-01 09:35:15,0.1165,90.11,0.1588,81.32,0.151,103.27,Safe,0.1421,0.022510664139469536,0.1588,0.02504999999999999,1.187280842760054,91.55771490439955,0.9876463108993858,15.370000000000005,81.32
2026-04-01 09:35:20,0.1095,272.35,0.0725,293.35,0.0961,270.04,Safe,0.0927,0.01873285883147578,0.1095,-0.030300000000000007,0.7052460579177244,278.5395968550974,0.9833214839642026,22.154999999999973,66.64999999999998
2026-04-01 09:35:25,0.4477,82.36,1.21,155.33,0.3148,130.53,Danger,0.6575,0.4830712059313823,1.21,0.82875,3.1737621671812013,123.3209200636466,0.8650719395055944,48.88499999999999,155.33
2026-04-01 09:35:30,0.2237,65.35,0.1688,86.87,0.2352,116.17,Safe,0.20923333333333335,0.03548525515384288,0.2352,-0.06064999999999998,0.7356690535234103,89.37413928417185,0.9350124904903133,3.8899999999999864,86.87
2026-04-01 09:35:35,0.2712,287.16,0.2335,269.22,0.1787,271.79,Safe,0.2278,0.046512686441443046,0.2712,0.00855000000000003,1.0380038319456237,276.04010468266813,0.9904665677669644,10.254999999999995,90.77999999999997
2026-04-01 09:35:40,0.3,261.87,0.647,195.16,0.3,233.13,Danger,0.4156666666666667,0.20034054340880014,0.647,0.34700000000000003,2.156659477801741,230.2428083582207,0.8895103388699183,52.34,164.84
2026-04-01 09:35:45,1.0323,21.47,1.0427,349.67,1.1938,66.7,Danger,1.0896000000000001,0.0903895458557017,1.1938,-0.07034999999999991,0.9367944505687521,25.56776069479162,0.8535671711597321,54.414999999999964,10.329999999999984
2026-04-01 09:35:50,0.4479,75.79,1.6144,195.85,0.5468,118.72,Danger,0.8696999999999999,0.6468221316559909,1.6144,1.11705,3.245997293661821,127.26609160441998,0.6589586819078683,98.59500000000003,164.15
2026-04-01 09:35:55,0.4286,265.89,1.4044,200.16,0.4171,288.08,Danger,0.7500333333333334,0.5667273271453683,1.4044,0.9815500000000001,3.3212644643148534,253.02026342696536,0.7990645202720069,76.82500000000002,159.84
2026-04-01 09:36:00,0.1258,233.11,0.1902,248.92,0.1726,278.56,Safe,0.1628666666666667,0.03328503167090778,0.1902,0.04100000000000001,1.2747903834424703,253.40533501907942,0.9466727422274708,6.9150000000000205,111.08000000000001
2026-04-01 09:36:05,0.1055,276.67,0.0712,262.73,0.0999,268.86,Safe,0.0922,0.01840081519933288,0.1055,-0.0315,0.6932746516586985,269.4186158831431,0.9950493947387068,10.034999999999968,97.26999999999998
2026-04-01 09:36:10,0.5833,113.16,0.7092,100.99,0.5842,114.34,Danger,0.6255666666666667,0.07242998918495938,0.7092,0.12545000000000006,1.214901559055145,109.50436139781542,0.9944615615751878,12.759999999999991,100.99
2026-04-01 09:36:15,0.2418,238.71,0.219,299.95,0.2493,294.3,Safe,0.2367,0.01578068439580489,0.2493,-0.02654999999999999,0.8918717496568941,278.4568086989707,0.887117009376527,33.44499999999999,60.05000000000001
2026-04-01 09:36:20,0.2114,229.45,0.2275,275.6,0.2395,230.91,Safe,0.22613333333333333,0.014099763591398728,0.2395,0.002050000000000024,1.009088449374809,244.94907217246543,0.9313515089808205,45.420000000000044,84.39999999999998
2026-04-01 09:36:25,0.3,262.14,0.4407,206.26,0.3,245.32,Danger,0.3469,0.08123318287498034,0.4407,0.1407,1.4689951033496556,238.21449034087738,0.9182874239890667,47.46999999999997,153.74
2026-04-01 09:36:30,0.2729,64.24,0.2359,76.82,0.2606,56.71,Safe,0.2564666666666666,0.018843124298622376,0.2729,-0.03084999999999999,0.8843453257907188,65.9146854494384,0.9895457418897294,16.345,76.82
2026-04-01 09:36:35,0.26,119.34,0.2133,98.46,0.2319,34.52,Safe,0.23506666666666667,0.02351049411078665,0.26,-0.03265000000000001,0.8672459148366951,85.59931178382614,0.8115726857408544,21.529999999999973,98.46
2026-04-01 09:36:40,0.1107,260.82,0.0744,280.8,0.1253,244.35,Safe,0.10346666666666667,0.026209603837779264,0.1253,-0.0436,0.6305031313293955,261.9697782366359,0.9664546778902321,28.215000000000003,79.19999999999999
2026-04-01 09:36:45,0.1464,75.05,0.112,99.17,0.1412,67.9,Safe,0.1332,0.018542923178398812,0.1464,-0.03179999999999998,0.7788541108893542,80.63734510480516,0.9729275429659741,27.694999999999993,99.17
2026-04-01 09:36:50,0.3834,75.53,1.3321,180.42,0.4362,66.33,Danger,0.7172333333333333,0.5331441862510866,1.3321,0.9223000000000001,3.2506021215175176,100.523124186799,0.6363089755655866,109.49000000000001,179.58
2026-04-01 09:36:55,0.2063,274.8,0.1525,262.13,0.2441,254.75,Safe,0.20096666666666665,0.04603230749520747,0.2441,-0.07270000000000001,0.6771728367103165,263.8843353100257,0.9895857018262567,2.644999999999982,97.87
2026-04-01 09:37:00,0.2409,100.42,0.1927,86.43,0.2459,90.67,Safe,0.2265,0.029378223227417954,0.2459,-0.050699999999999995,0.7916976512011044,92.50216510132901,0.9947816173717646,9.115000000000009,86.43
2026-04-01 09:37:05,0.36,61.8,1.2086,209.49,0.3492,112.93,Danger,0.6392666666666666,0.4930866996110656,1.2086,0.8539999999999999,3.4083378219463563,121.01162065281233,0.5094972050163188,122.125,150.51
2026-04-01 09:37:10,0.6595,48.65,0.6509,107.14,0.6621,101.96,Danger,0.6575000000000001,0.0058617403559011235,0.6621,-0.00990000000000002,0.9850166691636362,86.61641864977291,0.8964186208147905,31.835000000000008,107.14
2026-04-01 09:37:15,0.9176,255.19,0.9187,267.7,1.0041,186.89,Danger,0.9468,0.04962630350932861,1.0041,-0.04215000000000002,0.9561315958457658,238.2955505899289,0.8172737704184337,46.660000000000025,92.30000000000001
2026-04-01 09:37:20,0.9811,233.42,1.246,242.0,1.2127,245.95,Danger,1.1466,0.14429106001412562,1.246,0.1491,1.135927490265758,240.45970492861852,0.9958375156044913,2.3150000000000546,118.0
2026-04-01 09:37:25,0.0382,244.5,0.086,269.6,0.0904,267.85,Safe,0.07153333333333332,0.02895122334778503,0.0904,0.021699999999999997,1.3374597595682804,260.70363755131893,0.980159084927686,13.425000000000011,90.39999999999998
2026-04-01 09:37:30,0.4183,242.9,1.5194,185.67,0.3926,248.1,Danger,0.7767666666666666,0.6432676918152609,1.5194,1.11395,3.7474318721621116,226.42743422606412,0.8819151346854516,59.83000000000001,174.33
2026-04-01 09:37:35,0.1846,247.1,0.1084,300.02,0.1212,287.0,Safe,0.13806666666666667,0.04080408476284369,0.1846,-0.044499999999999984,0.708955467917149,278.36828874778166,0.9242878551377396,32.96999999999997,59.98000000000002
2026-04-01 09:37:40,0.0814,188.92,0.1538,276.26,0.1785,281.48,Safe,0.1379,0.050464938323552914,0.1785,0.023849999999999982,1.1835230202153117,252.29117632218413,0.7449975719119738,41.06,83.74000000000001
2026-04-01 09:37:45,0.437,271.84,1.5445,196.71,0.4886,283.54,Danger,0.8233666666666667,0.6250524804633074,1.5445,1.0817,3.3372875166648304,252.9808180905854,0.7875628074035327,80.97999999999999,163.29
2026-04-01 09:37:50,0.1489,49.79,0.1459,113.2,0.1968,79.88,Safe,0.1638666666666667,0.02856052053680628,0.1968,-0.02695,0.8440795829934452,80.89720366938786,0.9004267660428218,48.36500000000001,113.2
2026-04-01 09:37:55,0.1104,276.24,0.1511,268.97,0.1344,253.82,Safe,0.13196666666666668,0.02045882042868879,0.1511,0.028700000000000017,1.2344670386679848,266.36002744812845,0.986758861271584,3.9400000000000546,91.02999999999997
2026-04-01 09:38:00,0.3,90.79,0.7756,197.4,0.3,98.27,Danger,0.4585333333333333,0.274587788026586,0.7756,0.47559999999999997,2.5853247155842816,123.33403081429672,0.6744478708297841,102.87,162.6
2026-04-01 09:38:05,0.3,81.17,0.6756,170.78,0.3,108.88,Danger,0.4252,0.21685276110762342,0.6756,0.3756,2.2519924933583555,118.91882957346738,0.7976536556631424,75.755,170.78
2026-04-01 09:38:10,0.1687,86.71,0.1967,127.32,0.16,99.48,Safe,0.17513333333333334,0.01917715654974255,0.1967,0.03235000000000002,1.1968287384926166,104.39628660262512,0.9566931584915441,34.224999999999966,127.32
2026-04-01 09:38:15,0.9173,139.75,0.6848,288.75,0.7368,220.85,Danger,0.7796333333333334,0.12202492914701216,0.9173,-0.1422500000000001,0.8280021425522729,218.5521467177641,0.510722222551712,108.44999999999999,71.25
2026-04-01 09:38:20,0.2089,276.58,0.1772,263.31,0.1979,274.12,Safe,0.19466666666666665,0.016095444490082697,0.2089,-0.0262,0.8711854907301341,271.34263650098677,0.9949463586751623,12.039999999999964,96.69
2026-04-01 09:38:25,0.2031,88.08,0.2802,66.57,0.2777,65.19,Safe,0.25366666666666665,0.04380985429481971,0.2802,0.0398,1.1655525559377873,73.23869381623854,0.983340887097659,10.064999999999998,66.57
2026-04-01 09:38:30,0.0699,73.56,0.0482,69.12,0.021,101.86,Safe,0.04636666666666667,0.024501496552931892,0.0699,0.0027499999999999955,1.0604827176519767,81.40901136310426,0.968229738668606,18.590000000000003,69.12
2026-04-01 09:38:35,0.3,294.43,0.524,184.6,0.3,252.11,Danger,0.3746666666666667,0.1293264602984762,0.524,0.22400000000000003,1.746660844463852,245.37251387225638,0.7122246501973246,88.66999999999999,175.4
2026-04-01 09:38:40,1.2886,321.02,1.312,299.14,1.1594,332.84,Danger,1.2533333333333332,0.08218572463228233,1.312,0.08800000000000008,1.0718945491057608,317.7156132245625,0.9705343846832402,27.789999999999964,60.860000000000014
2026-04-01 09:38:45,0.1479,76.85,0.1044,87.57,0.1273,125.36,Safe,0.12653333333333336,0.021760131739797288,0.1479,-0.03319999999999999,0.7587154163123815,96.31966236833046,0.9351528954369405,13.534999999999997,87.57
2026-04-01 09:38:50,0.8308,258.81,0.6867,249.4,0.7823,355.1,Danger,0.7666000000000001,0.07332168846937447,0.8308,-0.11985000000000001,0.851403073085273,282.67727255502007,0.6841673551501948,57.55499999999998,110.6
2026-04-01 09:38:55,0.1604,251.9,0.2035,252.48,0.1277,252.84,Safe,0.1638666666666667,0.03801872345744045,0.2035,0.059449999999999975,1.4126941152786163,252.4066674841083,0.9999771605932029,0.10999999999998522,107.52000000000001
2026-04-01 09:39:00,0.0882,115.37,0.0704,77.83,0.0714,69.84,Safe,0.07666666666666667,0.010000666644445922,0.0882,-0.009400000000000006,0.8821944587160562,87.42136132188872,0.9408927446800127,14.775000000000006,77.83
2026-04-01 09:39:05,0.4745,254.76,1.2964,190.42,0.4387,259.98,Danger,0.7365333333333334,0.48518905937101814,1.2964,0.8398,2.83924038712136,236.30866683719694,0.8535037483903267,66.95000000000002,169.58
2026-04-01 09:39:10,0.3,105.41,0.7152,158.48,0.3,130.03,Danger,0.43839999999999996,0.23971583176753258,0.7152,0.41519999999999996,2.3839920533598224,131.25847674850507,0.9296549872230827,40.75999999999999,158.48
2026-04-01 09:39:15,0.1623,271.32,0.191,261.27,0.2186,268.68,Safe,0.19063333333333332,0.02815179094362085,0.2186,0.0005499999999999949,1.00288263122798,267.0919914187892,0.9972454469564973,8.730000000000018,98.73000000000002
2026-04-01 09:39:20,0.281,281.43,0.2285,258.67,0.2499,271.1,Safe,0.2531333333333334,0.026398926745860973,0.281,-0.03695000000000001,0.8607991682080686,270.4046439643066,0.9868563393796833,17.59499999999997,101.32999999999998
2026-04-01 09:39:25,0.3,263.77,0.7658,175.15,0.3,286.82,Danger,0.4552666666666667,0.2689297553885277,0.7658,0.46580000000000005,2.552658157806141,246.3999063790764,0.6790494216746079,100.14499999999995,175.15
2026-04-01 09:39:30,0.1923,82.26,0.1915,69.13,0.1475,105.68,Safe,0.1771,0.02563747257433931,0.1923,0.021600000000000008,1.1271269739436496,85.63081135293577,0.9654947577079717,24.840000000000032,69.13
2026-04-01 09:39:35,0.0454,281.77,0.0801,275.72,0.0752,253.62,Safe,0.0669,0.01878004259846074,0.0801,0.019799999999999998,1.3283361801628497,270.4227462979288,0.9778291629985753,8.025000000000034,84.27999999999997
2026-04-01 09:39:40,0.241,318.76,0.2207,286.5,0.1854,252.66,Safe,0.2157,0.028135209258151956,0.241,0.007500000000000007,1.035173380987894,286.0051722507911,0.8921101279172704,0.7899999999999636,73.5
2026-04-01 09:39:45,0.0997,242.0,0.1365,293.96,0.129,294.89,Safe,0.12173333333333335,0.01944642212164833,0.1365,0.022150000000000003,1.1936931028150168,277.53187178502145,0.9091420760301748,25.514999999999986,66.04000000000002
2026-04-01 09:39:50,0.0717,78.38,0.0681,117.22,0.0833,70.1,Safe,0.07436666666666665,0.007943131204590125,0.0833,-0.009400000000000006,0.8786983393762661,88.27920606400637,0.936772421485067,42.98000000000002,117.22
2026-04-01 09:39:55,0.3,87.77,0.7506,192.3,0.3073,88.98,Danger,0.4526333333333333,0.2580725156488644,0.7506,0.44695000000000007,2.4719167728741227,117.26153412539843,0.6697430180134781,103.92500000000001,167.7
2026-04-01 09:40:00,0.3003,69.7,0.2403,114.51,0.2544,86.33,Safe,0.26499999999999996,0.031373077630350514,0.3003,-0.03704999999999997,0.8664111540971551,90.07865553211151,0.9485765886716645,36.495000000000005,114.51
2026-04-01 09:40:05,0.3836,357.1,0.5905,289.01,0.5491,262.01,Danger,0.5077333333333334,0.10947741015083129,0.5905,0.12414999999999998,1.2662136459447926,300.828760311865,0.7710650333583056,20.545000000000016,70.99000000000001
2026-04-01 09:40:10,0.0291,99.24,0.0784,104.13,0.1126,89.62,Safe,0.07336666666666668,0.041976938112889245,0.1126,0.007550000000000001,1.1065475434362253,97.66751419352283,0.9944738283675602,9.699999999999989,104.13
2026-04-01 09:40:15,0.3109,82.59,0.2316,111.24,0.2486,88.16,Safe,0.2637,0.041750808375407546,0.3109,-0.04815,0.827879078180239,93.93734151975814,0.976706672028324,25.86499999999998,111.24
2026-04-01 09:40:20,0.3,275.13,0.578,205.61,0.3,320.33,Danger,0.39266666666666666,0.16050337483471597,0.578,0.27799999999999997,1.9266602444658518,268.81889359921354,0.6890138576421722,92.11999999999995,154.39
2026-04-01 09:40:25,0.3042,104.59,0.8656,167.79,0.3,51.51,Danger,0.48993333333333333,0.32534365420787503,0.8656,0.5635,2.8652669140453026,107.18858514662035,0.684562900445146,89.74000000000001,167.79
2026-04-01 09:40:30,0.2093,279.18,0.189,294.16,0.2521,294.52,Safe,0.2168,0.03221164385746247,0.2521,-0.041700000000000015,0.8192422226171537,289.299829735328,0.9922330974412877,7.310000000000059,65.83999999999997
2026-04-01 09:40:35,0.338,109.37,1.3123,196.91,0.3585,97.08,Danger,0.6696,0.5566888987576455,1.3123,0.9640500000000001,3.768259100476381,130.63679463284024,0.7225386134624034,93.685,163.09
2026-04-01 09:40:40,0.0633,116.79,0.0624,70.05,0.0258,115.41,Safe,0.05049999999999999,0.021395560287124988,0.0633,0.017849999999999998,1.4006419608987453,101.13728699129304,0.9294765589918983,46.05000000000001,70.05
2026-04-01 09:40:45,0.1355,252.77,0.1683,264.87,0.136,262.64,Safe,0.1466,0.01879441406375841,0.1683,0.032549999999999996,1.2397698727817843,260.09787047823227,0.9957939467094042,7.1650000000000205,95.13
2026-04-01 09:40:50,0.1341,100.97,0.1527,79.92,0.2296,101.21,Safe,0.17213333333333333,0.050629075967603174,0.2296,-0.02915000000000001,0.8396984344325849,94.06941382646527,0.9848872666169483,21.170000000000016,79.92
2026-04-01 09:40:55,0.2828,269.47,0.2908,275.85,0.2308,285.1,Safe,0.26813333333333333,0.03257811126098831,0.2908,0.033999999999999975,1.132394344258784,276.8036974708126,0.9937387051893014,1.4350000000000023,84.14999999999998
2026-04-01 09:41:00,0.4299,270.43,1.3102,164.32,0.4521,278.56,Danger,0.7307333333333333,0.5019555989660174,1.3102,0.8692,2.9709683197997285,244.8617303828281,0.6327905912632724,110.17500000000001,164.32
2026-04-01 09:41:05,0.1566,276.25,0.1456,253.36,0.1786,267.82,Safe,0.16026666666666667,0.016802777548171416,0.1786,-0.021999999999999992,0.8687299001795933,265.82340051669115,0.9864381737218644,18.674999999999955,106.63999999999999
2026-04-01 09:41:10,0.5094,232.4,0.5275,241.45,0.7346,236.91,Danger,0.5905,0.12512198048304707,0.7346,-0.09450000000000003,0.8480693760942506,236.91998958839264,0.9979219954564971,6.795000000000016,118.55000000000001
2026-04-01 09:41:15,0.2082,274.3,0.157,257.2,0.2059,266.68,Safe,0.19036666666666666,0.028919255407657597,0.2082,-0.05005000000000001,0.7582672868037343,266.0623109433016,0.9925618348948423,13.29000000000002,102.80000000000001
2026-04-01 09:41:20,0.3254,270.25,1.2913,175.72,0.4169,248.71,Danger,0.6778666666666666,0.533215156698807,1.2913,0.9201499999999999,3.479176938766163,233.86566543272295,0.7664809938111664,83.75999999999996,175.72
2026-04-01 09:41:25,0.3,109.19,0.7541,179.91,0.3,110.3,Danger,0.4513666666666667,0.26217475723900907,0.7541,0.4541,2.5136582878057077,131.6516154343622,0.8404239308105959,70.16500000000002,179.91
2026-04-01 09:41:30,0.3,82.3,0.6182,169.43,0.3,110.93,Danger,0.40606666666666663,0.1837128556561389,0.6182,0.3182,2.060659797800674,119.77459807279703,0.8097051290803362,72.815,169.43
2026-04-01 09:41:35,0.0256,260.01,0.0805,235.53,0.054,274.8,Safe,0.053366666666666666,0.027455479113163067,0.0805,0.0407,2.022562247179719,256.8447293414671,0.9604565661234518,31.87499999999997,124.47
2026-04-01 09:41:40,0.4718,38.68,1.504,178.91,0.5122,106.76,Danger,0.8293333333333334,0.5846275509530262,1.504,1.012,3.0569043558854556,107.58386315314877,0.560003796609348,106.19,178.91
2026-04-01 09:41:45,0.5475,286.78,1.4336,158.16,0.5244,312.08,Danger,0.8351666666666667,0.5183871558336812,1.4336,0.8976500000000001,2.674871396825456,271.3220448365985,0.44265589848111736,141.26999999999995,158.16
2026-04-01 09:41:50,0.1967,79.89,0.2182,94.04,0.2731,103.05,Safe,0.22933333333333336,0.039398011794167145,0.2731,-0.016699999999999993,0.9289019629546065,92.3383888197021,0.9862082508247217,2.569999999999993,94.04
2026-04-01 09:41:55,0.5832,304.53,0.4576,252.47,0.5716,260.71,Danger,0.5374666666666666,0.06940931733804429,0.5832,-0.11980000000000002,0.7925168124059362,272.1587776247757,0.9220786820475821,30.14999999999995,107.53
2026-04-01 09:42:00,0.9668,264.85,1.0786,332.63,1.0845,172.79,Danger,1.0433000000000001,0.06631658917646475,1.0845,0.05295000000000005,1.0516247729490833,261.7107089390512,0.44807838077717393,113.81000000000006,27.370000000000005
2026-04-01 09:42:05,0.3561,87.72,0.9899,170.15,0.3,72.23,Danger,0.5486666666666667,0.3831474172343242,0.9899,0.66185,3.0175186175320303,106.78610785172985,0.7390119774477433,90.17500000000001,170.15
2026-04-01 09:42:10,0.3474,288.15,0.9336,205.65,0.3818,228.33,Danger,0.5542666666666666,0.32896226733978673,0.9336,0.569,2.5606073488553243,239.49876276247784,0.8240708113131056,52.59,154.35
2026-04-01 09:42:15,0.1403,267.07,0.1962,257.43,0.1397,267.99,Safe,0.15873333333333334,0.03244847197224137,0.1962,0.0562,1.4014185612959906,264.16714559188165,0.9965288634723453,10.099999999999966,102.57
2026-04-01 09:42:20,0.2251,73.79,0.3085,99.4,0.2515,128.29,Safe,0.2617,0.04262534457338732,0.3085,0.07019999999999998,1.2945812229071636,100.44966896442585,0.925924033066382,1.6399999999999864,99.4
2026-04-01 09:42:25,0.1557,100.06,0.1436,77.34,0.1184,77.97,Safe,0.13923333333333335,0.019029538442467103,0.1557,0.00655,1.0477851310825896,85.08056725607456,0.9830719603136162,11.675000000000011,77.34
2026-04-01 09:42:30,0.4219,108.05,1.402,196.08,0.501,94.44,Danger,0.7749666666666667,0.5444651534610211,1.402,0.9405499999999999,3.0382424136040442,128.8993183953328,0.7156247330113721,94.83500000000004,163.92
2026-04-01 09:42:35,0.2212,291.99,0.2087,299.38,0.1821,247.52,Safe,0.204,0.019969226324522436,0.2212,0.007050000000000001,1.0349564346321118,280.0532045125489,0.9217008531289541,29.625,60.620000000000005
2026-04-01 09:42:40,0.0685,269.49,0.024,238.04,0.0441,257.04,Safe,0.045533333333333335,0.022284598567919804,0.0685,-0.0323,0.4262801726434699,254.88447485149408,0.9746907082982874,25.22500000000005,121.96000000000001
2026-04-01 09:42:45,0.1447,84.19,0.1976,83.68,0.1922,112.06,Safe,0.17816666666666667,0.029108475283555025,0.1976,0.02915000000000001,1.17304141857276,93.2246850543122,0.9734001626164454,14.444999999999993,83.68
2026-04-01 09:42:50,0.2038,94.51,0.2521,79.8,0.2092,90.69,Safe,0.2217,0.026465260248106377,0.2521,0.045599999999999974,1.220817332603716,88.33966772826147,0.9940929336833187,12.800000000000011,79.8
2026-04-01 09:42:55,1.0562,145.7,1.134,190.6,1.1688,139.79,Danger,1.1196666666666666,0.057652175443198436,1.1688,0.021499999999999853,1.0193249264495043,158.2739105826469,0.9231490476407574,47.85499999999999,169.4
2026-04-01 09:43:00,0.1866,87.52,0.207,102.15,0.1377,59.62,Safe,0.17709999999999995,0.03561334019717892,0.207,0.04485,1.2765878717985089,83.2008130768449,0.9531545499345571,28.579999999999984,102.15
2026-04-01 09:43:05,0.3951,89.92,1.1489,184.63,0.4508,94.19,Danger,0.6649333333333334,0.4200516912635079,1.1489,0.7259500000000001,2.716390314717308,119.13731951911151,0.7314266772629251,92.57499999999999,175.37
2026-04-01 09:43:10,0.1987,98.48,0.2037,123.43,0.2087,85.92,Safe,0.2037,0.0050000000000000044,0.2087,0.0,0.999995090843933,102.53506330660316,0.9633266599549294,31.230000000000018,123.43
2026-04-01 09:43:15,0.1345,86.25,0.0871,72.99,0.1379,92.09,Safe,0.11983333333333335,0.02839882626682542,0.1379,-0.04909999999999999,0.6394960389424453,83.78800963609301,0.9902971572615733,16.180000000000007,72.99
2026-04-01 09:43:20,0.4303,94.23,1.2822,171.39,0.312,90.19,Danger,0.6748333333333333,0.5293103280055409,1.2822,0.91105,3.4546586160349837,116.40080139362438,0.7989896634699571,79.17999999999995,171.39
2026-04-01 09:43:25,0.3,89.0,0.6962,166.97,0.3,106.76,Danger,0.43206666666666665,0.22874617665292976,0.6962,0.39620000000000005,2.320658931136897,119.7019589465808,0.8376672496716661,69.08999999999997,166.97
2026-04-01 09:43:30,0.01,272.41,0.0778,217.99,0.0686,298.6,Safe,0.05213333333333333,0.03677734810088042,0.0778,0.0385,1.9795933945701127,263.8774604026688,0.8356405783369604,67.51500000000004,142.01
2026-04-01 09:43:35,0.3,96.8,0.8294,195.87,0.3,101.42,Danger,0.47646666666666665,0.3056492325089879,0.8294,0.5294000000000001,2.76465745114183,126.94541948039497,0.7089147722814496,96.75999999999999,164.13
2026-04-01 09:43:40,0.4108,70.38,1.1634,178.21,0.4396,87.29,Danger,0.6712666666666666,0.42644316541988725,1.1634,0.7382,2.736117741962037,107.35885894084316,0.6887206652636183,99.375,178.21
2026-04-01 09:43:45,1.0003,101.72,1.0577,47.9,0.97,148.97,Danger,1.0093333333333332,0.04454237682626892,1.0577,0.07255000000000011,1.0736425177460105,99.88131039452585,0.7567645396859973,77.445,47.900000000000006
2026-04-01 09:43:50,0.0797,264.01,0.01,249.92,0.0153,254.64,Safe,0.034999999999999996,0.038801932941542994,0.0797,-0.03749999999999999,0.2105218837498158,256.18612641165754,0.9947842632850048,9.405000000000001,110.08000000000001
2026-04-01 09:43:55,0.2752,80.92,0.2935,83.09,0.2735,85.75,Safe,0.28073333333333333,0.011088883322198541,0.2935,0.01915,1.0697974492529643,83.25328500417308,0.9994058575332875,0.24500000000000455,83.09
2026-04-01 09:44:00,0.5358,73.24,1.6246,167.26,0.4306,81.28,Danger,0.8636666666666667,0.6610835146434476,1.6246,1.1414,3.3621619160556375,103.88154966442967,0.7438892788391849,90.0,167.26
2026-04-01 09:44:05,0.3063,266.48,0.8855,167.86,0.3033,282.45,Danger,0.4983666666666666,0.3352706568331522,0.8855,0.5807,2.9051741956227177,244.98023864924733,0.6489997976115955,106.60499999999996,167.86
2026-04-01 09:44:10,1.1734,162.94,1.1952,126.59,1.233,54.29,Danger,1.2005333333333332,0.030155817570302026,1.233,-0.008000000000000007,0.9933502382394962,116.90659285186014,0.7133112357477847,17.975000000000023,126.59
2026-04-01 09:44:15,0.3401,282.33,1.1704,160.67,0.3687,274.04,Danger,0.6264000000000001,0.4713347960844818,1.1704,0.8160000000000001,3.3024737514849,248.1307970828218,0.5902929824398669,117.51500000000001,160.67
2026-04-01 09:44:20,0.6636,352.02,0.8915,54.74,0.9607,58.9,Danger,0.8386,0.15545388383697592,0.9607,0.07935000000000003,1.0977022745770184,36.35405219235516,0.8626010891707724,29.28000000000003,54.74000000000001
2026-04-01 09:44:25,0.3,267.56,0.888,224.85,0.3,248.52,Danger,0.496,0.3394819582835,0.888,0.5880000000000001,2.9599901333662224,247.01363843430283,0.9540510358692204,33.18999999999997,135.15
2026-04-01 09:44:30,0.1948,113.34,0.1575,92.65,0.1484,95.09,Safe,0.16690000000000002,0.024586785068406156,0.1948,-0.014100000000000001,0.9178268191910304,100.33296107137662,0.9870605281093715,11.564999999999998,92.65
2026-04-01 09:44:35,0.2279,85.68,0.1842,90.98,0.2126,62.97,Safe,0.20823333333333335,0.02217483558751526,0.2279,-0.03605,0.8363185638203686,79.93292264877653,0.9776458187850857,16.655,90.98
2026-04-01 09:44:40,0.5086,305.13,0.7787,209.43,0.6455,214.9,Danger,0.6442666666666667,0.13505422367824457,0.7787,0.20164999999999988,1.3494474491856003,239.33134040368418,0.7290956727945308,50.58499999999998,150.57
2026-04-01 09:44:45,0.2073,116.67,0.1743,72.86,0.214,67.48,Safe,0.19853333333333334,0.021252372416587593,0.214,-0.03634999999999999,0.8274349516498853,85.28183497684782,0.9274561246141775,19.215000000000003,72.86
2026-04-01 09:44:50,0.2311,260.1,0.1997,291.36,0.1567,242.09,Safe,0.1958333333333333,0.03735041275987901,0.2311,0.005799999999999972,1.0299070144042577,264.3749934108753,0.937884043465493,40.265000000000015,68.63999999999999
2026-04-01 09:44:55,0.1548,99.14,0.1842,122.8,0.167,83.9,Safe,0.16866666666666666,0.014770691701248572,0.1842,0.023300000000000015,1.144803326268948,101.89142868518857,0.9613670067990143,31.279999999999973,122.8
2026-04-01 09:45:00,0.3453,262.75,1.0133,202.88,0.3,257.18,Danger,0.5528666666666667,0.3993897386430119,1.0133,0.6906500000000001,3.1405450471252228,241.68305800790006,0.8920367742564203,57.085000000000036,157.12
2026-04-01 09:45:05,0.0644,85.75,0.1906,91.69,0.1393,91.45,Safe,0.13143333333333332,0.06346671043415858,0.1906,0.08875,1.8713611059292496,89.63073917600401,0.9988524091825239,3.0900000000000034,91.69
2026-04-01 09:45:10,0.3471,70.02,1.3816,168.28,0.4262,78.19,Danger,0.7183,0.5757945553754393,1.3816,0.9949499999999999,3.5732482264367604,101.5288685366149,0.7218209432209872,94.17500000000001,168.28
2026-04-01 09:45:15,0.0518,266.58,0.1016,273.8,0.0607,281.54,Safe,0.07136666666666666,0.026558300648447622,0.1016,0.04535,1.8061901121757835,273.9728389257682,0.9943246273176979,0.2599999999999909,86.19999999999999
2026-04-01 09:45:20,0.3,71.55,0.8384,177.75,0.3,67.69,Danger,0.4794666666666667,0.3108453849316945,0.8384,0.5384,2.7946573511421633,99.00422042833749,0.6456239727529406,108.13,177.75
2026-04-01 09:45:25,1.1248,81.11,1.2528,70.12,1.0907,129.14,Danger,1.1561000000000001,0.08546268191438876,1.2528,0.1450499999999999,1.1309400758834791,92.89259134599524,0.9024830822159481,35.004999999999995,70.12
2026-04-01 09:45:30,0.2475,242.57,0.2427,277.86,0.2133,279.89,Safe,0.23450000000000001,0.018515939079614626,0.2475,0.012300000000000005,1.053380844701195,266.95821026320436,0.9557862094820689,16.630000000000052,82.13999999999999
2026-04-01 09:45:35,0.3,67.87,0.8531,190.72,0.3,52.84,Danger,0.48436666666666667,0.31933243388878196,0.8531,0.5530999999999999,2.843657187809374,90.06692760866554,0.5124249250489206,130.365,169.28
2026-04-01 09:45:40,0.3691,106.3,1.3491,181.38,0.3975,86.24,Danger,0.7052333333333333,0.5577856697095519,1.3491,0.9658,3.5196881823945154,122.13982106755167,0.7611707950156013,85.11000000000001,178.62
2026-04-01 09:45:45,0.401,88.22,0.9936,169.99,0.3,71.71,Danger,0.5648666666666667,0.37471249423168873,0.9936,0.6431,2.834799330101769,106.77457687266995,0.7390544300263088,90.02499999999998,169.99
2026-04-01 09:45:50,0.4221,70.81,1.3864,184.22,0.442,87.53,Danger,0.7501666666666668,0.5510840619482053,1.3864,0.95435,3.2088804330970193,108.49517273732606,0.6572529821444897,105.05000000000001,175.78
2026-04-01 09:45:55,0.4129,287.3,1.4015,158.43,0.3892,264.88,Danger,0.7345333333333333,0.5777316187758234,1.4015,1.0004499999999998,3.4945680225208267,245.48918598376116,0.5799768128708515,117.65999999999997,158.43
2026-04-01 09:46:00,0.1606,109.14,0.1054,94.81,0.2433,41.61,Safe,0.16976666666666665,0.06940549930180845,0.2433,-0.09655,0.5219087798525385,82.65214268153329,0.8756089317922829,19.435000000000002,94.81
2026-04-01 09:46:05,0.2227,247.28,0.2379,288.52,0.1326,308.19,Safe,0.19773333333333332,0.05691681063915417,0.2379,0.06025,1.3391424759781818,281.6902254867594,0.904284205937953,10.784999999999968,71.48000000000002
2026-04-01 09:46:10,0.4815,241.47,1.4056,143.34,0.4738,252.02,Danger,0.7869666666666667,0.5357660154706841,1.4056,0.9279499999999999,2.942734339507297,217.81130375293128,0.6702227793169262,103.405,143.34
2026-04-01 09:46:15,0.1886,255.65,0.2018,277.71,0.2364,253.8,Safe,0.20893333333333333,0.024685488314662392,0.2364,-0.010699999999999987,0.949642589917224,262.3410510647104,0.9821125822131609,22.984999999999957,82.29000000000002
2026-04-01 09:46:20,0.1907,73.34,0.1402,120.91,0.1911,75.02,Safe,0.17400000000000002,0.02927234189469644,0.1911,-0.05070000000000002,0.7344120774642353,89.35164097249394,0.9273974608569086,46.72999999999999,120.91
2026-04-01 09:46:25,0.2592,291.59,0.2099,268.79,0.2898,292.56,Safe,0.2529666666666666,0.0403130665334868,0.2898,-0.06459999999999996,0.76466023803192,284.36128685328003,0.9817094711651039,23.284999999999968,91.20999999999998
2026-04-01 09:46:30,0.982,323.12,0.7633,38.05,0.5976,350.74,Danger,0.7809666666666666,0.19280799603059343,0.982,-0.02650000000000008,0.9664459781641197,356.7827108567965,0.8594665205597729,61.120000000000005,38.05000000000001
2026-04-01 09:46:35,0.9433,205.49,1.0415,224.42,0.9405,275.2,Danger,0.9751,0.05752112655364118,1.0415,0.09960000000000013,1.1057425355743333,234.32734222965843,0.8724152109053954,15.924999999999983,135.58
2026-04-01 09:46:40,0.2209,268.76,0.2082,252.21,0.1922,297.57,Safe,0.20710000000000003,0.014381585448065176,0.2209,0.0016499999999999848,1.0079835004429898,272.73639704976557,0.9472115889730561,30.954999999999956,107.78999999999999
2026-04-01 09:46:45,0.5268,96.4,1.495,179.38,0.3819,124.3,Danger,0.8012333333333334,0.605171994835628,1.495,1.04065,3.2904076363868464,132.45609078186513,0.8270984834042402,69.02999999999997,179.38
2026-04-01 09:46:50,0.3595,118.54,1.0917,213.47,0.3746,82.95,Danger,0.6085999999999999,0.418444990410926,1.0917,0.7246499999999999,2.9742460856938138,132.0287100742285,0.5920867637605485,112.72500000000002,146.53
2026-04-01 09:46:55,0.4374,257.04,1.439,187.71,0.4397,231.47,Danger,0.7720333333333333,0.5776112216130617,1.439,1.00045,3.281260332321669,225.8113899808003,0.8790508643611187,56.54499999999999,172.29
2026-04-01 09:47:00,0.358,57.99,1.2364,205.53,0.4191,113.2,Danger,0.6711666666666666,0.4904588090077834,1.2364,0.84785,3.18207905783282,119.83352392014646,0.5134088540351099,119.935,154.47
2026-04-01 09:47:05,0.3,274.27,0.7599,172.57,0.3,252.87,Danger,0.45330000000000004,0.2655233888003089,0.7599,0.45990000000000003,2.5329915566948116,236.39727321095677,0.7298033068453778,91.0,172.57
2026-04-01 09:47:10,0.0937,255.84,0.0395,268.03,0.0788,286.53,Safe,0.07066666666666667,0.028000416663566514,0.0937,-0.04674999999999999,0.4579657047454523,270.1078438479617,0.9759004711079381,3.1550000000000296,91.97000000000003
2026-04-01 09:47:15,0.3,243.34,0.8385,186.92,0.3,305.81,Danger,0.47950000000000004,0.3109031199586135,0.8385,0.5385,2.7949906833643894,244.8650503686759,0.672009289017785,87.655,173.08
2026-04-01 09:47:20,0.1956,290.35,0.1651,264.99,0.1854,269.61,Safe,0.18203333333333335,0.015526214391580884,0.1956,-0.025400000000000006,0.8666621172592269,274.9408510663364,0.9815613842619123,14.990000000000009,95.00999999999999
2026-04-01 09:47:25,0.2667,306.41,0.2163,258.51,0.1579,276.7,Safe,0.21363333333333334,0.054448997542042334,0.2667,0.0040000000000000036,1.0188364633233005,280.42373069161306,0.9415115737884411,33.045000000000016,101.49000000000001
2026-04-01 09:47:30,1.2463,261.88,1.2683,246.03,1.4251,310.04,Danger,1.3132333333333333,0.09750186323006008,1.4251,-0.06740000000000013,0.9495388563757906,272.0557848467682,0.890349124656906,39.92999999999998,113.97
2026-04-01 09:47:35,0.1753,81.04,0.2028,107.4,0.2305,112.3,Safe,0.20286666666666667,0.02760006038640737,0.2305,-0.00010000000000001674,0.9995022202946263,100.33258941991265,0.9715038247397186,10.730000000000018,107.4
2026-04-01 09:47:40,0.0978,74.51,0.1817,110.5,0.1838,113.37,Safe,0.1544333333333333,0.0490571435504895,0.1838,0.04090000000000002,1.290473789248656,99.66170804411087,0.9529540784515843,16.560000000000002,110.5
2026-04-01 09:47:45,0.0725,286.19,0.1003,296.42,0.0931,278.54,Safe,0.08863333333333334,0.014428213102575572,0.1003,0.0175,1.2113380273185106,287.046497002128,0.9918449848278625,14.055000000000007,63.579999999999984
2026-04-01 09:47:50,0.2398,110.84,0.2489,88.05,0.2401,79.92,Safe,0.24293333333333333,0.005169461609619838,0.2489,0.008950000000000014,1.037295114419194,92.87769819101675,0.9740826010845585,7.3300000000000125,88.05
2026-04-01 09:47:55,0.3364,297.66,1.0245,175.48,0.3496,240.55,Danger,0.5701666666666667,0.3935195590225895,1.0245,0.6815,2.9868717583913753,238.59353272661218,0.6552281564732287,93.62500000000003,175.48
2026-04-01 09:48:00,0.3,279.12,0.8881,180.4,0.3,261.49,Danger,0.4960333333333333,0.3395396933104189,0.8881,0.5881000000000001,2.9603234655884485,243.48604676073526,0.7388142409169761,89.905,179.6
2026-04-01 09:48:05,0.3626,297.25,0.8685,206.94,0.3,285.43,Danger,0.5103666666666667,0.3117279315899256,0.8685,0.5372000000000001,2.6214831829665477,265.84442724351663,0.7707030574972594,84.39999999999998,153.06
2026-04-01 09:48:10,0.1497,265.91,0.1079,261.61,0.154,274.98,Safe,0.1372,0.02546546681292138,0.154,-0.04394999999999999,0.7105649617058828,267.4964308844382,0.9952753615698989,8.835000000000036,98.38999999999999
2026-04-01 09:48:15,0.1282,101.12,0.1303,89.46,0.1777,101.49,Safe,0.1454,0.02799232037541725,0.1777,-0.022650000000000003,0.8519068198311878,97.36292517323677,0.9952533901339204,11.845000000000027,89.46
2026-04-01 09:48:20,0.0517,273.91,0.1064,257.79,0.01,277.25,Safe,0.05603333333333333,0.04834587193683999,0.1064,0.07554999999999999,3.44883472172701,269.6696564696135,0.9890352182374825,17.789999999999964,102.20999999999998
2026-04-01 09:48:25,0.1012,248.2,0.2086,283.76,0.1988,302.81,Safe,0.16953333333333334,0.0593809172490063,0.2086,0.05860000000000001,1.3906573956173627,278.4756221145053,0.9235053945633501,8.254999999999995,76.24000000000001
2026-04-01 09:48:30,0.105,82.46,0.1142,71.67,0.1477,73.26,Safe,0.1223,0.022472872535570527,0.1477,-0.012149999999999994,0.903831390333278,75.79311623365805,0.9965575389654642,6.189999999999998,71.67
2026-04-01 09:48:35,0.4135,87.24,1.487,175.55,0.5085,136.91,Danger,0.8029999999999999,0.5942627785752698,1.487,1.0260000000000002,3.2255895323437485,133.6595968412199,0.8107288274470631,63.47500000000002,175.55
2026-04-01 09:48:40,0.1988,248.17,0.2082,278.07,0.1899,278.55,Safe,0.19896666666666665,0.009151138362702926,0.2082,0.013849999999999973,1.0712576729731258,268.36866752995047,0.969484618292583,14.70999999999998,81.93
2026-04-01 09:48:45,0.2694,77.96,0.2723,85.05,0.2825,96.66,Safe,0.27473333333333333,0.006880649194177342,0.2825,-0.0036499999999999866,0.9867693902178287,86.54997750324807,0.9909707825053382,2.259999999999991,85.05
2026-04-01 09:48:50,0.1618,322.5,0.236,254.3,0.2406,282.97,Safe,0.2128,0.044227140988311694,0.2406,0.0348,1.1729563968369938,286.35613689475196,0.8844404070491001,48.435,105.69999999999999
2026-04-01 09:48:55,0.1754,118.94,0.1626,113.61,0.1755,77.45,Safe,0.17116666666666666,0.007419119444606168,0.1755,-0.01285,0.926754478458373,103.55257714209682,0.9489315618646775,15.41500000000002,113.61
2026-04-01 09:49:00,0.3,89.37,0.9901,156.9,0.308,88.27,Danger,0.5327000000000001,0.39614021507541997,0.9901,0.6860999999999999,3.2568971812592724,110.17083211788413,0.8493663761910435,68.08000000000001,156.9
2026-04-01 09:49:05,0.3,115.42,1.0309,187.7,0.4304,86.94,Danger,0.5871,0.3898331309675974,1.0309,0.6657,2.822829072209551,127.71138754121002,0.7448569884844815,86.51999999999998,172.3
2026-04-01 09:49:10,0.294,260.6,0.2827,272.61,0.2599,260.44,Safe,0.27886666666666665,0.017370185184198028,0.294,0.005749999999999977,1.0207581846608245,264.5433320600876,0.9950582125912244,12.090000000000032,87.38999999999999
2026-04-01 09:49:15,0.3,287.47,0.9521,184.8,0.3,286.93,Danger,0.5173666666666666,0.3764901105385549,0.9521,0.6520999999999999,3.1736560878130406,258.51776753435536,0.678313218589505,102.40000000000003,175.2
2026-04-01 09:49:20,0.0241,77.5,0.0903,99.66,0.0502,87.12,Safe,0.05486666666666667,0.033345814330037485,0.0903,0.05315,2.430620979246857,88.08722100780149,0.9875015129526127,17.350000000000023,99.66
2026-04-01 09:49:25,0.2313,261.51,0.2337,310.82,0.2689,279.59,Safe,0.24463333333333334,0.0210497822633236,0.2689,-0.016399999999999998,0.9344224933127018,283.83247337021817,0.9378086868816631,40.27000000000004,49.18000000000001
2026-04-01 09:49:30,0.3521,233.63,1.2358,175.93,0.4282,256.67,Danger,0.6720333333333334,0.4897166970130111,1.2358,0.84565,3.167491560959731,223.15351957673354,0.8320655721053367,69.21999999999997,175.93
2026-04-01 09:49:35,0.1497,94.62,0.0918,93.84,0.0876,72.44,Safe,0.1097,0.034704610644696765,0.1497,-0.02685,0.773697651094386,87.0059360893568,0.9839789487800329,10.310000000000002,93.84
2026-04-01 09:49:40,0.3,62.04,0.5177,189.5,0.3,119.27,Danger,0.3725666666666667,0.12568915360258157,0.5177,0.21770000000000006,1.7256609144636188,122.32188455827695,0.6273942284706971,98.84500000000003,170.5
2026-04-01 09:49:45,0.2185,306.82,0.2163,290.75,0.2275,259.8,Safe,0.22076666666666667,0.005934082349726318,0.2275,-0.0067000000000000115,0.9699508073954825,285.93387522400053,0.9428424732038886,7.439999999999998,69.25
2026-04-01 09:49:50,0.4936,230.9,1.4124,162.69,0.3594,245.0,Danger,0.7551333333333333,0.5731509516116443,1.4124,0.9859000000000001,3.3115983315396686,214.59196121904458,0.8130725016208511,75.25999999999999,162.69
2026-04-01 09:49:55,0.3,78.94,0.9032,209.75,0.3,73.99,Danger,0.5010666666666667,0.34825768237518223,0.9032,0.6032,3.0106566311445633,105.47895772448382,0.5002874600267287,133.28500000000003,150.25
2026-04-01 09:50:00,0.2145,86.78,0.1709,113.38,0.217,107.47,Safe,0.20079999999999998,0.025924312912785175,0.217,-0.04485,0.7921168383924061,102.58670386076501,0.9802884844897791,16.254999999999995,113.38
2026-04-01 09:50:05,0.0854,281.83,0.0455,274.65,0.0477,254.4,Safe,0.059533333333333334,0.022428181676928994,0.0854,-0.02105,0.683686195549278,270.3345231774623,0.9795604490165196,6.534999999999968,85.35000000000002
2026-04-01 09:50:10,0.9888,116.03,0.9427,61.0,0.9572,66.23,Danger,0.9629,0.023572653647818277,0.9888,-0.030300000000000105,0.9688582026123301,80.51746209462343,0.9085326320145761,30.129999999999995,61.0
2026-04-01 09:50:15,1.2175,203.28,1.2552,178.9,1.1812,167.62,Danger,1.2179666666666666,0.037002207141376524,1.2552,0.05585000000000018,1.0465660177879539,183.19544630236575,0.9665518920894722,6.549999999999983,178.9
2026-04-01 09:50:20,0.3,284.06,0.4514,171.8,0.3,271.74,Danger,0.3504666666666667,0.08741083075530937,0.4514,0.15140000000000003,1.50466165112783,248.58641571233562,0.6541396741824727,106.09999999999997,171.8
2026-04-01 09:50:25,1.0961,183.98,1.1931,284.08,1.1493,301.35,Danger,1.1461666666666668,0.04857585133925428,1.1931,0.07040000000000002,1.0627050301015142,262.95318018477036,0.6359271071040601,41.41499999999999,75.92000000000002
2026-04-01 09:50:30,0.1232,271.5,0.2061,301.78,0.0562,267.18,Safe,0.12850000000000003,0.07509041217092899,0.2061,0.1164,2.2976332482358055,280.0266488075177,0.9642345127568229,32.43999999999994,58.22000000000003
2026-04-01 09:50:35,0.3,99.78,0.6918,191.54,0.3,98.64,Danger,0.43060000000000004,0.22620583546849538,0.6918,0.3918,2.3059923133589555,126.23060109297705,0.7331054436495382,92.32999999999998,168.46
2026-04-01 09:50:40,0.1261,301.74,0.1489,298.98,0.1023,263.7,Safe,0.12576666666666667,0.023301788200336328,0.1489,0.03470000000000001,1.3038414724914844,288.32939843843803,0.9548426277596216,16.260000000000048,61.01999999999998
2026-04-01 09:50:45,0.1726,264.59,0.2008,266.36,0.1977,302.54,Safe,0.19036666666666666,0.015464259870208249,0.2008,0.015650000000000025,1.0845202024293685,277.6326068109875,0.9539668073323655,17.204999999999984,93.63999999999999
2026-04-01 09:50:50,0.2661,130.07,0.2222,93.68,0.2487,93.34,Safe,0.24566666666666667,0.02210663550460208,0.2661,-0.03520000000000001,0.8632445095395901,105.50648871558978,0.9552710340180093,18.024999999999977,93.68
2026-04-01 09:50:55,0.5254,286.15,0.6893,291.41,0.7065,266.04,Danger,0.6404000000000001,0.09996354335456505,0.7065,0.07335000000000003,1.1190825244215854,281.23943651600393,0.9818783539906306,15.315000000000055,68.58999999999997
2026-04-01 09:51:00,0.1497,287.14,0.2374,261.82,0.1838,273.21,Safe,0.1903,0.04420984053352828,0.2374,0.07064999999999999,1.4236796181132345,274.04969968680246,0.9837377181347369,18.355000000000018,98.18
2026-04-01 09:51:05,0.9968,85.88,1.0115,297.84,0.9459,50.36,Danger,0.9847333333333333,0.034424458359331334,1.0115,0.04015000000000013,1.041333153515053,36.88921400795503,0.4904621445245685,130.28000000000003,62.160000000000025
2026-04-01 09:51:10,0.3,268.9,0.9516,171.11,0.3,269.53,Danger,0.5172,0.37620143540396017,0.9516,0.6516,3.1719894267019115,241.1772168350158,0.7020554831174948,98.10499999999996,171.11
2026-04-01 09:51:15,0.4292,273.66,1.3164,184.96,0.3729,267.02,Danger,0.7061666666666667,0.5292267598424454,1.3164,0.91535,3.282375558220775,244.70573044924538,0.7679866368014528,85.37999999999997,175.04
2026-04-01 09:51:20,0.5377,108.45,0.6499,174.71,0.7919,184.61,Danger,0.6598333333333334,0.1273907898293018,0.7919,-0.014900000000000024,0.9775857737879455,157.41507303361777,0.8335876461164861,28.17999999999998,174.71
2026-04-01 09:51:25,0.3,231.38,0.4453,168.76,0.3,236.9,Danger,0.3484333333333333,0.08388899411325262,0.4453,0.14529999999999998,1.4843283855720482,213.50625330812883,0.8599215044019463,65.38,168.76
2026-04-01 09:51:30,0.504,64.58,1.4368,152.24,0.3858,72.28,Danger,0.7755333333333333,0.5757152189523336,1.4368,0.9919000000000001,3.229482514087404,93.72863300305308,0.775478090886016,83.81,152.24
2026-04-01 09:51:35,0.2184,244.73,0.2236,295.49,0.2036,286.32,Safe,0.21519999999999997,0.010376897416858275,0.2236,0.012599999999999972,1.059710617485225,275.8705521735443,0.9270867107179517,29.965000000000032,64.50999999999999
2026-04-01 09:51:40,0.4685,270.09,1.7706,198.62,0.5716,227.43,Danger,0.9369000000000001,0.7238433324967496,1.7706,1.25055,3.4046660808266878,231.71629633838714,0.8729785029289262,50.139999999999986,161.38
2026-04-01 09:51:45,0.1568,232.84,0.1215,287.47,0.1504,260.05,Safe,0.1429,0.01880717948018788,0.1568,-0.03210000000000002,0.7910104751922187,260.11718933861744,0.9256643938476724,41.025000000000034,72.52999999999997
2026-04-01 09:51:50,1.1229,111.86,1.1476,84.65,0.9611,138.45,Danger,1.0772000000000002,0.10130118459327118,1.1476,0.10559999999999992,1.1013425131069932,111.66136667532189,0.9278618935368846,40.504999999999995,84.65
2026-04-01 09:51:55,0.2537,81.35,0.2313,78.52,0.229,76.39,Safe,0.238,0.01364514565697265,0.2537,-0.010050000000000003,0.9583552585238926,78.753260601211,0.9993714462877419,0.3499999999999943,78.52
2026-04-01 09:52:00,0.3,62.21,0.7472,173.87,0.3254,107.23,Danger,0.4575333333333333,0.25117996204580756,0.7472,0.4345,2.3895030716243317,112.9498006441399,0.7046305543048402,89.14999999999998,173.87
2026-04-01 09:52:05,0.1231,93.07,0.1431,72.42,0.1901,62.29,Safe,0.15209999999999999,0.034394767043839675,0.1901,-0.013499999999999984,0.9137872682805347,75.88425290851536,0.9751697224459246,5.259999999999991,72.42
2026-04-01 09:52:10,0.1977,109.4,0.2754,83.82,0.2571,81.28,Safe,0.24339999999999998,0.04062129983149234,0.2754,0.04799999999999999,1.2110764684412116,91.42733351594401,0.9755868002842393,11.520000000000039,83.82
2026-04-01 09:52:15,0.5809,56.4,0.5877,29.53,0.699,65.46,Danger,0.6225333333333333,0.06630930050402682,0.699,-0.05225000000000002,0.9183515612914113,50.5605324918296,0.964859550914279,31.400000000000006,29.53
2026-04-01 09:52:20,0.3193,283.53,0.8245,163.01,0.3146,271.5,Danger,0.4861333333333333,0.2930435519395254,0.8245,0.5075500000000001,2.601348473423337,247.48632293474327,0.6060913699231498,114.505,163.01
2026-04-01 09:52:25,0.3,282.88,0.6206,171.54,0.3,272.14,Danger,0.4068666666666667,0.18509849630219405,0.6206,0.32060000000000005,2.068659771134097,248.2510970828595,0.6556811558567366,105.97,171.54
2026-04-01 09:52:30,0.2978,80.16,0.3015,123.03,0.3019,127.48,Safe,0.3004,0.002260530911091456,0.3019,0.0016499999999999848,1.0054993980343572,110.57907648476848,0.9318783588409454,19.20999999999998,123.03
2026-04-01 09:52:35,0.0942,259.83,0.1145,250.91,0.0823,280.36,Safe,0.09699999999999999,0.01628158468945821,0.1145,0.02625000000000001,1.2974357231079536,263.65739506122407,0.976977149655692,19.184999999999974,109.09
2026-04-01 09:52:40,1.1446,104.58,1.0471,167.64,0.981,146.28,Danger,1.0575666666666665,0.08230068853498942,1.1446,-0.015700000000000047,0.9852267734034876,139.86682382635664,0.8982706464728446,42.20999999999998,167.64
2026-04-01 09:52:45,0.4241,101.9,1.1988,172.88,0.3279,57.69,Danger,0.6502666666666667,0.4774727461681278,1.1988,0.8228000000000001,3.1882893928473597,108.82549659749098,0.6859001771168111,93.08499999999998,172.88
2026-04-01 09:52:50,0.1891,258.86,0.1909,233.58,0.1498,255.88,Safe,0.1766,0.02322692403225188,0.1909,0.021449999999999997,1.1265793651262017,249.48956742251886,0.9807127942481388,23.789999999999992,126.41999999999999
2026-04-01 09:52:55,0.3354,284.22,1.1249,144.12,0.321,276.94,Danger,0.5937666666666667,0.46003130690566413,1.1249,0.7967,3.4274727986812965,252.1243987982328,0.4819119793669844,136.46000000000004,144.12
2026-04-01 09:53:00,0.1482,99.51,0.1596,92.42,0.0928,99.93,Safe,0.1335333333333333,0.03573364427725408,0.1596,0.039099999999999996,1.3244703363457564,97.28812072187584,0.9981926660294808,7.300000000000011,92.42
2026-04-01 09:53:05,0.3,259.87,1.0308,181.03,0.3,252.33,Danger,0.5436,0.42192757672377845,1.0308,0.7307999999999999,3.4359885467048445,232.88988172124007,0.8172468624644692,75.07000000000002,178.97
2026-04-01 09:53:10,0.1096,274.71,0.1193,244.12,0.1038,288.02,Safe,0.1109,0.007831347265956223,0.1193,0.0126,1.1180776187664596,269.0940115049972,0.9492126183506774,37.24499999999995,115.88
2026-04-01 09:53:15,0.1511,301.37,0.137,258.73,0.1399,268.34,Safe,0.1426666666666667,0.007446028023942254,0.1511,-0.008500000000000008,0.9415742847128198,275.9656744759343,0.9498510474201376,26.125,101.26999999999998
2026-04-01 09:53:20,0.175,262.85,0.1572,303.62,0.1249,254.98,Safe,0.15236666666666668,0.025397309568797502,0.175,0.0072500000000000064,1.0483424585364554,273.48704851767707,0.9319878877661808,44.704999999999984,56.379999999999995
2026-04-01 09:53:25,0.7328,348.49,1.0329,295.28,0.8362,313.74,Danger,0.8672999999999998,0.15244805672752929,1.0329,0.24839999999999995,1.3166331209265507,318.965579320616,0.927251100819966,35.835000000000036,64.72000000000003
2026-04-01 09:53:30,0.3,58.6,1.2267,186.0,0.3932,72.39,Danger,0.6399666666666667,0.5102583299989656,1.2267,0.8800999999999999,3.5392281037850437,95.73592056630734,0.5702418776100139,120.505,174.0
2026-04-01 09:53:35,0.4484,242.76,1.4321,199.25,0.4673,251.71,Danger,0.7826,0.56256287648582,1.4321,0.97425,3.127873478489727,231.6473151220676,0.9216403063709738,47.985000000000014,160.75
2026-04-01 09:53:40,0.4776,63.81,1.4749,172.86,0.4185,152.67,Danger,0.7903333333333333,0.5935881091576325,1.4749,1.02685,3.2918127623864253,134.18631657330124,0.6883241426470812,64.62,172.86
2026-04-01 09:53:45,0.1821,249.61,0.1909,276.13,0.1524,258.99,Safe,0.17513333333333334,0.020173332231769075,0.1909,0.023649999999999977,1.141398257708474,261.5534768787671,0.9817212968049295,21.829999999999984,83.87
2026-04-01 09:53:50,1.0264,183.13,0.8703,255.99,1.0324,263.3,Danger,0.9763666666666667,0.09190540426619827,1.0324,-0.1590999999999999,0.8454431266338387,236.07627758453896,0.8106657356943403,32.775000000000034,104.00999999999999
2026-04-01 09:53:55,0.18,272.67,0.1802,279.68,0.1715,281.03,Safe,0.17723333333333333,0.0049662192192183015,0.1802,0.004449999999999982,1.0253142229631693,277.79492413434383,0.9979558411069126,2.829999999999984,80.32
2026-04-01 09:54:00,0.9007,105.27,0.8745,127.28,0.8448,95.92,Danger,0.8733333333333334,0.027968255815000904,0.9007,0.0017500000000001403,1.0020040080160322,109.43723826362216,0.9738522699467107,26.685000000000002,127.28
2026-04-01 09:54:05,0.4598,295.65,1.5263,160.6,0.4934,297.07,Danger,0.8264999999999999,0.6062773870102695,1.5263,1.0497,3.202469151344626,267.8316059582963,0.4869304014874621,135.75999999999996,160.6
2026-04-01 09:54:10,0.2061,74.76,0.2573,113.93,0.2003,86.83,Safe,0.2212333333333333,0.03136898680756731,0.2573,0.05409999999999998,1.2662339260141435,91.74100504257716,0.9595578814787047,33.13499999999999,113.93
2026-04-01 09:54:15,0.4612,56.97,1.2724,177.64,0.5394,63.59,Danger,0.7576666666666667,0.4474836458836606,1.2724,0.7721,2.543268952090841,90.29958794534805,0.5917406051810074,117.36000000000001,177.64
2026-04-01 09:54:20,0.5825,324.61,0.6946,204.54,0.7292,240.24,Danger,0.6687666666666666,0.07668600480748315,0.7292,0.03874999999999995,1.0590820171044946,252.4009599361144,0.65134558789037,77.88500000000002,155.46
2026-04-01 09:54:25,0.1562,106.97,0.1594,115.43,0.1632,92.31,Safe,0.1596,0.0035042830935870504,0.1632,-0.00030000000000002247,0.9981152278320109,104.91738900843563,0.9861539181281945,15.789999999999992,115.43
2026-04-01 09:54:30,0.1036,89.18,0.1105,64.23,0.0999,95.85,Safe,0.10466666666666667,0.005379900866496828,0.1105,0.008749999999999994,1.0859844129296026,83.16272738453299,0.9719912922130057,28.284999999999997,64.23
2026-04-01 09:54:35,0.0902,249.47,0.1051,262.63,0.0901,286.14,Safe,0.09513333333333333,0.008631531343471638,0.1051,0.014949999999999991,1.1658217878892079,266.0200666367862,0.965265306106935,5.175000000000011,97.37
2026-04-01 09:54:40,0.5217,307.2,0.338,51.71,0.6841,20.13,Danger,0.5146000000000001,0.17315920420237557,0.6841,-0.26489999999999997,0.56062272247019,8.73873186638392,0.7295204889136626,68.04500000000002,51.71000000000001
2026-04-01 09:54:45,0.275,92.82,0.2125,79.29,0.282,107.13,Safe,0.2565,0.038265519727294965,0.282,-0.06599999999999998,0.7630134182642074,93.0774042134524,0.9804166147295873,20.685000000000002,79.29
2026-04-01 09:54:50,0.1848,79.86,0.1941,81.01,0.1682,82.5,Safe,0.18236666666666668,0.013120340442737506,0.1941,0.017600000000000005,1.099710483226724,81.12332332490581,0.9998221079541783,0.17000000000001592,81.01
2026-04-01 09:54:55,0.3094,99.5,0.8585,188.14,0.3,115.18,Danger,0.4893,0.3197711212727003,0.8585,0.5538000000000001,2.8175161880006963,132.09078537394402,0.7859261562976935,80.79999999999995,171.86
2026-04-01 09:55:00,0.428,76.91,1.3199,178.37,0.4292,114.79,Danger,0.7257000000000001,0.5145926447200737,1.3199,0.8913000000000001,3.0795541774284247,121.97222511105952,0.7506386181604414,82.51999999999998,178.37
2026-04-01 09:55:05,0.364,247.14,1.2217,168.99,0.384,267.23,Danger,0.6565666666666666,0.48952197431099387,1.2217,0.8477,3.26656880596576,230.64094257153224,0.7455325496253065,88.195,168.99
2026-04-01 09:55:10,0.1157,273.32,0.1419,250.98,0.0884,276.37,Safe,0.11533333333333333,0.026751884668810403,0.1419,0.03985,1.3904812299732485,266.9399676947578,0.980582390186334,23.86499999999998,109.02000000000001
2026-04-01 09:55:15,0.1365,302.03,0.0274,267.36,0.122,254.24,Safe,0.09530000000000001,0.05924837550515626,0.1365,-0.10185,0.21199062289653464,274.3299314292242,0.9390525565669006,10.774999999999977,92.63999999999999
2026-04-01 09:55:20,0.3998,110.72,1.2401,207.98,0.4012,94.18,Danger,0.6803666666666667,0.4847437914335091,1.2401,0.8396,3.096371794327605,131.82795156160242,0.6546761404642423,105.52999999999997,152.02
2026-04-01 09:55:25,0.3,297.74,0.6371,180.21,0.3,256.01,Danger,0.4123666666666667,0.19462477574382286,0.6371,0.3371,2.123659587801374,247.336230143358,0.6715461702219355,96.66499999999999,179.79
2026-04-01 09:55:30,0.1797,301.31,0.1427,262.14,0.1782,255.58,Safe,0.1668666666666667,0.02094238127179747,0.1797,-0.036250000000000004,0.7974249934339568,272.7245333826901,0.9388845072609058,16.305000000000007,97.86000000000001
2026-04-01 09:55:35,0.3,248.46,1.1531,158.22,0.3141,250.39,Danger,0.5890666666666667,0.48851806858429847,1.1531,0.84605,3.7554021970291585,222.6187185897459,0.7389751687249171,91.20500000000001,158.22
2026-04-01 09:55:40,0.6195,97.8,0.5526,185.85,0.5196,223.67,Danger,0.5639,0.050899607071174975,0.6195,-0.01695000000000002,0.9702379593750163,173.89383833730113,0.6214714135297355,25.11499999999998,174.15
2026-04-01 09:55:45,0.0206,64.6,0.0967,119.94,0.0755,88.45,Safe,0.06426666666666665,0.03927395235182389,0.0967,0.04865,2.0124451104035295,90.8917542281888,0.9232844661314715,43.41500000000002,119.94
2026-04-01 09:55:50,0.5392,117.61,0.441,157.92,0.6912,93.1,Danger,0.5571333333333334,0.12606035591467024,0.6912,-0.17419999999999997,0.7168388868028498,122.57302437694108,0.8941672392377978,52.56499999999997,157.92
2026-04-01 09:55:55,0.1705,104.78,0.0975,66.05,0.0944,114.11,Safe,0.1208,0.04306936266071278,0.1705,-0.03495000000000001,0.7361212825875229,95.26963051370463,0.9351441849402246,43.39499999999998,66.05
2026-04-01 09:56:00,0.3244,285.52,0.6809,177.75,0.3,261.09,Danger,0.43510000000000004,0.2132183622486581,0.6809,0.3686999999999999,2.180966748985429,245.12666082136593,0.7025742903413993,95.555,177.75
2026-04-01 09:56:05,0.0409,77.23,0.0511,83.79,0.0434,59.04,Safe,0.04513333333333333,0.0053163270528940685,0.0511,0.00895,1.2123081302934686,73.38310697109634,0.983375421516326,15.655000000000001,83.79
2026-04-01 09:56:10,0.1958,82.67,0.1976,60.66,0.2126,79.97,Safe,0.20199999999999999,0.009223882046080172,0.2126,-0.006599999999999995,0.967674007473029,74.46557601068844,0.985421690421309,20.659999999999997,60.66
2026-04-01 09:56:15,0.2461,92.44,0.1805,102.8,0.2388,97.13,Safe,0.2218,0.035952607694018535,0.2461,-0.061950000000000005,0.7444803279837988,97.4562211882205,0.9972692010479536,8.014999999999986,102.8
2026-04-01 09:56:20,0.3536,291.11,1.2807,149.4,0.3085,268.07,Danger,0.6476000000000001,0.5487442118145758,1.2807,0.9496499999999999,3.8685882235667615,249.42524715632743,0.50675068556878,130.19000000000003,149.4
2026-04-01 09:56:25,0.3,76.48,0.9972,161.05,0.3,104.67,Danger,0.5324,0.40252860767900706,0.9972,0.6972,3.3239889200369337,113.08730413678435,0.8205279803764817,70.47500000000002,161.05
2026-04-01 09:56:30,0.5408,61.12,0.667,57.85,0.6079,74.53,Danger,0.6052333333333334,0.06314224681885607,0.667,0.09265000000000012,1.1613107664128732,64.48848581328961,0.9920831036207098,9.974999999999994,57.849999999999994
2026-04-01 09:56:35,0.9015,91.25,0.8806,243.68,0.7644,155.14,Danger,0.8488333333333333,0.07386435766547582,0.9015,0.04765000000000008,1.0572050456749558,159.1104937951485,0.4897003412684764,120.48500000000001,116.32
2026-04-01 09:56:40,0.5739,276.48,0.6092,247.48,0.7841,284.3,Danger,0.6557333333333334,0.11256119816941067,0.7841,-0.06980000000000008,0.8972004459492694,269.54046206487135,0.9621552585579358,32.91,112.52000000000001
2026-04-01 09:56:45,0.4111,269.78,1.402,200.78,0.3893,264.31,Danger,0.7341333333333333,0.5784921981611622,1.402,1.0017999999999998,3.5032396220899,246.16878253378346,0.8562895877776019,66.26499999999996,159.22
2026-04-01 09:56:50,1.0411,350.2,0.8108,46.1,1.04,27.58,Danger,0.9639666666666665,0.13264736459249138,1.0411,-0.22975000000000012,0.7792025571067636,21.5556460243071,0.9193570722186961,37.21000000000001,46.099999999999994
2026-04-01 09:56:55,0.1786,240.28,0.2559,248.85,0.2556,282.47,Safe,0.2300333333333333,0.04454282583462048,0.2559,0.0388,1.1787140547487114,257.01162752748564,0.9501443614606765,12.525000000000006,111.15
2026-04-01 09:57:00,0.1738,302.85,0.2336,319.34,0.1642,250.15,Safe,0.19053333333333333,0.03760443236286559,0.2336,0.06459999999999999,1.3822403417731255,291.5689830895163,0.8717960777635354,42.839999999999975,40.660000000000025
2026-04-01 09:57:05,0.1119,128.69,0.0816,100.3,0.0756,55.12,Safe,0.0897,0.01945841720181783,0.1119,-0.012149999999999994,0.8703907158323645,95.1299944757492,0.8650571129809098,8.394999999999982,100.3
2026-04-01 09:57:10,0.129,82.98,0.1252,116.48,0.1383,84.16,Safe,0.13083333333333333,0.006739683474268903,0.1383,-0.008449999999999985,0.9367681498829041,94.4025669322525,0.9636445878350984,32.910000000000025,116.48
2026-04-01 09:57:15,0.144,89.64,0.1611,65.61,0.2014,64.83,Safe,0.1688333333333333,0.029471059250276932,0.2014,-0.0116,0.932826098285476,73.30452064415034,0.9799029383835608,11.625,65.61
2026-04-01 09:57:20,0.3257,106.69,1.1539,174.35,0.3527,70.38,Danger,0.6107666666666667,0.47056095602305686,1.1539,0.8147,3.4018178012446896,115.34637669299678,0.7370380832336593,85.815,174.35
2026-04-01 09:57:25,0.2736,278.61,0.2282,252.51,0.1723,241.91,Safe,0.2247,0.05074061489576175,0.2736,0.005249999999999977,1.0235432897811625,257.5876785943583,0.9641044859412194,7.75,107.49000000000001
2026-04-01 09:57:30,0.343,253.54,1.092,185.0,0.3368,276.53,Danger,0.5906,0.4342362030047703,1.092,0.7521000000000001,3.2127001685784986,240.2491406838717,0.7831168855988972,80.03499999999997,175.0
2026-04-01 09:57:35,0.2166,98.4,0.2217,68.44,0.1938,77.27,Safe,0.2107,0.014856311789943021,0.2217,0.016500000000000015,1.0804040915979942,81.32332320115982,0.9760791537130917,19.39500000000001,68.44
2026-04-01 09:57:40,0.06,230.63,0.1022,249.79,0.0878,305.22,Safe,0.08333333333333333,0.021451651063107785,0.1022,0.028300000000000006,1.3829312187927092,260.94243649735955,0.853456083122309,18.13500000000002,110.21000000000001
2026-04-01 09:57:45,0.2437,254.49,0.1964,256.87,0.2698,272.62,Safe,0.23663333333333333,0.0372067646179204,0.2698,-0.06034999999999999,0.7649434666271993,261.30906714091816,0.9901678370172359,6.684999999999945,103.13
2026-04-01 09:57:50,0.4479,297.35,1.2662,177.08,0.3872,247.81,Danger,0.7004333333333334,0.49090738773554154,1.2662,0.84865,3.032443940979665,242.52337014493673,0.6624637045287308,95.49999999999997,177.08
2026-04-01 09:57:55,0.915,237.75,0.8576,218.43,1.0446,165.83,Danger,0.9390666666666667,0.09579485024432852,1.0446,-0.12219999999999998,0.8752797761994527,208.13077450416986,0.8642795304824652,16.640000000000015,141.57
2026-04-01 09:58:00,0.2088,302.88,0.2217,315.48,0.1703,276.7,Safe,0.20026666666666668,0.02674141606821399,0.2217,0.03215000000000001,1.1696060690790342,298.44117335306703,0.9606578573504406,25.690000000000055,44.51999999999998
2026-04-01 09:58:05,0.1012,263.14,0.0921,245.68,0.1275,273.08,Safe,0.10693333333333332,0.018383235116086978,0.1275,-0.022250000000000006,0.8054149067345279,260.6573711649202,0.9805589214148298,22.42999999999995,114.32
2026-04-01 09:58:10,0.3,278.28,0.674,146.13,0.3,268.05,Danger,0.4246666666666667,0.21592900067692009,0.674,0.37400000000000005,2.246659177802741,243.2917779169116,0.5342272180960439,127.03499999999997,146.13
2026-04-01 09:58:15,0.5073,152.12,0.7053,85.71,0.7458,88.66,Danger,0.6528,0.12762346962843474,0.7458,0.0787500000000001,1.1256864963905573,107.68316103791398,0.8622562655421566,34.68000000000001,85.71
2026-04-01 09:58:20,0.0764,303.22,0.1067,279.33,0.0521,280.13,Safe,0.0784,0.027354889873658784,0.1067,0.04245,1.6606745420304743,287.51069289870145,0.9813955069662471,12.34499999999997,80.67000000000002
2026-04-01 09:58:25,0.3,252.88,0.894,190.73,0.3,258.31,Danger,0.498,0.34294605989863775,0.894,0.5940000000000001,2.979990066699778,235.1039016125804,0.862047180829735,64.86500000000001,169.27
2026-04-01 09:58:30,0.3,251.25,0.8177,178.83,0.3983,281.5,Danger,0.5053333333333333,0.2749462189835193,0.8177,0.46855,2.3419666562604724,239.52485144554703,0.7373431683614345,87.54499999999999,178.83
2026-04-01 09:58:35,0.8151,26.91,0.8794,295.98,0.918,323.93,Danger,0.8708333333333335,0.051982144370286726,0.918,0.012849999999999917,1.014827748164851,334.16646219353737,0.7918231551356675,59.44,64.01999999999998
2026-04-01 09:58:40,0.1918,73.24,0.1518,61.92,0.2108,109.7,Safe,0.1848,0.03011644069275119,0.2108,-0.04949999999999999,0.7540946145324663,81.37296245517167,0.9377037281466857,29.55000000000001,61.92
2026-04-01 09:58:45,0.2529,277.19,0.2457,280.78,0.2402,284.72,Safe,0.24626666666666666,0.006368935023481825,0.2529,-0.0008499999999999897,0.9965483814707707,280.8965826345408,0.9985601418973383,0.1750000000000682,79.22000000000003
2026-04-01 09:58:50,1.1036,263.1,0.9761,218.97,0.9713,244.13,Danger,1.0170000000000001,0.07503619126794744,1.1036,-0.061350000000000016,0.9408637130813889,242.1195241031015,0.9508563176051548,34.64500000000001,141.03
2026-04-01 09:58:55,0.2253,276.7,0.2557,283.71,0.3078,269.92,Safe,0.2629333333333333,0.041722935339371006,0.3078,-0.010850000000000026,0.9592910925113768,276.7764809545902,0.9951781015101513,10.399999999999977,76.29000000000002
2026-04-01 09:59:00,0.4446,100.9,1.4141,173.89,0.4384,105.54,Danger,0.7656999999999999,0.5615394287136033,1.4141,0.9725999999999999,3.2029372526902544,125.27287613627391,0.8377479133612701,70.66999999999996,173.89
2026-04-01 09:59:05,0.1653,93.63,0.1802,111.33,0.1462,83.56,Safe,0.16390000000000002,0.01704318045436356,0.1802,0.02445,1.1569749150888278,96.14827107984945,0.9800319044120329,22.734999999999985,111.33
2026-04-01 09:59:10,0.1527,47.19,0.1318,96.17,0.1635,46.87,Safe,0.14933333333333332,0.01611593414398723,0.1635,-0.026300000000000018,0.8336443159752309,62.93479484038036,0.9199523224138931,49.139999999999986,96.17
2026-04-01 09:59:15,0.1123,237.41,0.0993,321.47,0.1672,271.18,Safe,0.12626666666666667,0.03604030151557188,0.1672,-0.040449999999999986,0.710549477284599,276.11819035778115,0.8264602792963831,67.17500000000001,38.52999999999997
2026-04-01 09:59:20,0.5895,277.21,0.8012,10.39,0.7005,246.64,Danger,0.6970666666666667,0.10589175290518772,0.8012,0.1562,1.242168616792842,292.38979630334046,0.6236033692127187,108.46500000000003,10.389999999999986
2026-04-01 09:59:25,0.3,88.98,0.5724,182.09,0.3,75.79,Danger,0.39080000000000004,0.15727021332725408,0.5724,0.27240000000000003,1.9079936400212003,110.84828682414516,0.6893957006252867,99.70499999999998,177.91
2026-04-01 09:59:30,0.1862,85.13,0.2341,90.13,0.1794,92.62,Safe,0.1999,0.02981258123678659,0.2341,0.051299999999999985,1.28062756768289,89.29392229614349,0.9985231477723858,1.2549999999999955,90.13
2026-04-01 09:59:35,1.1474,237.39,1.0672,320.54,0.9365,349.71,Danger,1.0503666666666667,0.10645291603959625,1.1474,0.025249999999999995,1.024232425517131,306.3050753848028,0.6851875256345923,26.990000000000066,39.45999999999998
2026-04-01 09:59:40,0.2126,253.85,0.2634,246.93,0.2506,301.35,Safe,0.2422,0.026421203606194783,0.2634,0.03180000000000002,1.1373007888566975,266.86563703920297,0.9128885367502905,30.670000000000016,113.07
2026-04-01 09:59:45,0.4591,320.71,1.4296,200.03,0.4824,254.49,Danger,0.7903666666666668,0.5537148754849678,1.4296,0.95885,3.03684962963435,257.41477357739353,0.6623618217077716,87.56999999999996,159.97
2026-04-01 09:59:50,0.1256,103.39,0.0939,100.47,0.1504,94.25,Safe,0.1233,0.02832013418047309,0.1504,-0.044100000000000014,0.6804298519575944,99.37115136613623,0.9977884424580724,1.6499999999999773,100.47
2026-04-01 09:59:55,0.3357,264.58,1.1545,159.43,0.3683,263.59,Danger,0.6195,0.46361022421857784,1.1545,0.8025000000000001,3.2798202277834445,235.106852161752,0.6656447596410525,104.65499999999997,159.43
2026-04-01 10:00:00,0.1777,102.08,0.2477,87.81,0.2439,92.66,Safe,0.2231,0.039363434809477696,0.2477,0.036900000000000016,1.1750418641277793,94.17942534578357,0.9946612459712006,9.560000000000002,87.81
2026-04-01 10:00:05,0.0874,290.63,0.1508,290.68,0.156,256.23,Safe,0.1314,0.03819371676074482,0.156,0.029099999999999987,1.2391023902843854,279.33817100413467,0.9602931583577036,17.25,69.32
2026-04-01 10:00:10,0.3,113.04,0.6581,172.74,0.3,66.67,Danger,0.41936666666666667,0.206749131396805,0.6581,0.35810000000000003,2.193659354468819,116.67944829348525,0.7329869933632817,82.88499999999999,172.74
2026-04-01 10:00:15,0.251,270.08,0.2121,289.58,0.2446,249.87,Safe,0.2359,0.0208583316686642,0.251,-0.03570000000000001,0.855928749278655,269.84821622723774,0.9603659361544732,29.60499999999996,70.42000000000002
2026-04-01 10:00:20,0.3,80.05,0.7402,165.69,0.3,79.32,Danger,0.44673333333333337,0.25414958849727326,0.7402,0.4402,2.4673251089163037,105.41926967164541,0.7658335832587811,86.005,165.69
2026-04-01 10:00:25,0.3,65.89,0.982,210.91,0.3796,79.42,Danger,0.5538666666666666,0.37290434877235384,0.982,0.6422,2.889926751245582,100.88929688260625,0.4691377491121423,138.255,149.09
2026-04-01 10:00:30,0.3,314.8,0.8513,188.42,0.3,265.4,Danger,0.4837666666666667,0.31829320340424067,0.8513,0.5512999999999999,2.8376572078093076,258.8617279699119,0.6294490514542358,101.67999999999998,171.58
2026-04-01 10:00:35,0.46,66.1,1.4643,170.09,0.5267,74.41,Danger,0.8169999999999998,0.5615693990950718,1.4643,0.97095,2.9680693867043955,98.63329922942421,0.6910178695136346,99.83499999999998,170.09
2026-04-01 10:00:40,0.0716,51.43,0.0663,89.26,0.0967,78.31,Safe,0.07819999999999999,0.016239150224072685,0.0967,-0.017850000000000005,0.7878694251999382,73.09735541066533,0.961894278480764,24.389999999999986,89.26
2026-04-01 10:00:45,0.3,73.68,0.9814,187.52,0.3,104.82,Danger,0.5271333333333333,0.39340647342581103,0.9814,0.6814,3.2713224289252376,118.28432293043286,0.6796709851038941,98.26999999999998,172.48
2026-04-01 10:00:50,0.6525,45.8,0.5379,30.62,0.5866,9.28,Danger,0.5923333333333333,0.057514722752816334,0.6525,-0.08165,0.8682093968051056,28.60222546589888,0.9661141570058414,3.079999999999984,30.620000000000005
2026-04-01 10:00:55,0.3,86.15,0.5735,185.45,0.3,108.19,Danger,0.39116666666666666,0.15790529862336267,0.5735,0.2735,1.9116602944656853,123.80357290482128,0.7432429668703511,88.27999999999997,174.55
2026-04-01 10:01:00,1.1157,272.69,1.2104,260.47,1.1823,270.87,Danger,1.1694666666666667,0.04863685159766546,1.2104,0.0613999999999999,1.0534368551463402,268.0151407487382,0.995591289896815,11.309999999999945,99.52999999999997
2026-04-01 10:01:05,0.1817,277.33,0.1259,240.55,0.1282,284.68,Safe,0.14526666666666666,0.03157314259514458,0.1817,-0.029049999999999992,0.8125149240727715,267.76071761752377,0.9440439515692247,40.454999999999984,119.44999999999999
2026-04-01 10:01:10,0.6358,244.26,0.6955,345.46,0.7573,262.68,Danger,0.6962,0.06075302461606333,0.7573,-0.0010499999999999954,0.9984911370452414,280.7315113605038,0.727279704653178,91.99000000000001,14.54000000000002
2026-04-01 10:01:15,0.0413,262.57,0.0611,282.37,0.0706,243.67,Safe,0.057666666666666665,0.014948690020645061,0.0706,0.005150000000000002,1.0920269521545638,262.86413048877284,0.9623347229086031,29.25,77.63
2026-04-01 10:01:20,0.2508,254.77,0.2584,261.68,0.2124,282.07,Safe,0.24053333333333338,0.024658737464301243,0.2584,0.02679999999999999,1.115711935613404,266.1313363800696,0.9796480551872879,6.740000000000009,98.32
2026-04-01 10:01:25,0.1167,258.74,0.0814,262.95,0.077,312.97,Safe,0.0917,0.021762123058194482,0.1167,-0.015449999999999992,0.8404662832598528,277.65633987195463,0.9097441365489328,22.90500000000003,97.05000000000001
2026-04-01 10:01:30,0.1588,129.84,0.1054,69.91,0.1786,89.47,Safe,0.14759999999999998,0.037863438829562224,0.1786,-0.06330000000000002,0.6247740084528247,96.07092494406024,0.9074049257448402,39.745000000000005,69.91
2026-04-01 10:01:35,0.3131,245.15,0.95,195.65,0.3,227.8,Danger,0.5210333333333333,0.3715537691012343,0.95,0.64345,3.0989949470071867,223.0262062176457,0.9369699202956729,40.82499999999999,164.35
2026-04-01 10:01:40,0.2508,78.14,0.1872,85.25,0.2037,127.44,Safe,0.2139,0.033004090655553604,0.2508,-0.04005,0.8237587513366278,96.58351714278238,0.9291968546889229,17.54000000000002,85.25
2026-04-01 10:01:45,0.1168,279.61,0.1091,272.35,0.1358,239.83,Safe,0.12056666666666667,0.013742755667381028,0.1358,-0.017199999999999993,0.8638094710255659,264.0972417956666,0.9549512689607903,12.630000000000052,87.64999999999998
2026-04-01 10:01:50,0.9223,182.58,0.9178,160.56,1.0282,95.2,Danger,0.9561000000000001,0.06248095709894337,1.0282,-0.05745,0.9410910627110354,147.7256388570248,0.8013433422694419,21.669999999999987,160.56
2026-04-01 10:01:55,0.074,65.72,0.0909,89.9,0.1199,97.98,Safe,0.09493333333333333,0.02321429157509084,0.1199,-0.006050000000000014,0.9375870284989323,84.60376945487664,0.9715932628032895,8.050000000000011,89.9
2026-04-01 10:02:00,0.8563,355.92,1.1549,51.82,1.1098,29.32,Danger,1.0403333333333333,0.16096491336105934,1.1549,0.17185000000000006,1.174811886667121,25.839319816452047,0.9212752502600747,39.20000000000002,51.81999999999999
2026-04-01 10:02:05,0.3,291.59,0.5166,183.93,0.3,270.77,Danger,0.37220000000000003,0.12505406830647292,0.5166,0.21659999999999996,1.7219942600191334,252.8608767691687,0.6970506451106288,97.24999999999994,176.07
2026-04-01 10:02:10,0.1468,77.55,0.1761,76.99,0.1116,82.91,Safe,0.14483333333333334,0.03229494284455901,0.1761,0.0469,1.362992546497318,79.14933973471304,0.998915693640288,3.240000000000009,76.99
2026-04-01 10:02:15,0.1693,129.89,0.2501,85.42,0.188,49.86,Safe,0.20246666666666666,0.04229802989896022,0.2501,0.07144999999999999,1.3999361884344335,88.11557460151975,0.8433078807382014,4.454999999999984,85.42
2026-04-01 10:02:20,0.0536,278.28,0.0762,273.98,0.1115,258.0,Safe,0.08043333333333334,0.029181215419055686,0.1115,-0.0063499999999999945,0.9230657411781809,270.10641284811106,0.9884390575654916,5.840000000000032,86.01999999999998
2026-04-01 10:02:25,0.7643,252.91,0.7505,339.98,0.863,337.95,Danger,0.7925999999999999,0.06135739564225329,0.863,-0.06315000000000004,0.9223856420013002,313.21698173477785,0.765498896799846,44.55000000000007,20.019999999999982
2026-04-01 10:02:30,0.1785,251.74,0.2383,306.39,0.2592,253.44,Safe,0.2253333333333333,0.04188344939631087,0.2592,0.019450000000000023,1.088868682345523,269.892924489684,0.904389445814573,53.79999999999998,53.610000000000014
2026-04-01 10:02:35,0.2317,296.39,0.2857,289.75,0.2926,254.49,Safe,0.27,0.03334771356480083,0.2926,0.023550000000000015,1.089829907190894,280.4196334316952,0.9491685999835795,14.310000000000002,70.25
2026-04-01 10:02:40,0.019,102.1,0.0703,81.98,0.0457,106.32,Safe,0.045000000000000005,0.025657162742594903,0.0703,0.037950000000000005,2.1730394732774876,96.83845839623268,0.9828958179073057,22.22999999999999,81.98
2026-04-01 10:02:45,0.4883,263.01,1.5745,185.27,0.4128,283.52,Danger,0.8252,0.6500099460777504,1.5745,1.12395,3.4946099331707177,246.7487285504904,0.7461704687863903,87.99499999999998,174.73
2026-04-01 10:02:50,0.5112,20.9,0.6531,49.87,0.6731,27.05,Danger,0.6124666666666666,0.08826779329593178,0.6731,0.06095000000000006,1.1029281382620313,32.54862489236406,0.9764841800577655,25.894999999999982,49.870000000000005
2026-04-01 10:02:55,0.3,248.93,1.1236,190.16,0.3,289.82,Danger,0.5745333333333333,0.47550568170457574,1.1236,0.8235999999999999,3.7453208489305037,243.8926003687502,0.7610871390881845,79.215,169.84
2026-04-01 10:03:00,0.1017,71.74,0.0913,86.39,0.114,71.47,Safe,0.10233333333333333,0.011363244841740113,0.114,-0.016549999999999995,0.8465382796636101,76.52112028637336,0.9926131607370721,14.785000000000025,86.39
2026-04-01 10:03:05,1.2393,305.4,1.3348,313.08,1.1757,326.36,Danger,1.2499333333333333,0.08008122959428966,1.3348,0.12729999999999997,1.1054235151772132,314.9362514746422,0.988615127037118,2.8000000000000114,46.920000000000016
2026-04-01 10:03:10,0.3,52.46,1.049,198.46,0.4187,97.95,Danger,0.5892333333333334,0.4025685821488474,1.049,0.6896499999999999,2.9191514702894943,108.03487389864931,0.5141528163850607,123.255,161.54
2026-04-01 10:03:15,0.269,107.73,0.1821,86.66,0.2448,64.85,Safe,0.23196666666666668,0.04484889444939901,0.269,-0.0748,0.7088333638249754,86.41929804119485,0.9538627164447375,0.37000000000000455,86.66
2026-04-01 10:03:20,0.1243,271.63,0.1611,276.53,0.1802,288.23,Safe,0.1552,0.0284132011572086,0.1802,0.008849999999999997,1.0581211289252614,278.7888434530073,0.992627342099721,3.400000000000034,83.47000000000003
2026-04-01 10:03:25,0.1186,70.59,0.0995,80.9,0.083,69.2,Safe,0.10036666666666667,0.01781581694263087,0.1186,-0.0012999999999999956,0.9870933820100991,73.55848583980966,0.9958561214096433,11.004999999999995,80.9
2026-04-01 10:03:30,0.2095,279.1,0.2742,271.08,0.229,328.47,Safe,0.23756666666666668,0.03318980767243663,0.2742,0.05495,1.2506214338817154,292.2975122836697,0.9043486203259261,32.70500000000004,88.92000000000002
2026-04-01 10:03:35,0.3,76.51,0.6925,183.31,0.3,77.97,Danger,0.43083333333333335,0.22660998065692814,0.6925,0.3925,2.3083256389145372,106.38821924995372,0.6576215030377192,106.07,176.69
2026-04-01 10:03:40,0.1239,286.44,0.0798,230.16,0.1901,244.33,Safe,0.13126666666666667,0.05551777493139772,0.1901,-0.0772,0.5082770173438386,253.25386948095056,0.9148852117694822,35.224999999999994,129.84
2026-04-01 10:03:45,0.4745,68.42,1.4864,192.45,0.4656,94.25,Danger,0.8088333333333333,0.5868068194332214,1.4864,1.01635,3.1622100580575303,111.74846392458414,0.6142447789253508,111.11500000000001,167.55
2026-04-01 10:03:50,0.2228,312.71,0.1545,282.02,0.1633,239.04,Safe,0.1802,0.037154138396684695,0.2228,-0.03855,0.8003066547181833,278.23715291934,0.8657305595397583,6.144999999999982,77.98000000000002
2026-04-01 10:03:55,0.1255,87.22,0.0928,84.05,0.1434,117.51,Safe,0.12056666666666667,0.025658202067435153,0.1434,-0.04165000000000002,0.6902142788078928,96.13774711708824,0.9656574493928471,18.314999999999998,84.05
2026-04-01 10:04:00,0.3188,282.48,1.0933,175.01,0.3102,276.33,Danger,0.5740999999999999,0.4496609500501461,1.0933,0.7787999999999999,3.47630055230349,250.42036350042497,0.6662915624670046,104.39500000000004,175.01
2026-04-01 10:04:05,0.6464,355.06,0.7402,22.01,0.6032,352.07,Danger,0.6632666666666667,0.07004008376160992,0.7402,0.11539999999999995,1.1846972075908968,2.960482070068131,0.9725784227531491,28.444999999999993,22.00999999999999
2026-04-01 10:04:10,0.5131,170.5,0.5674,205.29,0.7223,151.83,Danger,0.6009333333333333,0.10855654440582262,0.7223,-0.05030000000000001,0.9185673974949045,175.6689749001801,0.926643964363311,44.12499999999997,154.71
2026-04-01 10:04:15,0.3238,272.33,0.3137,274.0,0.2494,226.58,Safe,0.29563333333333336,0.040356453428582295,0.3238,0.027100000000000013,1.0945530545950644,258.03779551969876,0.927839150122055,24.544999999999987,86.0
2026-04-01 10:04:20,0.2219,99.84,0.21,45.18,0.2382,90.11,Safe,0.22336666666666663,0.01415709480555009,0.2382,-0.020049999999999985,0.9128410656767413,78.83034458112931,0.9155462868736055,49.795000000000016,45.18000000000001
2026-04-01 10:04:25,1.1837,356.03,1.4196,335.05,1.3548,17.44,Danger,1.3193666666666666,0.12187634443702902,1.4196,0.15034999999999998,1.1184548997794763,356.16994882640086,0.95490204263712,31.685000000000002,24.94999999999999
2026-04-01 10:04:30,0.4559,244.54,1.2262,182.8,0.3957,285.77,Danger,0.6926,0.4630904123386706,1.2262,0.8004,2.8797489907257146,238.8505526595422,0.745520321897711,82.35499999999996,177.2
2026-04-01 10:04:35,0.044,258.15,0.0355,279.23,0.0564,251.51,Safe,0.0453,0.010510470969466593,0.0564,-0.014699999999999998,0.7071572279436664,262.9170679423155,0.9788431646215203,24.400000000000034,80.76999999999998
2026-04-01 10:04:40,1.1939,14.79,1.1954,279.37,0.9491,298.78,Danger,1.1128,0.1417703424556772,1.1954,0.12390000000000012,1.1156312499941672,315.05819965658884,0.7587213497619075,57.414999999999964,80.63
2026-04-01 10:04:45,0.7294,91.96,0.6681,138.79,0.7664,133.03,Danger,0.7212999999999999,0.049648061392163115,0.7664,-0.07979999999999998,0.8933000490706657,121.58290373058,0.9348825038323507,26.295000000000016,138.79
2026-04-01 10:04:50,0.3,263.16,1.0206,173.5,0.3,258.62,Danger,0.5402,0.4160386039780443,1.0206,0.7205999999999999,3.4019886600378,234.84353105014642,0.7583411030320036,87.38999999999999,173.5
2026-04-01 10:04:55,0.1255,119.9,0.048,96.9,0.0853,50.7,Safe,0.08626666666666666,0.03875904195582411,0.1255,-0.05739999999999999,0.455403648921737,89.67895714784993,0.8778452141124987,11.600000000000023,96.9
2026-04-01 10:05:00,0.2152,255.25,0.2015,266.85,0.2103,242.9,Safe,0.209,0.006941901756723435,0.2152,-0.011249999999999982,0.9471165822957355,255.00183998430072,0.985487426197507,17.775000000000034,93.14999999999998
2026-04-01 10:05:05,0.0817,52.36,0.0764,105.97,0.0788,86.08,Safe,0.07896666666666667,0.002653927906581739,0.0817,-0.0038499999999999923,0.9520130590273019,81.64677105360722,0.9268088993280419,36.75,105.97
2026-04-01 10:05:10,0.2152,65.8,0.2177,87.85,0.2227,109.99,Safe,0.21853333333333333,0.00381881307912987,0.2227,-0.0012500000000000011,0.9942863928458879,87.87922780917908,0.9510409059615361,0.045000000000015916,87.85
2026-04-01 10:05:15,0.1789,269.5,0.1219,265.59,0.1567,248.42,Safe,0.1525,0.028731167745150915,0.1789,-0.04590000000000001,0.7264557422184611,261.1940634035492,0.9872728539713457,6.6299999999999955,94.41000000000003
2026-04-01 10:05:20,0.7222,213.47,0.7434,199.14,0.7811,198.06,Danger,0.7488999999999999,0.029832700179501053,0.7811,-0.00824999999999998,0.9890228310745279,203.54437896805607,0.9925005081271261,6.625000000000028,160.86
2026-04-01 10:05:25,0.3,74.0,1.2042,168.48,0.3133,124.88,Danger,0.6058333333333333,0.5182434016302893,1.2042,0.89755,3.926939745834842,122.78368338464097,0.7855652488044352,69.03999999999999,168.48
2026-04-01 10:05:30,0.3,83.85,0.7608,171.23,0.3,73.12,Danger,0.4536,0.2660430040425796,0.7608,0.46080000000000004,2.5359915466948446,105.6875090336285,0.7283395297059762,92.745,171.23
2026-04-01 10:05:35,0.3,245.82,0.8018,177.36,0.3,272.96,Danger,0.46726666666666666,0.28971436507935416,0.8018,0.5018,2.672657757807474,233.95983938370736,0.76875980195436,82.02999999999997,177.36
2026-04-01 10:05:40,0.5054,263.16,1.381,147.27,0.3,266.47,Danger,0.7288,0.5740826769725769,1.381,0.9783000000000001,3.4293433589685653,234.83116921754578,0.5913876931396451,117.54499999999999,147.27
2026-04-01 10:05:45,0.496,57.61,1.3875,164.74,0.3837,110.85,Danger,0.7557333333333333,0.5499996939393088,1.3875,0.94765,3.154477311635077,111.02645040138282,0.7292707268817743,80.50999999999999,164.74
2026-04-01 10:05:50,0.1381,85.34,0.1945,74.83,0.0992,87.35,Safe,0.14393333333333333,0.04791704637530713,0.1945,0.07585,1.6392613631574955,82.51203346937265,0.995414844076964,11.515000000000015,74.83
2026-04-01 10:05:55,0.1428,265.21,0.1136,290.75,0.1336,258.55,Safe,0.13,0.01492916608521722,0.1428,-0.024599999999999983,0.8219911578063835,271.42188752593563,0.9708792734361293,28.870000000000005,69.25
2026-04-01 10:06:00,0.3198,68.57,1.1923,209.36,0.4675,110.04,Danger,0.6598666666666666,0.4669772621159764,1.1923,0.7986499999999999,3.0288250252126883,121.59615823198726,0.5400658620934697,120.055,150.64
2026-04-01 10:06:05,0.5891,146.56,0.5503,152.32,0.8008,135.63,Danger,0.6467333333333333,0.13482864433544278,0.8008,-0.14464999999999995,0.7918543897339525,144.8427277855961,0.9927160519463512,11.224999999999994,152.32
2026-04-01 10:06:10,0.2538,268.36,0.2965,309.2,0.3039,279.01,Safe,0.28473333333333334,0.027043360244861075,0.3039,0.017649999999999944,1.0632918655482677,285.3842113421861,0.9549491815411804,35.514999999999986,50.80000000000001
2026-04-01 10:06:15,0.3,282.88,0.4503,174.97,0.3,244.62,Danger,0.3501,0.08677574545920075,0.4503,0.1503,1.5009949966833445,236.1309995835666,0.7188633235620658,88.78,174.97
2026-04-01 10:06:20,1.2114,34.74,1.2741,55.35,1.1736,88.33,Danger,1.2197,0.0507615011598357,1.2741,0.08160000000000012,1.0684267770006064,59.315153901856426,0.9271722965013998,6.185000000000002,55.349999999999994
2026-04-01 10:06:25,1.3218,110.79,1.2989,131.6,1.2101,68.67,Danger,1.2769333333333333,0.05900104518848237,1.3218,0.03294999999999981,1.026027073717703,104.06892058162849,0.8983422000199576,41.870000000000005,131.6
2026-04-01 10:06:30,0.1412,268.1,0.1621,265.41,0.1497,273.0,Safe,0.151,0.010510470969466593,0.1621,0.016649999999999998,1.1144646650762111,268.83613249902993,0.9984968687220167,5.139999999999986,94.58999999999997
2026-04-01 10:06:35,0.7377,170.41,0.6112,109.96,0.7675,185.22,Danger,0.7054666666666667,0.08298592250094793,0.7675,-0.14139999999999997,0.8121169118829233,156.388648066817,0.8451686030727544,67.855,109.96
2026-04-01 10:06:40,0.414,84.22,1.3648,158.36,0.3365,91.99,Danger,0.7051,0.5726295748562067,1.3648,0.98955,3.6370322797274364,110.07366281239544,0.8386411335691923,70.255,158.36
2026-04-01 10:06:45,0.0848,122.28,0.0726,97.58,0.0359,86.67,Safe,0.06443333333333333,0.025452373825113707,0.0848,0.012249999999999997,1.2029626683899188,102.10202788052224,0.9664865373465943,6.89500000000001,97.58
2026-04-01 10:06:50,0.4579,285.16,1.1995,163.8,0.3235,302.34,Danger,0.6603,0.4717714700996659,1.1995,0.8088,3.0701226769319763,263.89227054027475,0.5132791696867274,129.95,163.8
2026-04-01 10:06:55,0.4397,267.78,1.4076,161.13,0.4526,293.73,Danger,0.7666333333333334,0.5551308884698575,1.4076,0.9614499999999999,3.1549856438739354,249.89242084025142,0.5648550910725554,119.625,161.13
2026-04-01 10:07:00,0.3,108.72,0.761,177.05,0.3,60.3,Danger,0.45366666666666666,0.26615847409641746,0.761,0.461,2.5366582111392963,113.81615502765865,0.6803311145366682,92.54000000000002,177.05
2026-04-01 10:07:05,0.3835,284.05,1.339,189.02,0.3935,307.24,Danger,0.7053333333333334,0.5487942085457292,1.339,0.9504999999999999,3.4465805750821747,265.844577251239,0.642679871056654,106.62500000000003,170.98
2026-04-01 10:07:10,0.3318,94.1,1.1418,184.96,0.3,93.13,Danger,0.5912,0.47709860616019406,1.1418,0.8259,3.61442350609843,120.4460510219733,0.7383033602691491,91.34500000000003,175.04
2026-04-01 10:07:15,0.5058,63.79,1.4794,185.75,0.487,72.44,Danger,0.8240666666666666,0.5676131546514169,1.4794,0.9830000000000001,2.980251852836719,98.1796673311813,0.5894616430483786,117.63499999999999,174.25
2026-04-01 10:07:20,0.8375,220.64,1.0691,141.17,0.9982,127.56,Danger,0.9682666666666666,0.11866610018591377,1.0691,0.15124999999999988,1.1647860055717103,160.31097539969932,0.7602543467145682,32.930000000000035,141.17
2026-04-01 10:07:25,0.6488,173.65,0.6736,180.89,0.6636,281.1,Danger,0.662,0.01247717916838574,0.6736,0.01739999999999997,1.02651474167214,206.1977617609485,0.6691449001395167,46.485000000000014,179.11
2026-04-01 10:07:30,0.2466,115.93,0.2826,67.52,0.2554,97.56,Safe,0.26153333333333334,0.01876734753057377,0.2826,0.03160000000000002,1.1258919287174156,93.79042092459038,0.9402733608532431,39.22500000000002,67.52
2026-04-01 10:07:35,0.2617,264.67,0.2556,291.9,0.2548,253.88,Safe,0.2573666666666667,0.0037740340927624413,0.2617,-0.0026499999999999857,0.9897347928952842,270.0485875810603,0.9613985940228151,32.625,68.10000000000002
2026-04-01 10:07:40,0.5261,28.79,0.5905,36.57,0.7938,52.1,Danger,0.6368,0.13972684065704766,0.7938,-0.06945000000000001,0.8947633991008422,39.13554556995948,0.9857498985103895,3.875,36.56999999999999
2026-04-01 10:07:45,0.4354,94.79,1.1862,195.35,0.3728,80.69,Danger,0.6648,0.4526291638858459,1.1862,0.7820999999999999,2.9354047626707183,117.27389451789648,0.6445281157748791,107.61000000000001,164.65
2026-04-01 10:07:50,0.2181,302.52,0.2164,264.73,0.2825,290.05,Safe,0.239,0.03768169316790315,0.2825,-0.03389999999999996,0.8645590708786624,285.8455306812848,0.9627050421889758,31.555000000000007,95.26999999999998
2026-04-01 10:07:55,0.01,96.38,0.1054,79.11,0.0583,108.63,Safe,0.0579,0.04770125784505058,0.1054,0.07125,3.0862932271382975,94.72542909424543,0.9777901655003383,23.394999999999982,79.11
2026-04-01 10:08:00,0.1265,275.75,0.124,277.42,0.1416,260.26,Safe,0.1307,0.009522079604792224,0.1416,-0.010050000000000003,0.9250210740688245,271.1594194490083,0.9909296319014076,9.41500000000002,82.57999999999998
2026-04-01 10:08:05,0.035,272.59,0.0523,281.76,0.0753,268.64,Safe,0.054200000000000005,0.020217071993738362,0.0753,-0.0028500000000000053,0.9483055610959003,274.3262523896871,0.995405130194068,11.144999999999982,78.24000000000001
2026-04-01 10:08:10,0.0928,271.09,0.0857,268.13,0.1003,259.41,Safe,0.09293333333333333,0.0073009131848922396,0.1003,-0.010849999999999999,0.8876137999606426,266.2132438022005,0.996259715409433,2.8799999999999955,91.87
2026-04-01 10:08:15,0.0559,83.6,0.0555,73.38,0.1351,118.34,Safe,0.08216666666666667,0.045842047656418375,0.1351,-0.04,0.5811457471649512,91.56163636460471,0.9443963862809828,27.590000000000003,73.38
2026-04-01 10:08:20,0.2208,96.95,0.2177,58.76,0.2878,130.03,Safe,0.24209999999999998,0.039607701271343686,0.2878,-0.036599999999999966,0.8560721349896385,95.36810408996253,0.8749581589631423,54.72999999999999,58.75999999999999
2026-04-01 10:08:25,0.1902,234.01,0.2296,253.39,0.1867,280.45,Safe,0.2021666666666667,0.023822328461620478,0.2296,0.04114999999999999,1.2183538426434457,255.87712611996383,0.9455137313725124,3.840000000000032,106.61000000000001
2026-04-01 10:08:30,0.3,256.94,0.9994,177.93,0.3,253.29,Danger,0.5331333333333333,0.40379877827122423,0.9994,0.6994,3.3313222289259037,231.40996066555365,0.8084764965685046,77.185,177.93
2026-04-01 10:08:35,0.1953,98.49,0.194,130.0,0.1833,74.34,Safe,0.19086666666666666,0.006585084155372157,0.1953,0.00470000000000001,1.0248229010940249,100.84100568124498,0.9224519366321371,43.58500000000001,130.0
2026-04-01 10:08:40,0.0914,62.62,0.1164,87.45,0.1189,75.92,Safe,0.1089,0.015206906325745555,0.1189,0.01125000000000001,1.1069794866430183,75.33466913228895,0.9843843856024216,18.180000000000007,87.45
2026-04-01 10:08:45,0.2326,92.22,0.1878,79.5,0.2143,128.26,Safe,0.21156666666666668,0.022524727153360447,0.2326,-0.03564999999999999,0.8404527167029908,99.7530559530902,0.9361005137991305,30.74000000000001,79.5
2026-04-01 10:08:50,0.2384,285.41,0.2292,254.72,0.2963,248.7,Safe,0.2546333333333333,0.03637641177099982,0.2963,-0.03814999999999999,0.8572999539930654,262.80567963487454,0.9610293138411367,12.335000000000008,105.28
2026-04-01 10:08:55,0.3,85.93,0.8664,181.82,0.3,93.93,Danger,0.48879999999999996,0.327011192469004,0.8664,0.5664,2.8879903733654224,116.92285881086056,0.7340098797044439,91.88999999999999,178.18
2026-04-01 10:09:00,0.2381,140.48,0.1629,110.35,0.203,95.43,Safe,0.20133333333333336,0.037627693702023964,0.2381,-0.057650000000000035,0.7386046764693879,115.28568238236217,0.9472374359972121,7.60499999999999,110.35
2026-04-01 10:09:05,1.0815,246.76,1.0489,244.68,1.1245,207.06,Danger,1.0849666666666666,0.037919036555974596,1.1245,-0.05410000000000004,0.9509510870797035,233.0577250239134,0.9499493896764575,17.77000000000001,115.32
2026-04-01 10:09:10,0.3265,117.74,1.2829,192.74,0.3,68.17,Danger,0.6364666666666666,0.5599844670464827,1.2829,0.9696499999999999,4.095437843773842,123.86647340445606,0.639431157582124,99.78499999999997,167.26
2026-04-01 10:09:15,0.1784,85.07,0.1972,100.28,0.2581,121.01,Safe,0.2112333333333333,0.04166201307346218,0.2581,-0.021050000000000013,0.9035468336914836,102.08914972627593,0.9672253122193959,2.759999999999991,100.28
2026-04-01 10:09:20,0.1208,88.98,0.0867,88.13,0.1234,94.58,Safe,0.11030000000000001,0.020479501947068927,0.1234,-0.0354,0.7100678946118377,90.56254692234876,0.9987534035249834,3.6499999999999773,88.13
2026-04-01 10:09:25,0.0219,264.15,0.0939,256.61,0.0791,275.5,Safe,0.06496666666666667,0.03802385216325844,0.0939,0.043399999999999994,1.8593691214035364,265.41423441968124,0.9908401220828156,13.214999999999975,103.38999999999999
2026-04-01 10:09:30,0.3531,247.86,1.231,173.51,0.4305,240.96,Danger,0.6715333333333334,0.48605545294064273,1.231,0.8392000000000001,3.141901118169683,222.27961943654,0.8361295887701872,70.89999999999998,173.51
2026-04-01 10:09:35,0.243,227.87,0.2256,281.39,0.2306,271.43,Safe,0.23306666666666667,0.008958422480176592,0.243,-0.011200000000000015,0.9526986794819278,260.6448376518703,0.919435095169863,31.74000000000001,78.61000000000001
2026-04-01 10:09:40,0.1304,228.04,0.1273,276.16,0.0626,262.17,Safe,0.10676666666666666,0.03828084812714228,0.1304,0.030799999999999994,1.3191573144319748,255.659565724593,0.9387553588681267,31.055000000000035,83.83999999999997
2026-04-01 10:09:45,0.1978,273.96,0.2454,252.95,0.2571,271.46,Safe,0.23343333333333335,0.03140896899507103,0.2571,0.01795000000000002,1.0789137000936466,266.151587070563,0.9866705346215204,19.75999999999999,107.05000000000001
2026-04-01 10:09:50,0.3414,68.7,1.1596,163.42,0.3,97.05,Danger,0.6003333333333333,0.4847812840171672,1.1596,0.8389,3.615829074433819,108.00003376555686,0.7743966377685221,80.54499999999996,163.42
2026-04-01 10:09:55,0.0156,105.58,0.0633,103.11,0.024,120.55,Safe,0.0343,0.025463503293930313,0.0633,0.0435,3.1968082420079793,109.73139613349967,0.9909774592162351,9.954999999999984,103.11
2026-04-01 10:10:00,0.3,223.8,0.921,172.39,0.3251,238.98,Danger,0.5153666666666666,0.3515128779053953,0.921,0.60845,2.946719095443624,212.4473679186989,0.8801716002014207,59.0,172.39
2026-04-01 10:10:05,0.1952,117.81,0.2781,107.61,0.2561,123.87,Safe,0.24313333333333334,0.042944188586272455,0.2781,0.05245,1.232434157171916,116.43462128094627,0.9931552968512434,13.22999999999999,107.61
2026-04-01 10:10:10,0.3,18.96,0.6706,39.68,0.5037,56.08,Danger,0.49143333333333333,0.18560426539638933,0.6706,0.26874999999999993,1.668777731049568,38.265825274203074,0.9651721646437186,2.1599999999999966,39.68000000000001
2026-04-01 10:10:15,0.3,81.95,0.729,180.08,0.3,90.32,Danger,0.443,0.24768326548234945,0.729,0.429,2.4299919000270003,113.51987742527723,0.7229750074715237,93.945,179.92
2026-04-01 10:10:20,0.4034,254.07,1.4349,192.34,0.4132,274.25,Danger,0.7505000000000001,0.5927280405042434,1.4349,1.0266000000000002,3.5143190930220602,241.54795084671727,0.8236732176556818,71.81999999999996,167.66
2026-04-01 10:10:25,0.3,65.7,0.7258,181.08,0.3,116.65,Danger,0.44193333333333334,0.24583574462094268,0.7258,0.4258,2.4193252689157707,120.1325168454089,0.6884752955365392,89.90500000000003,178.92
2026-04-01 10:10:30,0.3,277.57,0.6452,187.64,0.3,279.57,Danger,0.4150666666666667,0.19930131292425882,0.6452,0.3452,2.150659497801674,251.81723960306886,0.7404104075837411,90.93,172.36
2026-04-01 10:10:35,0.7591,307.12,0.8924,254.28,0.8392,306.48,Danger,0.8302333333333333,0.06710084450536619,0.8924,0.09324999999999994,1.1166850820433183,289.87874512836737,0.9088316741152493,52.52000000000001,105.72
2026-04-01 10:10:40,0.9838,346.78,0.7397,332.23,1.0875,349.56,Danger,0.9369999999999999,0.17856060595775314,1.0875,-0.29594999999999994,0.7142367457763282,342.8709496792951,0.9912233592642707,15.93999999999994,27.769999999999982
2026-04-01 10:10:45,0.9168,161.49,1.1266,183.59,1.0098,146.27,Danger,1.0177333333333334,0.10512475128785487,1.1266,0.1633,1.1695202226510717,163.74183460277854,0.9645627043501962,29.710000000000008,176.41
2026-04-01 10:10:50,0.05,240.85,0.1179,275.96,0.0976,275.77,Safe,0.08850000000000001,0.03485268999661289,0.1179,0.0441,1.597539328735383,264.35994479312467,0.9589341257182742,17.650000000000034,84.04000000000002
2026-04-01 10:10:55,0.1505,287.63,0.1168,267.83,0.155,254.01,Safe,0.14076666666666668,0.020877340188188084,0.155,-0.035949999999999996,0.7646431119927202,269.7942044449028,0.9712145598503933,2.990000000000009,92.17000000000002
2026-04-01 10:11:00,0.3351,92.21,0.2567,85.19,0.2361,56.6,Safe,0.27596666666666664,0.052236513410959334,0.3351,-0.028900000000000037,0.8988063767283727,78.11408993788714,0.9642002108057888,10.785000000000025,85.19
2026-04-01 10:11:05,0.1899,211.58,0.2161,287.04,0.1942,270.1,Safe,0.2000666666666667,0.01405074138020243,0.2161,0.024049999999999988,1.1252219462538595,257.33780450814095,0.8472002446431487,46.20000000000002,72.95999999999998
2026-04-01 10:11:10,0.077,247.32,0.0465,278.7,0.0665,303.44,Safe,0.06333333333333334,0.015494622723168618,0.077,-0.02525000000000001,0.6480745912948948,276.5806432991798,0.9212798088533347,3.319999999999993,81.30000000000001
2026-04-01 10:11:15,0.1319,269.99,0.0981,259.02,0.078,295.39,Safe,0.10266666666666667,0.027238636774503475,0.1319,-0.006849999999999981,0.9347219178473766,274.71850010356667,0.9649716921022988,23.670000000000016,100.98000000000002
2026-04-01 10:11:20,0.3,289.02,1.0161,168.68,0.3045,279.99,Danger,0.5402,0.41214763131674065,1.0161,0.71385,3.3617754779967646,254.49068529750963,0.5998263074441811,115.82499999999999,168.68
2026-04-01 10:11:25,0.286,75.07,0.2492,121.47,0.2458,78.48,Safe,0.26033333333333336,0.02229289871984648,0.286,-0.016699999999999965,0.9371909093986109,91.32424215490491,0.9332525830769072,44.69499999999999,121.47
2026-04-01 10:11:30,0.2611,116.69,0.2433,91.58,0.2717,84.24,Safe,0.2587,0.014351306560728196,0.2717,-0.02309999999999998,0.9132848600418169,97.42508208549646,0.9708141198070787,8.884999999999991,91.58
2026-04-01 10:11:35,0.0669,94.38,0.0406,92.37,0.0178,67.36,Safe,0.04176666666666667,0.024570782106667532,0.0669,-0.0017500000000000016,0.958655049467545,84.76980237601943,0.9771235257344204,11.5,92.37
2026-04-01 10:11:40,0.3,285.84,0.7384,190.44,0.3,252.79,Danger,0.4461333333333333,0.2531103580127319,0.7384,0.43839999999999996,2.4613251289162372,244.3788104177845,0.7757656956197921,78.875,169.56
2026-04-01 10:11:45,0.092,240.83,0.0966,275.15,0.121,268.51,Safe,0.1032,0.01558589105569521,0.121,-0.009899999999999992,0.9070337367724247,261.5997331392339,0.9666378904940998,20.47999999999996,84.85000000000002
2026-04-01 10:11:50,0.3,73.88,0.6837,148.17,0.3,73.66,Danger,0.4279,0.2215292982880594,0.6837,0.3837,2.2789924033586555,96.7713866830427,0.8216286371584219,74.39999999999998,148.17
2026-04-01 10:11:55,0.0647,265.6,0.1298,280.41,0.1344,278.52,Safe,0.10963333333333332,0.03898132031285412,0.1344,0.03025,1.303854305833191,274.8529857275669,0.9934136414280051,8.350000000000023,79.58999999999997
2026-04-01 10:12:00,0.1954,309.72,0.1037,270.29,0.152,232.12,Safe,0.15036666666666665,0.045871814149141,0.1954,-0.06999999999999999,0.5970028957806807,270.6737795607126,0.8528797015537783,0.6299999999999955,89.70999999999998
2026-04-01 10:12:05,0.6768,189.91,0.7147,191.67,0.7991,186.02,Danger,0.7302,0.06260599012874091,0.7991,-0.023249999999999993,0.9684924879836195,189.20028331034553,0.99915144487465,3.7050000000000125,168.33
2026-04-01 10:12:10,0.263,62.05,0.2553,103.08,0.2328,85.3,Safe,0.2503666666666667,0.015692779656049895,0.263,0.007400000000000018,1.0298465919863171,83.51684161991912,0.9574727402854329,29.405,103.08
2026-04-01 10:12:15,0.3435,113.11,0.8849,185.66,0.3733,85.95,Danger,0.5339,0.30433987579678085,0.8849,0.5265,2.4690221288445064,125.91087661364718,0.7484721128077491,86.13,174.34
2026-04-01 10:12:20,0.371,91.46,1.1896,204.22,0.3501,47.76,Danger,0.6369,0.4787662999836141,1.1896,0.82905,3.2993945378046377,101.27945887191393,0.4519866674951609,134.61,155.78
2026-04-01 10:12:25,0.7332,311.53,0.7033,272.44,0.7162,308.69,Danger,0.7175666666666668,0.014996777431612844,0.7332,-0.021399999999999864,0.970469200401269,297.75921965089776,0.9523506431253232,37.66999999999996,87.56
2026-04-01 10:12:30,0.4497,88.73,1.0973,176.36,0.3626,110.0,Danger,0.6365333333333333,0.4014050863321656,1.0973,0.6911499999999999,2.701704538459834,123.34308383070912,0.7991971642561407,76.995,176.36
2026-04-01 10:12:35,0.95,342.53,1.1401,336.24,0.9649,354.02,Danger,1.0183333333333333,0.10571586131386966,1.1401,0.18264999999999998,1.1907658982026235,344.2564016693787,0.9917633701930846,12.034999999999968,23.75999999999999
2026-04-01 10:12:40,0.1333,248.53,0.1427,269.14,0.1958,271.16,Safe,0.15726666666666667,0.03370019782335607,0.1958,-0.02185000000000001,0.8672083427022624,262.9810415111226,0.9841392823117356,9.294999999999959,90.86000000000001
2026-04-01 10:12:45,1.0706,199.32,1.0695,232.02,1.054,222.42,Danger,1.0647,0.009282779756085942,1.0706,0.007199999999999873,1.0067767986662914,217.98123217949762,0.971519807808312,21.150000000000034,127.97999999999999
2026-04-01 10:12:50,0.1148,252.03,0.0974,271.75,0.1362,280.93,Safe,0.11613333333333332,0.019434333879331522,0.1362,-0.0281,0.7760894335503302,268.2739793583626,0.977980840531319,5.269999999999982,88.25
2026-04-01 10:12:55,0.127,91.83,0.1247,107.41,0.1602,131.71,Safe,0.1373,0.01986529637332401,0.1602,-0.0189,0.8683783539111845,110.25645554476321,0.9594035958415187,4.360000000000014,107.41
2026-04-01 10:13:00,1.3593,189.98,1.3204,235.23,1.3133,200.27,Danger,1.331,0.024764288804647712,1.3593,-0.015900000000000025,0.9881007347895422,208.27745783795038,0.9436905367056037,40.10500000000002,124.77000000000001
2026-04-01 10:13:05,0.1996,115.77,0.2195,50.33,0.1847,68.5,Safe,0.20126666666666668,0.017459763266818175,0.2195,0.027350000000000013,1.1423307711123023,77.6356059481623,0.8874840544502598,41.80500000000001,50.329999999999984
2026-04-01 10:13:10,0.5469,218.35,0.5944,134.6,0.5041,138.38,Danger,0.5484666666666668,0.04517038115107438,0.5944,0.06889999999999996,1.131111073052192,161.30925779701442,0.7861092960881789,43.765000000000015,134.6
2026-04-01 10:13:15,0.4147,284.16,1.1579,183.36,0.385,258.42,Danger,0.6525333333333333,0.4379122324545562,1.1579,0.7580499999999999,2.8958286961893305,244.577205755573,0.7410503243120886,87.93,176.64
2026-04-01 10:13:20,0.1869,99.08,0.2707,71.73,0.153,89.65,Safe,0.20353333333333334,0.06058731990551598,0.2707,0.10075,1.592812045824973,86.84697703377083,0.9804976303910777,22.63499999999999,71.73
2026-04-01 10:13:25,0.0459,71.55,0.0928,93.21,0.0836,90.06,Safe,0.0741,0.024851358111781328,0.0928,0.02804999999999999,1.4331824991119826,84.96908770733992,0.9861426350657625,12.405000000000001,93.21
2026-04-01 10:13:30,0.2363,59.4,0.2739,82.98,0.2189,45.63,Safe,0.24303333333333332,0.028111444881637304,0.2739,0.04629999999999995,1.2034217775844567,62.61094297074022,0.9641007114178337,30.465000000000003,82.98
2026-04-01 10:13:35,0.3837,77.43,1.3431,186.76,0.5052,66.05,Danger,0.7439999999999999,0.5223802925072882,1.3431,0.89865,3.021930426526209,101.77646557431908,0.6034417227228528,115.01999999999998,173.24
2026-04-01 10:13:40,0.0941,85.48,0.1104,107.55,0.1149,97.03,Safe,0.10646666666666667,0.010943643512712452,0.1149,0.005899999999999989,1.0564492205816212,96.6888085984047,0.9876647069453416,16.295000000000016,107.55
2026-04-01 10:13:45,0.0647,91.86,0.0909,81.98,0.0801,121.69,Safe,0.07856666666666666,0.013167130793507497,0.0909,0.018500000000000003,1.2555075206143562,98.37629452207885,0.9570745306517138,24.795000000000016,81.98
2026-04-01 10:13:50,0.4517,274.61,1.203,190.84,0.5,253.11,Danger,0.7182333333333334,0.42051428433922833,1.203,0.7271500000000001,2.5281022841183485,240.8945738315873,0.8170737785386885,73.02000000000001,169.16
2026-04-01 10:13:55,0.3,80.25,0.8582,158.58,0.3,104.45,Danger,0.48606666666666665,0.32227692026164906,0.8582,0.5582,2.8606571311428963,113.55670438052933,0.8433192098231428,66.23000000000002,158.58
2026-04-01 10:14:00,0.1617,74.47,0.2941,97.61,0.2417,78.35,Safe,0.2325,0.06667773241495244,0.2941,0.09239999999999998,1.45809886911815,83.44314292768127,0.9844667811358168,21.19999999999999,97.61
2026-04-01 10:14:05,0.4121,120.57,1.4144,188.51,0.3946,103.29,Danger,0.7403666666666667,0.5837955663871843,1.4144,1.01105,3.5066232636091152,135.69172343538577,0.8046768673559702,76.57999999999998,171.49
2026-04-01 10:14:10,0.1365,296.68,0.1032,267.11,0.1453,243.89,Safe,0.12833333333333333,0.02220638046448213,0.1453,-0.037700000000000025,0.7324291523835883,269.1477250704848,0.9301719477368566,3.1749999999999545,92.88999999999999
2026-04-01 10:14:15,0.2216,122.57,0.2529,100.4,0.2463,70.44,Safe,0.24026666666666666,0.016499191899403243,0.2529,0.018950000000000022,1.0809955930942805,97.897570091985,0.9317026833672248,3.8950000000000102,100.4
2026-04-01 10:14:20,0.2137,113.6,0.1494,105.4,0.1363,104.61,Safe,0.16646666666666665,0.04142636036792676,0.2137,-0.025599999999999984,0.853709407374815,107.86765310903374,0.9974853722195965,3.704999999999984,105.4
2026-04-01 10:14:25,0.1623,274.01,0.1176,253.82,0.1789,251.16,Safe,0.15293333333333334,0.031705257187623216,0.1789,-0.053000000000000005,0.689327729614715,259.6267068556109,0.9842086975930385,8.764999999999986,106.18
2026-04-01 10:14:30,0.1012,275.71,0.1494,270.31,0.1698,288.05,Safe,0.14013333333333333,0.03522631592053494,0.1698,0.013899999999999996,1.1025748887462086,278.0141925645471,0.9916212955088081,11.569999999999993,89.69
2026-04-01 10:14:35,0.3,115.04,0.6339,205.76,0.3,96.82,Danger,0.4113,0.19277725488241607,0.6339,0.33390000000000003,2.1129929566901446,134.5720999750112,0.6851956893108098,99.82999999999998,154.24
2026-04-01 10:14:40,0.3,119.25,0.8084,181.3,0.3,104.86,Danger,0.4694666666666667,0.29352487685600576,0.8084,0.5084,2.6946576844743855,133.84911670014466,0.8395489419933069,69.245,178.7
2026-04-01 10:14:45,0.265,261.38,0.2437,291.84,0.2073,288.07,Safe,0.2386666666666667,0.029177445627287753,0.265,0.007549999999999973,1.031966834779442,280.51611534533896,0.9721990087981413,17.11500000000001,68.16000000000003
2026-04-01 10:14:50,0.3,251.45,0.6562,176.46,0.3,260.2,Danger,0.41873333333333335,0.2056521658853447,0.6562,0.3562,2.187326042246526,231.54485580110202,0.7967140161997129,79.36499999999998,176.46
2026-04-01 10:14:55,0.1673,109.47,0.1705,102.58,0.1939,82.85,Safe,0.17723333333333333,0.014522166964104669,0.1939,-0.01009999999999997,0.944070077131356,98.3380524409239,0.9807106372086921,6.420000000000016,102.58
2026-04-01 10:15:00,0.1707,123.45,0.1055,96.92,0.1062,111.56,Safe,0.12746666666666667,0.03744280082116364,0.1707,-0.03294999999999999,0.762002441296921,110.65162392253916,0.9821494033199456,20.585000000000036,96.92
2026-04-01 10:15:05,0.3,267.52,0.5996,146.89,0.3,264.74,Danger,0.39986666666666665,0.1729741406492119,0.5996,0.29960000000000003,1.998660004466652,236.12322589767317,0.5816017525712723,119.24000000000001,146.89
2026-04-01 10:15:10,0.0519,254.61,0.0794,253.56,0.0763,245.61,Safe,0.0692,0.01506220435394501,0.0794,0.015299999999999994,1.2386702235534546,251.2622142475446,0.9975424878775413,3.4499999999999886,106.44
2026-04-01 10:15:15,0.3597,237.3,1.3056,162.04,0.4399,303.46,Danger,0.7017333333333334,0.5244990212892044,1.3056,0.9058,3.2656246482625106,235.49004383780522,0.5531483472745761,108.34,162.04
2026-04-01 10:15:20,0.2187,279.58,0.1552,288.8,0.1992,286.92,Safe,0.1910333333333333,0.03252819289990351,0.2187,-0.05374999999999999,0.7427578714626875,285.1018906073149,0.9975912787321426,5.550000000000011,71.19999999999999
2026-04-01 10:15:25,0.8092,314.86,0.8395,282.25,0.5778,340.15,Danger,0.7421666666666668,0.14314965362631282,0.8395,0.14600000000000002,1.2105245702601726,312.5307108455112,0.9162622203959039,45.254999999999995,77.75
2026-04-01 10:15:30,0.2134,279.0,0.2216,260.48,0.2113,268.61,Safe,0.21543333333333334,0.005442732157045147,0.2216,0.009250000000000008,1.0435552457958757,269.3600376031915,0.991269169171825,13.324999999999989,99.51999999999998
2026-04-01 10:15:35,0.1408,298.97,0.1511,283.43,0.1695,283.23,Safe,0.15380000000000002,0.014539257202484591,0.1695,-0.004049999999999998,0.9738899523689825,288.5288614703908,0.9917369897260258,7.670000000000016,76.57
2026-04-01 10:15:40,0.0592,239.03,0.043,294.64,0.0601,219.25,Safe,0.0541,0.009623408959407267,0.0601,-0.016650000000000005,0.7208596670634188,250.02383466012026,0.850889755273701,65.5,65.36000000000001
2026-04-01 10:15:45,0.7533,358.93,0.9423,28.48,0.9008,7.65,Danger,0.8654666666666667,0.0993306766982554,0.9423,0.11524999999999996,1.1393493267041572,11.64197946501282,0.9767299507661026,25.189999999999998,28.47999999999999
2026-04-01 10:15:50,0.0969,279.1,0.1005,295.1,0.0856,283.73,Safe,0.09433333333333334,0.0077745310683882025,0.1005,0.009250000000000008,1.101357793339251,285.96947349254094,0.9931289475509615,13.685000000000002,64.89999999999998
2026-04-01 10:15:55,0.492,256.57,1.3771,178.3,0.4049,272.63,Danger,0.758,0.5379221226162761,1.3771,0.92865,3.0707925726556526,238.5877718314224,0.7584738577662975,86.30000000000001,178.3
2026-04-01 10:16:00,0.3,91.84,0.7771,164.69,0.3,73.68,Danger,0.45903333333333335,0.27545381343037045,0.7771,0.4771,2.5903246989176707,107.84242002418473,0.7785224264687859,81.93,164.69
2026-04-01 10:16:05,0.2632,67.57,0.2448,110.84,0.2165,73.14,Safe,0.24150000000000002,0.023524242814594473,0.2632,0.004949999999999982,1.020633643386936,83.60058784479757,0.9445320584335651,40.485000000000014,110.84
2026-04-01 10:16:10,0.253,300.63,0.1652,254.56,0.1904,303.31,Safe,0.20286666666666667,0.04520811136658258,0.253,-0.056499999999999995,0.7451477440336309,286.58857252294285,0.9252064136477887,47.40999999999997,105.44
2026-04-01 10:16:15,0.4782,288.79,1.3451,176.39,0.4402,262.1,Danger,0.7545000000000001,0.5118273830111085,1.3451,0.8858999999999999,2.9292183597161157,246.540822846319,0.6810423552461359,99.055,176.39
2026-04-01 10:16:20,0.4419,303.96,1.4258,181.04,0.4409,253.65,Danger,0.7695333333333333,0.5683438249275989,1.4258,0.9843999999999999,3.230169392457199,248.20213850466806,0.6487663959142488,97.76499999999996,178.96
2026-04-01 10:16:25,0.5434,57.06,0.6958,54.03,0.6151,27.63,Danger,0.6181,0.0762442784738632,0.6958,0.11654999999999993,1.2012063854874655,46.32125626751457,0.9735696528373367,11.685000000000002,54.03
2026-04-01 10:16:30,0.4637,84.22,1.3518,196.05,0.4026,112.13,Danger,0.7393666666666666,0.5312619347679008,1.3518,0.9186499999999999,3.1208516198739007,126.94657204038108,0.6860105253897317,97.875,163.95
2026-04-01 10:16:35,0.727,156.43,0.8512,200.61,0.619,165.27,Danger,0.7323999999999998,0.11619414787329005,0.8512,0.17819999999999991,1.264782667484892,173.8841495923083,0.9452817601547011,39.75999999999999,159.39
2026-04-01 10:16:40,0.4515,348.9,0.3439,16.16,0.3795,90.72,Danger,0.39163333333333333,0.05481654251531498,0.4515,-0.0716,0.8276755049927679,29.36985257232762,0.7379142683718066,23.649999999999977,16.159999999999997
2026-04-01 10:16:45,0.9545,43.42,0.8295,126.38,0.8348,22.78,Danger,0.8729333333333334,0.07068849505636214,0.9545,-0.06514999999999993,0.9271771897645004,60.69089326826659,0.7185222186804908,93.27999999999997,126.38
2026-04-01 10:16:50,0.2688,284.85,0.2828,256.9,0.2688,249.75,Safe,0.2734666666666667,0.008082903768654767,0.2828,0.014000000000000012,1.0520794193473983,263.72634787192544,0.9653704369788074,10.400000000000034,103.10000000000002
2026-04-01 10:16:55,0.2502,276.91,0.1868,290.71,0.1861,286.39,Safe,0.2077,0.036807743750466415,0.2502,-0.03134999999999999,0.8562876172926093,284.67410848130953,0.9949468253911029,9.060000000000002,69.29000000000002
2026-04-01 10:17:00,1.2542,160.12,1.2232,191.87,1.3565,201.17,Danger,1.2779666666666667,0.0697557405045157,1.3565,-0.08214999999999995,0.9370659692297322,184.54704559782462,0.9535133530287467,11.225000000000023,168.13
2026-04-01 10:17:05,0.1447,286.36,0.1777,292.15,0.1857,281.33,Safe,0.16936666666666667,0.021733231083604056,0.1857,0.012499999999999983,1.0756593483090295,286.612956262675,0.9970254694943707,8.305000000000007,67.85000000000002
2026-04-01 10:17:10,0.3,248.87,0.7813,170.11,0.3,257.81,Danger,0.4604333333333333,0.27787868456096687,0.7813,0.4813,2.6043246522511594,228.15578548251102,0.7778749612526865,83.22999999999996,170.11
2026-04-01 10:17:15,1.061,220.25,0.8661,257.52,0.7401,253.9,Danger,0.8890666666666666,0.1616780855073851,1.061,-0.03444999999999998,0.9617445319587674,244.05917998922524,0.9575702370028403,20.444999999999965,102.48000000000002
2026-04-01 10:17:20,0.3,138.74,0.4193,191.72,0.3,112.88,Danger,0.3397666666666667,0.06887788711432237,0.4193,0.11930000000000002,1.3976620077933075,146.97845601919047,0.842681663342968,65.90999999999997,168.28
2026-04-01 10:17:25,0.4019,61.41,1.3185,175.69,0.4254,110.58,Danger,0.7152666666666666,0.522547512991243,1.3185,0.90485,3.1874696301955034,114.72804378293792,0.693381116977825,89.695,175.69
2026-04-01 10:17:30,0.1671,329.73,0.2667,282.6,0.1705,300.03,Safe,0.20143333333333333,0.056548150573943017,0.2667,0.09789999999999999,1.5799669433237953,304.0004030179451,0.9431686961000214,32.27999999999997,77.39999999999998
2026-04-01 10:17:35,1.1546,307.44,1.1175,134.56,1.177,76.78,Danger,1.1497,0.030051123107132014,1.177,-0.04830000000000001,0.9585684006103958,81.39628663911033,0.3007257620222469,122.44999999999999,134.56
2026-04-01 10:17:40,0.1214,286.59,0.1114,251.9,0.0322,299.1,Safe,0.08833333333333333,0.04886934963075868,0.1214,0.034600000000000006,1.4505019465892373,279.4102931084853,0.9402059948285089,40.944999999999965,108.1
2026-04-01 10:17:45,0.2777,303.51,0.2273,272.82,0.2901,234.63,Safe,0.26503333333333334,0.033260988159303596,0.2901,-0.05660000000000004,0.8006312059485524,270.48524037363785,0.8827014881450893,3.75,87.18
2026-04-01 10:17:50,0.4646,78.65,1.4313,206.0,0.5429,77.57,Danger,0.8129333333333334,0.5369503918737124,1.4313,0.92755,2.8412846823132853,107.77147713178464,0.5315766831543355,127.88999999999999,154.0
2026-04-01 10:17:55,0.3,79.2,0.9404,183.31,0.3,84.94,Danger,0.5134666666666666,0.3697351123890364,0.9404,0.6404000000000001,3.1346562178126076,110.62158627020278,0.6840462427120938,101.24000000000001,176.69
2026-04-01 10:18:00,1.1071,239.22,1.0374,268.11,0.9583,240.48,Danger,1.0342666666666667,0.07444946832136096,1.1071,0.0047000000000001485,1.0045502037859944,249.18375475987375,0.9731127539233437,28.260000000000048,91.88999999999999
2026-04-01 10:18:05,1.1716,230.24,1.1759,160.07,1.0378,211.15,Danger,1.1284333333333334,0.07852020971274418,1.1759,0.07119999999999993,1.0644509238246367,201.20962992170783,0.8708196909122706,60.62500000000003,160.07
2026-04-01 10:18:10,0.3,273.61,1.0523,190.38,0.3,272.97,Danger,0.5507666666666667,0.4343406075113555,1.0523,0.7523,3.507654974483419,248.24132177696396,0.7812796235038385,82.91000000000003,169.62
2026-04-01 10:18:15,1.0013,105.37,0.8971,14.56,1.0089,26.68,Danger,0.9691000000000001,0.06246951256413002,1.0089,-0.1080000000000001,0.8925471171553904,46.199388768104356,0.7687927912241874,51.46500000000003,14.560000000000002
2026-04-01 10:18:20,0.3,293.78,0.4012,171.86,0.3,242.71,Danger,0.3337333333333334,0.058427847241990134,0.4012,0.10120000000000001,1.337328875570415,237.83834649043865,0.6545020510845679,96.38499999999999,171.86
2026-04-01 10:18:25,0.3,95.72,1.124,167.16,0.385,91.8,Danger,0.6030000000000001,0.45319642540514377,1.124,0.7815000000000001,3.281742243088342,116.5173489020204,0.8257929422883019,73.4,167.16
2026-04-01 10:18:30,0.1247,283.45,0.1733,256.89,0.1722,235.81,Safe,0.15673333333333336,0.02774713198392463,0.1733,0.02485000000000001,1.1673885659241097,258.6617480693981,0.9429660578930925,2.740000000000009,103.11000000000001
2026-04-01 10:18:35,0.1393,49.3,0.1124,109.89,0.148,95.09,Safe,0.13323333333333334,0.018559184608525594,0.148,-0.03125,0.7824519147099568,85.26555070792607,0.9012546078757622,37.69499999999999,109.89
2026-04-01 10:18:40,0.3,117.83,0.6511,186.69,0.3,113.42,Danger,0.41703333333333337,0.20270767951247765,0.6511,0.3511,2.1703260989130038,137.78021896900424,0.8360687620501518,71.065,173.31
2026-04-01 10:18:45,0.1949,95.71,0.1699,120.35,0.1616,123.91,Safe,0.17546666666666666,0.017333878196564474,0.1949,-0.008349999999999996,0.9531503329574589,113.39106860354094,0.9761965924508231,10.539999999999992,120.35
2026-04-01 10:18:50,0.4103,288.34,1.4079,170.73,0.4427,260.06,Danger,0.7536333333333333,0.5668430941039445,1.4079,0.9813999999999999,3.3010473597951706,244.5217837462555,0.6547069790011195,103.47,170.73
2026-04-01 10:18:55,0.1055,112.85,0.1538,96.32,0.0754,78.68,Safe,0.11156666666666666,0.03955051622081984,0.1538,0.06334999999999999,1.7003681551337186,95.9556070700952,0.9705697069164712,0.5550000000000068,96.32
2026-04-01 10:19:00,0.2902,296.24,0.2917,237.41,0.2608,281.04,Safe,0.2809,0.017423260314877946,0.2917,0.016200000000000048,1.0587983346702918,271.9996549868091,0.9075493550599635,51.22999999999999,122.59
2026-04-01 10:19:05,0.7806,139.49,0.6017,130.26,0.7008,159.62,Danger,0.6943666666666667,0.0896233414537381,0.7806,-0.1389999999999999,0.8123385819649225,143.0835070969447,0.9772436195752128,19.295000000000016,130.26
2026-04-01 10:19:10,0.5165,223.87,0.6454,185.39,0.5321,275.83,Danger,0.5646666666666667,0.07035085879599007,0.6454,0.12109999999999999,1.2309722850042246,227.812536209066,0.8015758777527202,64.46000000000001,174.61
2026-04-01 10:19:15,0.1567,77.14,0.145,78.85,0.1521,62.6,Safe,0.15126666666666666,0.005894347574866403,0.1567,-0.00940000000000002,0.9391130886457988,72.87675561656471,0.9919203740206103,8.980000000000018,78.85
2026-04-01 10:19:20,0.168,268.48,0.193,282.65,0.121,289.45,Safe,0.16066666666666665,0.0365558932777375,0.193,0.04849999999999999,1.3356308952879217,280.20697554705737,0.9884114198818973,3.6849999999999454,77.35000000000002
2026-04-01 10:19:25,0.3,248.97,0.8053,159.1,0.3,294.61,Danger,0.4684333333333333,0.2917350910215179,0.8053,0.5053000000000001,2.6843243855853816,239.4597086425814,0.5750479265185312,112.68999999999997,159.1
2026-04-01 10:19:30,0.3424,79.42,1.0758,169.76,0.3159,71.8,Danger,0.5780333333333334,0.4312821620857201,1.0758,0.74665,3.2684087242633324,103.02126181974296,0.7221501074300601,94.14999999999998,169.76
2026-04-01 10:19:35,0.4244,253.43,1.3622,170.86,0.3837,272.31,Danger,0.7234333333333334,0.5535623391573287,1.3622,0.9581500000000001,3.371356586173528,235.58891564732284,0.726789052906996,92.00999999999999,170.86
2026-04-01 10:19:40,0.9047,281.09,0.8805,349.25,0.7624,292.26,Danger,0.8492000000000001,0.07613862357568593,0.9047,0.046949999999999936,1.0563240881481757,306.5818455460691,0.8689531472447181,62.575000000000045,10.75
2026-04-01 10:19:45,0.4779,93.21,1.4294,209.55,0.5479,63.33,Danger,0.8184,0.5302977936970886,1.4294,0.9165,2.7868925972068683,108.8316075054137,0.49265610054580855,131.27999999999997,150.45
2026-04-01 10:19:50,0.4202,257.22,1.3067,181.15,0.4078,267.9,Danger,0.7115666666666667,0.5154378753383703,1.3067,0.8926999999999999,3.156272569389929,237.7677600934138,0.7860034788729598,81.41,178.85
2026-04-01 10:19:55,0.327,273.12,1.1165,169.02,0.3731,224.2,Danger,0.6055333333333334,0.44311003524331666,1.1165,0.7664500000000001,3.1895352391508673,222.47358099437835,0.7430413954033346,79.63999999999999,169.02
2026-04-01 10:20:00,0.3,317.81,0.656,202.98,0.3,263.54,Danger,0.4186666666666667,0.2055366958315068,0.656,0.35600000000000004,2.186659377802074,261.90911532737084,0.6921064235921015,87.69500000000002,157.02
2026-04-01 10:20:05,0.3476,92.08,1.4058,173.68,0.4691,104.12,Danger,0.7408333333333333,0.5790734524508383,1.4058,0.99745,3.442626563911929,121.50059921644942,0.8128566293962265,75.57999999999998,173.68
2026-04-01 10:20:10,0.7631,180.4,0.5855,120.79,0.7173,156.91,Danger,0.6886333333333333,0.09220506132167222,0.7631,-0.15469999999999995,0.7910013631432543,152.90278491536912,0.9105306195337806,47.86500000000001,120.79
2026-04-01 10:20:15,0.9809,54.67,1.1457,88.65,1.0211,93.79,Danger,1.0492333333333332,0.08592655778822593,1.1457,0.14470000000000005,1.1445543011445545,79.21835879629144,0.9546421892060011,14.420000000000016,88.65
2026-04-01 10:20:20,0.7589,136.61,0.7961,181.56,0.7384,270.96,Danger,0.7644666666666667,0.029250014245010815,0.7961,0.04744999999999999,1.063379331624482,191.25219834464673,0.58102510634342,22.224999999999994,178.44
2026-04-01 10:20:25,0.073,101.79,0.0603,104.82,0.0851,79.74,Safe,0.07279999999999999,0.01240120961842029,0.0851,-0.018749999999999996,0.762798699573693,95.49806677549877,0.981062395550335,14.055000000000007,104.82
2026-04-01 10:20:30,0.2344,268.91,0.2253,252.22,0.2045,273.89,Safe,0.2214,0.01532677395931708,0.2344,0.005850000000000022,1.0266528746736174,265.02939938046967,0.9869620884008733,19.17999999999998,107.78
2026-04-01 10:20:35,0.1327,265.23,0.1357,265.88,0.1211,224.44,Safe,0.12983333333333333,0.0077105987662005404,0.1357,0.008799999999999975,1.069337515070803,252.12290968908718,0.9435976004260701,21.044999999999987,94.12
2026-04-01 10:20:40,0.3,272.11,0.6157,194.39,0.3,262.7,Danger,0.40523333333333333,0.18226947998316487,0.6157,0.31570000000000004,2.0523264922450264,244.69677829149433,0.8258083646813142,73.01499999999999,165.61
2026-04-01 10:20:45,0.3516,100.61,1.1785,160.32,0.3378,99.84,Danger,0.6226333333333334,0.481444101982082,1.1785,0.8338000000000001,3.4189050800548886,119.35906048210553,0.881540818271389,60.09499999999997,160.32
2026-04-01 10:20:50,0.353,87.6,1.3804,177.77,0.4376,77.83,Danger,0.7236666666666668,0.5703185893282222,1.3804,0.9851000000000001,3.4920225347267024,110.32439254002173,0.7164593553079671,95.055,177.77
2026-04-01 10:20:55,0.3,104.52,0.4633,152.65,0.3,64.99,Danger,0.3544333333333333,0.09428129895866588,0.4633,0.1633,1.544328185572715,107.05989863151237,0.8137107762400103,67.89500000000001,152.65
2026-04-01 10:21:00,0.0502,274.53,0.0149,276.52,0.0665,294.17,Safe,0.043866666666666665,0.02637656788388765,0.0665,-0.04345,0.2553512364826653,281.71603592927437,0.9881684937451113,7.829999999999984,83.48000000000002
2026-04-01 10:21:05,0.3894,270.81,1.349,213.51,0.3578,263.75,Danger,0.6987333333333333,0.5633690560665657,1.349,0.9753999999999999,3.610804039603748,249.963499237975,0.9033556561933959,53.76999999999998,146.49
2026-04-01 10:21:10,0.6222,216.16,0.8519,224.21,0.9058,245.76,Danger,0.7933,0.1506078019227424,0.9058,0.08789999999999998,1.1150508965302401,228.66022729597245,0.9763581481817403,6.749999999999943,135.79
2026-04-01 10:21:15,1.3444,62.9,1.195,39.0,1.12,74.39,Danger,1.2198,0.11423712181248262,1.3444,-0.03720000000000012,0.969809308708563,58.8298420022083,0.9671771443109928,29.64500000000001,39.0
2026-04-01 10:21:20,1.1894,264.19,1.2684,197.42,1.3432,215.54,Danger,1.267,0.07690955727346241,1.3432,0.0020999999999999908,1.0016575837814232,225.0984213274942,0.8826081751890525,42.44500000000002,162.58
2026-04-01 10:21:25,0.3,80.37,0.9577,185.37,0.3524,63.17,Danger,0.5367000000000001,0.36553685176736966,0.9577,0.6315,2.935919877621467,101.92741893734146,0.6080173683464228,113.60000000000002,174.63
2026-04-01 10:21:30,0.2372,259.79,0.2358,273.31,0.2191,278.57,Safe,0.2307,0.010070253224224312,0.2372,0.007650000000000018,1.0335260419634367,270.56881371052214,0.9904924712380331,4.1299999999999955,86.69
2026-04-01 10:21:35,0.1277,65.31,0.1481,70.59,0.1518,62.94,Safe,0.14253333333333335,0.012978572083759183,0.1518,0.008350000000000024,1.0597419696460135,66.27929024830766,0.9984433715078493,6.465000000000003,70.59
2026-04-01 10:21:40,0.3,86.24,0.9849,172.11,0.3,117.23,Danger,0.5283,0.39542719936797466,0.9849,0.6849000000000001,3.2829890567031446,124.33163798871131,0.817117926639704,70.375,172.11
2026-04-01 10:21:45,0.3,65.79,0.6907,168.08,0.3,83.55,Danger,0.4302333333333333,0.22557075017238679,0.6907,0.3907,2.3023256589144707,102.18265844711371,0.7203096974443698,93.41000000000003,168.08
2026-04-01 10:21:50,1.0944,16.08,1.1061,53.13,1.0893,333.58,Danger,1.0965999999999998,0.00861336171305961,1.1061,0.014250000000000096,1.0130503154734485,14.428998193546104,0.8454801087848622,58.30000000000001,53.129999999999995
2026-04-01 10:21:55,0.4954,85.16,0.4633,38.17,0.7053,62.99,Danger,0.5546666666666668,0.13143592862430478,0.7053,-0.13705000000000006,0.7717152132669054,62.13249781286034,0.9446722296550323,35.905,38.170000000000016
2026-04-01 10:22:00,1.4054,41.1,1.285,83.93,1.3651,114.18,Danger,1.3518333333333334,0.06128656731563073,1.4054,-0.10025000000000017,0.9276297219781829,80.05214717236433,0.8677231613492475,6.2900000000000205,83.93
2026-04-01 10:22:05,0.1939,273.37,0.2399,293.43,0.2023,262.69,Safe,0.21203333333333332,0.024495986065748272,0.2399,0.041800000000000004,1.21099843009374,276.45885398857206,0.9754209490600303,25.400000000000034,66.57
2026-04-01 10:22:10,0.2153,91.19,0.2361,86.86,0.2576,127.07,Safe,0.23633333333333337,0.021150965305000467,0.2576,-0.0003499999999999892,0.9985155486760471,101.4978850907443,0.9511484724742455,22.269999999999982,86.86
2026-04-01 10:22:15,0.4733,83.56,1.4661,172.5,0.4604,49.36,Danger,0.7999333333333333,0.5769533112248628,1.4661,0.99925,3.14040239819557,96.90317972011836,0.6322610823476588,106.04000000000002,172.5
2026-04-01 10:22:20,0.3,248.14,0.6842,174.23,0.3,249.8,Danger,0.42806666666666665,0.22181797342265425,0.6842,0.38420000000000004,2.2806590644697855,225.88082991597912,0.8200168414217351,74.74000000000001,174.23
2026-04-01 10:22:25,0.4032,296.57,1.4018,147.88,0.4639,279.2,Danger,0.7563,0.5598426653980563,1.4018,0.9682499999999999,3.2332989659809344,259.92785941969044,0.456986448320379,140.005,147.88
2026-04-01 10:22:30,0.1109,287.4,0.0931,245.17,0.0799,253.67,Safe,0.09463333333333335,0.015556777729765678,0.1109,-0.0022999999999999965,0.9758807559669186,261.8899870037204,0.9499862149031615,25.36499999999998,114.83000000000001
2026-04-01 10:22:35,0.1865,75.88,0.1813,87.89,0.1751,100.12,Safe,0.1809666666666667,0.005707305260219861,0.1865,0.0004999999999999727,1.0027599404870546,87.96278025287037,0.9851395978864408,0.11000000000001364,87.89
2026-04-01 10:22:40,0.3,307.17,0.7952,187.37,0.3,274.28,Danger,0.4650666666666667,0.2859038533027027,0.7952,0.49520000000000003,2.6506578311405633,260.75424242645397,0.6492123821609415,103.35500000000002,172.63
2026-04-01 10:22:45,0.1107,117.13,0.0606,77.9,0.0891,108.21,Safe,0.0868,0.02512906683504185,0.1107,-0.0393,0.6066005345291838,101.21914438136054,0.9575230470061183,34.76999999999998,77.9
2026-04-01 10:22:50,0.0804,85.39,0.0574,94.19,0.0275,78.78,Safe,0.0551,0.02652489396774283,0.0804,0.0034500000000000017,1.0639283794554317,86.11779465500935,0.9939405429193184,12.105000000000018,94.19
2026-04-01 10:22:55,1.0403,255.1,0.9369,156.21,0.9838,270.1,Danger,0.987,0.05177422138477799,1.0403,-0.07514999999999994,0.9257438607342912,233.1729231299488,0.6508807470015139,106.39000000000001,156.21
2026-04-01 10:23:00,1.1068,310.87,0.9787,212.23,1.0522,162.34,Danger,1.0459,0.06428195703305867,1.1068,-0.10079999999999989,0.9066225969220966,220.7509405388594,0.50356901937333,24.375,147.77
2026-04-01 10:23:05,0.3,267.52,0.9975,191.19,0.3182,250.79,Danger,0.5385666666666667,0.39755208883029824,0.9975,0.6884000000000001,3.227100527012207,237.66067511958778,0.8432786645989052,67.96499999999997,168.81
2026-04-01 10:23:10,0.3,287.19,0.9817,187.44,0.3,264.85,Danger,0.5272333333333333,0.39357967850656783,0.9817,0.6817,3.272322425591915,249.3110471017764,0.7414052703682142,88.57999999999998,172.56
2026-04-01 10:23:15,0.4202,89.92,1.5039,220.51,0.5629,88.48,Danger,0.8290000000000001,0.5888194375188374,1.5039,1.01235,3.059499421219772,118.47850078393213,0.511972845510842,131.31,139.49
2026-04-01 10:23:20,0.3822,270.87,1.4955,169.97,0.4318,267.25,Danger,0.7698333333333333,0.628934911841705,1.4955,1.0885,3.674438146343621,240.85281978576586,0.6963701031012188,99.09,169.97
2026-04-01 10:23:25,0.2831,268.99,0.2647,302.2,0.2239,237.08,Safe,0.25723333333333337,0.030298074746315715,0.2831,0.011199999999999988,1.0441773405233117,269.39797436132915,0.89520541992043,49.16499999999999,57.80000000000001
2026-04-01 10:23:30,0.5409,85.73,1.608,179.11,0.485,123.72,Danger,0.8779666666666667,0.6328449283460629,1.608,1.09505,3.134802349542159,128.75332121276844,0.788408759896753,74.38500000000002,179.11
2026-04-01 10:23:35,0.3,81.81,0.8662,176.95,0.3181,81.93,Danger,0.49476666666666663,0.3217979852847642,0.8662,0.55715,2.802773652245099,109.39435569360812,0.7184713229853054,95.07999999999998,176.95
2026-04-01 10:23:40,0.3,103.46,0.9394,197.72,0.3,89.16,Danger,0.5131333333333333,0.3691577621198467,0.9394,0.6394,3.1313228955903485,125.06157590012309,0.679286492480292,101.40999999999997,162.28
2026-04-01 10:23:45,0.2703,271.21,0.276,290.54,0.2106,286.17,Safe,0.2523,0.036225543474184066,0.276,0.035550000000000026,1.1478430116738962,282.65631028819365,0.9895932757665125,11.850000000000023,69.45999999999998
2026-04-01 10:23:50,0.19,287.64,0.235,289.12,0.2437,272.77,Safe,0.2229,0.028822387132227612,0.2437,0.01815,1.0836934116052035,283.19076982313555,0.9917142264723631,8.91500000000002,70.88
2026-04-01 10:23:55,0.0912,113.94,0.0983,116.05,0.0568,72.22,Safe,0.0821,0.022196170840935604,0.0983,0.02429999999999999,1.3283604275617895,101.04362493837702,0.9389267672882268,22.97,116.05
2026-04-01 10:24:00,0.6875,140.93,0.7153,144.45,0.8398,190.53,Danger,0.7475333333333333,0.08110526082402628,0.8398,-0.04834999999999989,0.9366844278341809,158.20483881165387,0.9237467948557258,21.28,144.45
2026-04-01 10:24:05,0.1268,259.22,0.1159,280.88,0.1467,264.17,Safe,0.1298,0.015617618256315524,0.1467,-0.02084999999999998,0.8475257950581715,268.06719856282615,0.9869631513891002,19.185000000000002,79.12
2026-04-01 10:24:10,0.4134,260.15,1.5657,171.04,0.3964,296.74,Danger,0.7918333333333334,0.6702420930778172,1.5657,1.1608,3.8668711610986395,247.63039088446442,0.6209156532731548,107.405,171.04
2026-04-01 10:24:15,0.3,276.31,0.773,177.64,0.3,298.83,Danger,0.45766666666666667,0.273086677326693,0.773,0.47300000000000003,2.5766580778064077,257.4524567024978,0.6245220317980599,109.93,177.64
2026-04-01 10:24:20,0.3,128.11,0.8043,143.62,0.3,140.86,Danger,0.4681,0.2911577407523283,0.8043,0.5043,2.6809910633631224,137.53974956272447,0.9930610493322021,9.134999999999991,143.62
2026-04-01 10:24:25,0.5458,299.36,0.7633,243.98,0.7952,312.02,Danger,0.7014333333333332,0.1357228917070858,0.7952,0.0928,1.1384024781469377,286.00796835718756,0.8714965458964672,61.71000000000001,116.02000000000001
2026-04-01 10:24:30,0.3662,255.99,1.3936,184.29,0.3982,306.09,Danger,0.7193333333333333,0.584151224712688,1.3936,1.0114,3.6462489632418547,250.6650334665664,0.6546392207484949,96.74999999999997,175.71
2026-04-01 10:24:35,0.238,100.05,0.1693,96.25,0.1931,125.65,Safe,0.20013333333333336,0.03488586151055084,0.238,-0.046249999999999986,0.7854289704060756,107.24033133291293,0.9742059793399105,16.600000000000023,96.25
2026-04-01 10:24:40,0.3562,92.01,0.9824,184.51,0.3775,45.27,Danger,0.5720333333333333,0.3555474979989781,0.9824,0.61555,2.6779264606066224,101.3765950558667,0.5546249328176144,115.87,175.49
2026-04-01 10:24:45,0.3125,105.7,1.1307,174.94,0.441,87.61,Danger,0.6280666666666667,0.4400093900513185,1.1307,0.75395,3.0011864600226676,120.86067831569392,0.796046845587133,78.28499999999997,174.94
2026-04-01 10:24:50,0.1702,69.28,0.1408,103.92,0.184,88.81,Safe,0.165,0.02206445104687628,0.184,-0.03629999999999997,0.7950265667613398,87.3595906367693,0.969608565789591,24.875,103.92
2026-04-01 10:24:55,0.1038,92.92,0.177,111.92,0.16,117.29,Safe,0.14693333333333333,0.0383094418300937,0.177,0.04509999999999997,1.3419155275547567,107.41014147130271,0.9834214102547734,6.814999999999998,111.92
2026-04-01 10:25:00,0.3,270.64,0.7696,170.56,0.3,241.21,Danger,0.4565333333333333,0.27112368641144824,0.7696,0.46959999999999996,2.565324782250726,229.60784896416448,0.7494103585250348,85.36500000000001,170.56
2026-04-01 10:25:05,0.1178,264.16,0.0598,261.21,0.0851,258.09,Safe,0.08756666666666667,0.029078571720999872,0.1178,-0.04165,0.5894471222560645,261.1533598497912,0.9990646743861727,0.08499999999997954,98.79000000000002
2026-04-01 10:25:10,0.2303,294.99,0.1922,238.11,0.1964,303.87,Safe,0.2063,0.02089042843026442,0.2303,-0.021149999999999974,0.9008628972913182,279.90418889074726,0.874956236402369,61.31999999999999,121.88999999999999
2026-04-01 10:25:15,0.3,276.73,0.7438,196.94,0.3,275.33,Danger,0.44793333333333335,0.2562280494663559,0.7438,0.44380000000000003,2.4793250689164372,251.87144574626694,0.7997509179123539,79.08999999999997,163.06
2026-04-01 10:25:20,0.383,283.33,1.0646,179.42,0.3547,288.55,Danger,0.6007666666666667,0.4019405967718779,1.0646,0.69575,2.886260305651876,256.713619020847,0.6545129847120446,106.52000000000001,179.42
2026-04-01 10:25:25,1.2604,173.83,1.0552,195.68,1.1118,152.93,Danger,1.1424666666666665,0.10598157072497719,1.2604,-0.13090000000000002,0.889637560376393,174.13905744245096,0.9541358367728792,32.29999999999998,164.32
2026-04-01 10:25:30,0.0883,44.46,0.1165,92.45,0.1069,100.87,Safe,0.10389999999999999,0.014337363774418225,0.1165,0.018900000000000014,1.1936353111136158,79.80159435263012,0.908200632280892,19.784999999999997,92.45
2026-04-01 10:25:35,0.078,81.43,0.0436,82.99,0.01,137.62,Safe,0.043866666666666665,0.034000784304679406,0.078,-0.0003999999999999976,0.9908865707597555,99.98767636992793,0.8987552254383935,26.535000000000025,82.99
2026-04-01 10:25:40,0.8993,269.25,0.7817,258.92,0.8488,231.46,Danger,0.8432666666666666,0.05899494328612696,0.8993,-0.09235000000000004,0.8943414057074472,253.31415522703156,0.9616405234559683,8.565000000000026,101.07999999999998
2026-04-01 10:25:45,0.2225,99.6,0.1943,81.44,0.214,116.82,Safe,0.21026666666666669,0.014465937001567971,0.2225,-0.02395,0.8902593802548442,99.29176575399046,0.9684689987116623,26.769999999999982,81.44
2026-04-01 10:25:50,0.1956,144.4,0.2388,89.91,0.1872,58.58,Safe,0.20720000000000002,0.027686819969075543,0.2388,0.0474,1.2476423843135616,96.79554053654547,0.8175738899019238,11.579999999999984,89.91
2026-04-01 10:25:55,1.0795,222.9,0.9847,130.24,0.9569,95.26,Danger,1.0070333333333334,0.0642788715934974,1.0795,-0.033499999999999974,0.9670978519958241,143.73957431723758,0.6077727992967493,28.840000000000003,130.24
2026-04-01 10:26:00,0.3,134.74,0.801,158.85,0.3,80.41,Danger,0.467,0.28925248486400257,0.801,0.5010000000000001,2.669991100029667,125.54771707530185,0.8427828007170384,51.27499999999998,158.85
2026-04-01 10:26:05,0.3,249.38,0.5935,163.96,0.3,265.47,Danger,0.3978333333333333,0.1694523040071552,0.5935,0.29350000000000004,1.9783267389108707,229.9544378562046,0.7212858206070586,93.465,163.96
2026-04-01 10:26:10,0.0132,70.73,0.0521,95.57,0.1022,79.82,Safe,0.055833333333333325,0.044617298588477246,0.1022,-0.005600000000000001,0.9029306251191487,82.02254305233242,0.9840258642147897,20.294999999999987,95.57
2026-04-01 10:26:15,1.1661,330.96,1.0772,354.31,1.1775,286.26,Danger,1.1402666666666665,0.054913963008813474,1.1775,-0.09460000000000002,0.9192687154218165,324.29820383936635,0.8822569110967268,45.700000000000045,5.689999999999998
2026-04-01 10:26:20,0.0858,139.77,0.0743,88.7,0.1014,144.46,Safe,0.08716666666666667,0.013601593043953834,0.1014,-0.019299999999999998,0.7937949380882683,124.91719245011296,0.905254142745859,53.415000000000006,88.7
2026-04-01 10:26:25,0.2254,98.25,0.2548,115.92,0.2044,98.1,Safe,0.2282,0.025316397848035188,0.2548,0.03990000000000005,1.1856622351687522,104.06882070049691,0.9893701410490798,17.745000000000005,115.92
2026-04-01 10:26:30,0.6238,152.85,0.5748,181.68,0.6481,172.94,Danger,0.6155666666666666,0.03733715754223043,0.6481,-0.06115000000000004,0.9038432206254884,169.19655475778802,0.9779339420971835,18.785000000000025,178.32
2026-04-01 10:26:35,0.2717,225.16,0.2001,273.34,0.2705,274.05,Safe,0.2474333333333333,0.04099625999202041,0.2717,-0.07100000000000001,0.7381012980402138,257.9736386984908,0.9218607546595355,23.734999999999985,86.66000000000003
2026-04-01 10:26:40,0.0696,259.78,0.01,280.99,0.0879,244.58,Safe,0.055833333333333325,0.04073381069005616,0.0879,-0.06875,0.12698251450775228,261.7488502564093,0.9663295251226626,28.81000000000003,79.00999999999999
2026-04-01 10:26:45,0.9655,157.27,0.9804,177.19,1.1329,275.82,Danger,1.0262666666666667,0.09264719819472865,1.1329,-0.06879999999999986,0.9344253389007446,197.08878801401502,0.6345936108542858,39.35499999999999,177.19
2026-04-01 10:26:50,1.3518,174.68,1.1972,200.67,1.2911,201.37,Danger,1.2800333333333331,0.07789186949440437,1.3518,-0.12424999999999997,0.9059738121201619,192.30984543038952,0.9766434249962901,12.64500000000001,159.33
2026-04-01 10:26:55,0.2884,116.56,0.217,100.62,0.2623,68.54,Safe,0.25589999999999996,0.036127690211249314,0.2884,-0.058349999999999985,0.7880850260213329,95.40288037034426,0.940180637201955,8.069999999999993,100.62
2026-04-01 10:27:00,0.2729,101.83,0.2522,80.27,0.2044,94.15,Safe,0.24316666666666664,0.03513208410176277,0.2729,0.013550000000000006,1.056773279810267,92.09552512371404,0.9879117646037302,17.72,80.27
2026-04-01 10:27:05,0.8347,13.73,0.9309,197.8,0.808,283.29,Danger,0.8578666666666667,0.06464227203102725,0.9309,0.10954999999999993,1.1333765953897905,283.45407737725,0.3569860358383462,130.70999999999998,162.2
2026-04-01 10:27:10,0.8294,24.86,0.9706,20.18,0.7934,354.64,Danger,0.8644666666666666,0.09366009466861185,0.9706,0.1592,1.1962026174480929,13.3045652692432,0.9733161643721744,10.430000000000007,20.180000000000007
2026-04-01 10:27:15,1.0463,125.47,0.9677,148.45,0.9851,139.07,Danger,0.9997000000000001,0.04128389516506407,1.0463,-0.04800000000000004,0.9527410133494011,137.67282274725522,0.9864899956532532,16.17999999999998,148.45
2026-04-01 10:27:20,0.3448,74.77,0.9942,174.55,0.3952,99.16,Danger,0.5780666666666666,0.36126202863480317,0.9942,0.6242,2.6870197648114464,113.5440251186176,0.7443309422588785,87.58500000000004,174.55
2026-04-01 10:27:25,0.3159,279.5,1.3523,180.19,0.3141,263.85,Danger,0.6607666666666667,0.5988861104862371,1.3523,1.0373,4.29300224443732,244.59813706144712,0.7320564133934342,91.48500000000001,179.81
2026-04-01 10:27:30,0.3,282.6,0.4575,193.92,0.3,250.15,Danger,0.35250000000000004,0.09093266739736608,0.4575,0.15750000000000003,1.5249949166836112,243.14850394644208,0.8059165592288684,72.45500000000001,166.08
2026-04-01 10:27:35,0.116,235.83,0.0964,273.4,0.1592,289.11,Safe,0.12386666666666668,0.032130566962525475,0.1592,-0.0412,0.7005763039512795,266.38649620581316,0.9253417977675068,10.92999999999995,86.60000000000002
2026-04-01 10:27:40,0.2511,93.0,0.2641,90.44,0.3004,128.26,Safe,0.27186666666666665,0.02555119044845726,0.3004,-0.011649999999999994,0.9577481133341312,103.71217776397549,0.9551595360508602,20.189999999999998,90.44
2026-04-01 10:27:45,0.2581,263.16,0.2949,223.64,0.303,264.64,Safe,0.28533333333333327,0.02392996726561349,0.303,0.01435000000000003,1.0511457809809983,250.73514120709746,0.9458421861519969,40.25999999999999,136.36
2026-04-01 10:27:50,0.2266,249.0,0.2787,276.89,0.272,268.51,Safe,0.2591,0.028344488000314992,0.2787,0.02939999999999998,1.1179257203139978,264.8365493708776,0.9793142461860509,18.13499999999999,83.11000000000001
2026-04-01 10:27:55,0.3017,52.31,0.992,157.57,0.35,84.95,Danger,0.5478999999999999,0.3853593517744185,0.992,0.66615,3.044336215018521,95.92058810325436,0.7268782784392187,88.94,157.57
2026-04-01 10:28:00,0.7099,251.03,0.5074,223.05,0.7232,208.29,Danger,0.6468333333333333,0.12093578185687366,0.7232,-0.20915000000000006,0.7081142863522624,227.35182979691396,0.9527217006084959,6.609999999999985,136.95
2026-04-01 10:28:05,0.1727,297.94,0.2156,276.79,0.1677,275.64,Safe,0.18533333333333332,0.026330653872118977,0.2156,0.045400000000000024,1.2667375632340587,283.41788345000043,0.9840559288556922,9.999999999999943,83.20999999999998
2026-04-01 10:28:10,0.1739,116.57,0.23,57.85,0.1659,97.56,Safe,0.18993333333333337,0.03492854610964124,0.23,0.060100000000000015,1.353729524840937,90.97954333493549,0.9109178050474133,49.215,57.849999999999994
2026-04-01 10:28:15,0.2311,103.7,0.2421,93.24,0.2504,70.71,Safe,0.2412,0.009681425514871254,0.2504,0.00134999999999999,1.0056032996747677,89.27262641231118,0.9713480367513723,6.034999999999997,93.24
2026-04-01 10:28:20,0.42,101.94,1.2128,217.25,0.4109,111.5,Danger,0.6812333333333332,0.4603727221864186,1.2128,0.7973500000000001,2.9192371663565626,136.41239048838216,0.6301950534757985,110.53000000000003,142.75
2026-04-01 10:28:25,0.0143,248.11,0.0637,230.0,0.0666,297.08,Safe,0.0482,0.029394047016360305,0.0666,0.023250000000000007,1.5747447529109293,257.7654786300375,0.8814585234752327,42.59500000000003,130.0
2026-04-01 10:28:30,0.1536,99.78,0.2592,113.96,0.2363,107.52,Safe,0.21636666666666668,0.05555036753553781,0.2592,0.06424999999999997,1.3295648650173633,107.08777579617285,0.9948880667895925,10.310000000000002,113.96
2026-04-01 10:28:35,0.0562,229.41,0.0608,247.16,0.0533,310.3,Safe,0.05676666666666667,0.003781974792794544,0.0608,0.00605,1.110482000328761,260.88623003431337,0.8249630574474538,22.69500000000002,112.84
2026-04-01 10:28:40,0.1398,240.58,0.1085,288.99,0.1854,268.81,Safe,0.14456666666666668,0.03867096240505702,0.1854,-0.05410000000000002,0.6672775690186407,266.20997710414963,0.9408583656321603,34.295000000000016,71.00999999999999
2026-04-01 10:28:45,0.2966,263.94,0.2448,268.23,0.236,272.62,Safe,0.2591333333333333,0.0327440579851266,0.2966,-0.02149999999999999,0.9192605360100038,268.2633014121739,0.9980882791286341,0.049999999999954525,91.76999999999998
2026-04-01 10:28:50,0.3,99.62,0.5466,179.14,0.3,84.88,Danger,0.38220000000000004,0.1423745763821617,0.5466,0.24659999999999999,1.8219939266869112,118.35574979403677,0.756409664465557,86.88999999999999,179.14
2026-04-01 10:28:55,0.1988,307.13,0.1928,237.43,0.2481,262.92,Safe,0.2132333333333333,0.03034408234455827,0.2481,-0.030649999999999983,0.8628289871157435,268.7386766436875,0.8776717912249192,47.59499999999997,122.57
2026-04-01 10:29:00,0.1271,50.38,0.0853,89.46,0.1068,126.33,Safe,0.1064,0.020902870616257466,0.1271,-0.03165,0.7293652897367273,88.78386298436455,0.8588149433894267,1.1049999999999898,89.46
2026-04-01 10:29:05,0.1347,102.21,0.1164,91.81,0.125,84.71,Safe,0.12536666666666665,0.009155508360180399,0.1347,-0.01344999999999999,0.8964120414937121,92.90571587887635,0.9921492225855613,1.6499999999999773,91.81
2026-04-01 10:29:10,0.2598,91.74,0.2134,62.04,0.2436,114.05,Safe,0.23893333333333333,0.02354938074203508,0.2598,-0.03829999999999997,0.8478313554574676,89.36564893346383,0.9320585250182561,40.85499999999999,62.03999999999999
2026-04-01 10:29:15,0.3,118.05,0.8163,175.82,0.3,116.35,Danger,0.4721,0.2980859439826038,0.8163,0.5163,2.7209909300302337,135.91209931952454,0.8870511159230282,58.619999999999976,175.82
2026-04-01 10:29:20,0.3273,69.62,1.1769,195.13,0.3547,67.57,Danger,0.6196333333333334,0.48280150510673986,1.1769,0.8359000000000001,3.4513095269515346,98.37057699953198,0.5393253113035801,126.53499999999997,164.87
2026-04-01 10:29:25,0.2538,87.15,0.286,72.56,0.2353,76.58,Safe,0.2583666666666667,0.02565664306438651,0.286,0.04144999999999996,1.169490208586348,78.75754144911328,0.9942416787723203,9.305000000000007,72.56
2026-04-01 10:29:30,0.1995,295.52,0.2838,226.61,0.2551,246.12,Safe,0.24613333333333332,0.04285934359428913,0.2838,0.056499999999999995,1.248564678553988,255.4333689625622,0.8759999245613597,44.20999999999998,133.39
2026-04-01 10:29:35,0.0394,280.48,0.1011,312.38,0.1143,243.5,Safe,0.08493333333333332,0.03998153740582437,0.1143,0.024249999999999994,1.3155326540968886,278.8986460427503,0.882942010237434,50.389999999999986,47.620000000000005
2026-04-01 10:29:40,0.3,116.95,0.6178,195.24,0.3,60.66,Danger,0.4059333333333333,0.18348191554846308,0.6178,0.3178,2.0593264689117707,121.74065078372762,0.5880369140012087,106.435,164.76
2026-04-01 10:29:45,0.0652,92.93,0.0829,101.78,0.0954,93.37,Safe,0.08116666666666666,0.015174430247404131,0.0954,0.002600000000000005,1.032365723963587,96.02425910237986,0.9974759072136321,8.629999999999995,101.78
2026-04-01 10:29:50,0.0486,69.72,0.0271,109.9,0.0387,108.75,Safe,0.03813333333333333,0.010761195720426857,0.0486,-0.016549999999999995,0.6208334287874276,96.36616330800595,0.9475859634276802,20.66500000000002,109.9
2026-04-01 10:29:55,0.0981,268.88,0.1404,235.62,0.021,290.94,Safe,0.08650000000000001,0.06053932606166012,0.1404,0.08084999999999999,2.357643028664506,265.3000403857893,0.9227945495890693,44.29000000000002,124.38
2026-04-01 10:30:00,1.1429,108.24,1.2096,121.4,1.1771,169.21,Danger,1.1765333333333334,0.033353610499214814,1.2096,0.049599999999999866,1.0427577217605846,132.38018727810564,0.8982200760346197,17.32499999999999,121.4
2026-04-01 10:30:05,1.1063,173.1,1.2809,159.46,0.9359,218.9,Danger,1.1077000000000001,0.17250426081694328,1.2809,0.2597999999999998,1.2544302669373548,183.31804812119972,0.9039914069006194,36.53999999999999,159.46
2026-04-01 10:30:10,0.3685,73.5,1.2604,171.94,0.3461,79.55,Danger,0.6583333333333333,0.5215253045954082,1.2604,0.9031,3.5275579973187874,104.14283572886993,0.7158453262257252,95.41500000000002,171.94
2026-04-01 10:30:15,0.2543,53.23,0.2875,79.68,0.2422,71.49,Safe,0.26133333333333336,0.023454708127225384,0.2875,0.03924999999999995,1.158102082166839,68.16307414063262,0.9814693027920832,17.319999999999993,79.68
2026-04-01 10:30:20,0.3,108.67,0.7483,201.62,0.3,95.77,Danger,0.44943333333333335,0.2588261256777092,0.7483,0.4483,2.4943250189166037,130.6280486240992,0.6912431457682852,99.39999999999998,158.38
2026-04-01 10:30:25,0.1638,286.37,0.1259,255.24,0.1587,230.99,Safe,0.14946666666666666,0.020568017243607444,0.1638,-0.03534999999999999,0.7807703518117718,257.4386809486939,0.9232658933066189,3.4399999999999977,104.75999999999999
2026-04-01 10:30:30,0.265,82.83,0.2409,120.66,0.2016,114.25,Safe,0.23583333333333334,0.032002239504967986,0.265,0.007599999999999996,1.0325716563580953,106.06204025348667,0.958813075784411,22.120000000000005,120.66
2026-04-01 10:30:35,1.0357,26.48,0.8927,359.86,0.9352,12.56,Danger,0.9545333333333333,0.07343421091925299,1.0357,-0.09275,0.9058796429249145,12.962959905181508,0.9820799917568567,19.659999999999968,0.13999999999998636
2026-04-01 10:30:40,0.2031,82.88,0.161,103.63,0.1649,90.28,Safe,0.17633333333333331,0.023262487685828732,0.2031,-0.022999999999999993,0.874995244591062,92.25250253443393,0.9888022067177803,17.049999999999983,103.63
2026-04-01 10:30:45,0.8103,124.54,0.6311,68.49,0.7181,65.07,Danger,0.7198333333333333,0.0896125735225439,0.8103,-0.1331,0.8258298536641537,85.24810798658984,0.8900284296949904,26.314999999999998,68.49
2026-04-01 10:30:50,0.3808,283.47,1.1735,208.57,0.3222,319.76,Danger,0.6255000000000001,0.4754855307998341,1.1735,0.822,3.3385395774122975,273.2224292035471,0.7000117873662638,93.04500000000002,151.43
2026-04-01 10:30:55,0.3795,66.43,1.3531,161.69,0.3661,109.31,Danger,0.6995666666666667,0.5660161246230829,1.3531,0.9803,3.6295503499185893,112.03705355986285,0.7819529313098484,73.82,161.69
2026-04-01 10:31:00,1.1791,224.22,1.24,192.8,0.9496,155.21,Danger,1.1229000000000002,0.15314003395585363,1.24,0.17564999999999986,1.1650292055910128,190.87987690538617,0.8824171354083554,3.0850000000000364,167.2
2026-04-01 10:31:05,0.3172,84.02,1.3976,173.67,0.455,80.19,Danger,0.7232666666666666,0.5880402140443571,1.3976,1.0114999999999998,3.6197782445525912,108.99093265024753,0.7368363490738749,91.565,173.67
2026-04-01 10:31:10,0.2709,95.62,0.2161,69.31,0.239,126.4,Safe,0.242,0.02752289955655108,0.2709,-0.03885000000000002,0.8476138552113935,97.0443381493017,0.9187997787549615,41.69999999999999,69.31
2026-04-01 10:31:15,0.4409,70.16,1.5177,177.54,0.427,103.63,Danger,0.7952,0.6257419516062511,1.5177,1.08375,3.4973994759777027,114.60196244204971,0.7168781054648877,90.64499999999998,177.54
2026-04-01 10:31:20,0.1264,295.09,0.0882,302.23,0.0507,289.32,Safe,0.08843333333333335,0.03785053940610799,0.1264,-0.0003500000000000031,0.9960361825388758,295.5456987528414,0.9957577914121443,10.025000000000034,57.76999999999998
2026-04-01 10:31:25,1.1832,164.34,1.1267,124.7,1.2257,154.19,Danger,1.1785333333333332,0.04966470913368297,1.2257,-0.07774999999999999,0.9354469380655586,147.87267173232146,0.9574107959306406,34.565,124.7
2026-04-01 10:31:30,0.152,73.31,0.1281,107.23,0.1313,78.86,Safe,0.13713333333333333,0.012973948255382143,0.152,-0.013550000000000006,0.9043353029629159,86.35844596632583,0.9666697944145956,31.14500000000001,107.23
2026-04-01 10:31:35,0.0856,268.3,0.0713,275.68,0.0194,275.15,Safe,0.05876666666666666,0.034834226463829124,0.0856,0.018800000000000004,1.3580693701072362,273.04467269823186,0.9982801966905933,3.955000000000041,84.32
2026-04-01 10:31:40,0.3363,51.57,1.3141,182.71,0.3852,63.14,Danger,0.6785333333333333,0.5509596567202842,1.3141,0.95335,3.6426787451732636,87.38060671345964,0.5433011636709594,125.35500000000002,177.29
2026-04-01 10:31:45,0.9932,211.37,0.9599,227.24,0.9906,227.72,Danger,0.9812333333333334,0.018520889107527583,0.9932,-0.03200000000000003,0.9677377076946186,222.12579644296744,0.9912292625635386,7.695000000000022,132.76
2026-04-01 10:31:50,0.3,82.42,0.8428,181.81,0.3097,82.62,Danger,0.4841666666666667,0.31062344298737876,0.8428,0.53795,2.764629277909537,110.74550058210234,0.6955623208360124,99.28999999999996,178.19
2026-04-01 10:31:55,0.2294,107.66,0.2769,134.41,0.2375,90.18,Safe,0.24793333333333334,0.02541069328714455,0.2769,0.04344999999999999,1.1861161442872379,110.6706589679879,0.9502451469406853,35.49000000000001,134.41
2026-04-01 10:32:00,0.0726,74.7,0.0194,72.5,0.01,81.99,Safe,0.033999999999999996,0.03375736956577038,0.0726,-0.021899999999999996,0.46972228275344424,76.39478570177158,0.9974961891999048,5.844999999999999,72.5
2026-04-01 10:32:05,0.3084,91.51,0.604,178.01,0.3,110.09,Danger,0.4041333333333333,0.17314055946927437,0.604,0.29979999999999996,1.9855293046373943,124.75306188951356,0.8006704205190879,77.20999999999998,178.01
2026-04-01 10:32:10,0.1264,283.59,0.1109,279.95,0.1465,284.08,Safe,0.12793333333333334,0.01784946311050652,0.1465,-0.025550000000000017,0.8127459674168748,282.5402127069484,0.9994831208957233,3.884999999999991,80.05000000000001
2026-04-01 10:32:15,0.3,252.98,1.0086,151.65,0.3,286.31,Danger,0.5362,0.4091104007477688,1.0086,0.7085999999999999,3.361988793370689,238.24559400406883,0.5649310505322367,117.99499999999998,151.65
2026-04-01 10:32:20,0.3137,298.49,0.2904,269.55,0.2389,297.14,Safe,0.28099999999999997,0.038275710313461185,0.3137,0.014100000000000001,1.0510276835769687,288.47956817583355,0.9730974343465468,28.264999999999986,90.44999999999999
2026-04-01 10:32:25,0.2445,76.06,0.2737,127.01,0.2062,101.93,Safe,0.24146666666666664,0.03385208019211424,0.2737,0.048350000000000004,1.214549746839375,101.6757923482065,0.9351769316864248,38.014999999999986,127.01
2026-04-01 10:32:30,0.3,255.25,0.5111,210.27,0.3,270.88,Danger,0.3703666666666667,0.12187864182593,0.5111,0.2111,1.7036609877967075,245.946967873982,0.9019887760157996,52.79499999999999,149.73
2026-04-01 10:32:35,0.7597,202.47,0.8935,262.95,0.9576,238.96,Danger,0.8702666666666667,0.10097496389369659,0.9576,0.03484999999999994,1.0405857560289336,235.00041559897932,0.9080264850208253,42.235000000000014,97.05000000000001
2026-04-01 10:32:40,0.1527,281.5,0.1631,292.18,0.1544,287.09,Safe,0.1567333333333333,0.0055788290288673725,0.1631,0.009549999999999975,1.0621878073083209,286.9235750873277,0.9971045334731725,7.885000000000048,67.82
2026-04-01 10:32:45,0.1108,99.54,0.1352,86.99,0.1234,109.91,Safe,0.12313333333333333,0.012202185596577904,0.1352,0.01809999999999999,1.1545588850650292,98.81822263610053,0.9866691589331082,17.735000000000014,86.99
2026-04-01 10:32:50,0.4097,287.3,1.0624,223.06,0.321,305.66,Danger,0.5977,0.4048783644503618,1.0624,0.69705,2.90788857838079,273.49675048149356,0.8181950587662699,73.42000000000002,136.94
2026-04-01 10:32:55,0.1714,242.36,0.1663,242.94,0.1553,247.13,Safe,0.16433333333333333,0.008228203530135444,0.1714,0.002950000000000008,1.0180531493532332,244.14300777200532,0.9993122684643853,1.8050000000000068,117.06
2026-04-01 10:33:00,0.2811,256.9,0.2703,265.24,0.1591,275.38,Safe,0.23683333333333334,0.06753527473352969,0.2811,0.05019999999999997,1.2280725666852943,265.8373849420078,0.9913223084951047,0.8999999999999773,94.75999999999999
2026-04-01 10:33:05,0.2586,75.6,0.253,99.22,0.2177,91.72,Safe,0.2431,0.0221745349443906,0.2586,0.014850000000000002,1.0623511973495807,88.86693674733934,0.9852636512895234,15.560000000000002,99.22
2026-04-01 10:33:10,0.1497,275.03,0.1421,290.97,0.1589,268.38,Safe,0.15023333333333333,0.008412688828985262,0.1589,-0.012199999999999989,0.9209272785011116,278.1067824258705,0.9863624729948675,19.265000000000043,69.02999999999997
2026-04-01 10:33:15,0.0991,250.43,0.0777,251.11,0.1102,278.23,Safe,0.09566666666666668,0.016519786116452394,0.1102,-0.026949999999999988,0.7424678216166115,259.844054344833,0.9746297626054213,13.220000000000027,108.88999999999999
2026-04-01 10:33:20,0.2315,278.32,0.1113,265.88,0.1306,258.55,Safe,0.1578,0.06455145234617111,0.2315,-0.06974999999999999,0.6147439119364158,267.5748818050087,0.9898830352098754,2.555000000000007,94.12
2026-04-01 10:33:25,0.2451,84.5,0.2514,67.28,0.2121,69.31,Safe,0.23620000000000005,0.02110758157629623,0.2514,0.022799999999999987,1.099732722079081,73.68112337192325,0.9910274959134073,9.625,67.28
2026-04-01 10:33:30,0.1591,315.57,0.1872,268.52,0.2201,266.72,Safe,0.1888,0.030531459185567923,0.2201,-0.0023999999999999855,0.9873365646805661,283.1645108440732,0.9236279960430974,22.625000000000057,91.48000000000002
2026-04-01 10:33:35,0.0645,283.61,0.1408,281.37,0.2057,281.99,Safe,0.137,0.07067665809869621,0.2057,0.005700000000000011,1.042183255490337,282.3233125728575,0.9998641723204784,1.4300000000000068,78.63
2026-04-01 10:33:40,0.1003,250.99,0.1226,310.98,0.105,275.56,Safe,0.1093,0.011755424279880331,0.1226,0.01995000000000001,1.1943380970472768,278.9998800536225,0.9097656144600141,47.70500000000004,49.01999999999998
2026-04-01 10:33:45,0.3,96.32,1.0806,169.71,0.3494,77.56,Danger,0.5766666666666667,0.43711748230119246,1.0806,0.7559,3.3279848229602007,112.23562165335461,0.7739098227708917,82.76999999999998,169.71
2026-04-01 10:33:50,0.2698,262.35,0.2034,274.45,0.2013,295.58,Safe,0.22483333333333333,0.038956428652192086,0.2698,-0.032149999999999984,0.8635072659424075,277.4172401726449,0.9714851911897397,4.514999999999986,85.55000000000001
2026-04-01 10:33:55,0.1899,265.73,0.1697,244.77,0.2078,280.15,Safe,0.18913333333333335,0.019061566917054164,0.2078,-0.029150000000000037,0.8534027990807186,263.58535430230705,0.9681203590587483,28.169999999999987,115.22999999999999
2026-04-01 10:34:00,0.7004,30.67,0.6236,32.41,0.6807,36.28,Danger,0.6682333333333333,0.039888887341380325,0.7004,-0.06694999999999995,0.9030469871160856,33.11972075345953,0.9991628733628571,1.0649999999999977,32.41
2026-04-01 10:34:05,0.1365,48.26,0.1139,71.83,0.1654,102.08,Safe,0.1386,0.025814143410154047,0.1654,-0.03705,0.7545494895694629,73.97016733720035,0.9274495111461554,3.339999999999975,71.83
2026-04-01 10:34:10,0.1597,278.54,0.2058,262.1,0.213,276.18,Safe,0.19283333333333333,0.028919255407657597,0.213,0.019449999999999995,1.1043675644348567,272.2860545847847,0.991992993307422,15.259999999999991,97.89999999999998
2026-04-01 10:34:15,0.6452,152.7,0.6918,58.34,0.6865,40.64,Danger,0.6745,0.025512545933324637,0.6918,0.025949999999999918,1.0389711812402473,78.61000469619329,0.6668435121110082,38.329999999999984,58.34
2026-04-01 10:34:20,0.1932,102.1,0.1767,76.22,0.2223,99.35,Safe,0.19740000000000002,0.023088308729744583,0.2223,-0.031049999999999994,0.8505374222025406,92.61127733321376,0.9795888624237169,24.504999999999995,76.22
2026-04-01 10:34:25,0.523,94.59,1.6548,171.48,0.5678,71.53,Danger,0.9152,0.6409039553630481,1.6548,1.1094,3.0340978472720073,109.763583899515,0.741489157216804,88.41999999999996,171.48
2026-04-01 10:34:30,0.4348,86.8,1.5044,155.11,0.3207,98.02,Danger,0.7533,0.6529686899078699,1.5044,1.12665,3.982517584334654,112.35272607102527,0.8684331824119644,62.70000000000002,155.11
2026-04-01 10:34:35,0.1426,248.08,0.1142,269.24,0.1394,271.48,Safe,0.13206666666666667,0.015555492063362491,0.1426,-0.026800000000000018,0.8099233338770646,262.97450216821505,0.9831430928298334,9.45999999999998,90.75999999999999
2026-04-01 10:34:40,0.3,107.46,0.763,198.12,0.3,94.9,Danger,0.4543333333333333,0.26731317463479676,0.763,0.463,2.543324855583815,129.17717990990653,0.7048812664647516,96.94,161.88
2026-04-01 10:34:45,0.0855,254.5,0.0349,285.04,0.1321,298.1,Safe,0.08416666666666667,0.048613715485789945,0.1321,-0.07390000000000001,0.32076911057802776,279.3568655593614,0.9498047104174566,8.740000000000009,74.95999999999998
2026-04-01 10:34:50,1.0614,314.14,1.3041,75.38,1.09,351.07,Danger,1.1518333333333333,0.1326399009850857,1.3041,0.22840000000000016,1.2123257299193737,2.8009667119684223,0.6463387842076641,102.77500000000003,75.38
2026-04-01 10:34:55,0.4036,109.37,1.3214,181.81,0.4369,103.25,Danger,0.7206333333333332,0.5205455439568504,1.3214,0.9011499999999999,3.1443113758206405,129.61449434845443,0.8157269158284837,75.5,178.19
2026-04-01 10:35:00,0.1124,78.95,0.1259,89.11,0.154,100.92,Safe,0.13076666666666667,0.021222707964190932,0.154,-0.007299999999999973,0.9451880991884447,89.65660133346617,0.9877618415344088,0.8249999999999886,89.11
2026-04-01 10:35:05,0.1439,254.45,0.1569,247.75,0.1843,269.35,Safe,0.16169999999999998,0.020623287807718722,0.1843,-0.007199999999999984,0.9561184880043389,257.1672568050863,0.9876260217475558,14.149999999999977,112.25
2026-04-01 10:35:10,1.1076,227.31,0.9973,171.29,1.1828,220.4,Danger,1.0959,0.0933018220615225,1.1828,-0.14790000000000003,0.870851492445431,206.89823474428331,0.907530069548625,52.565,171.29
2026-04-01 10:35:15,0.3383,65.74,1.1599,153.59,0.3407,90.22,Danger,0.6129666666666667,0.4736596809243249,1.1599,0.8203999999999999,3.416484782077225,101.71383577791143,0.8021982227147428,75.61000000000001,153.59
2026-04-01 10:35:20,1.3496,58.29,1.3701,53.29,1.2898,89.15,Danger,1.3365,0.04172205651690721,1.3701,0.0504,1.038189711154269,66.77352419777516,0.9620659162274825,20.430000000000007,53.28999999999999
2026-04-01 10:35:25,0.568,145.97,0.4726,201.71,0.604,213.21,Danger,0.5482,0.06790081000989602,0.604,-0.11339999999999995,0.8064832653869192,187.85616865136097,0.8730210384443814,22.119999999999976,158.29
2026-04-01 10:35:30,0.2251,47.13,0.2372,68.17,0.252,82.26,Safe,0.23809999999999998,0.013472564715005087,0.252,-0.00134999999999999,0.9943366408021765,65.89034306157859,0.9685146776355062,3.4749999999999943,68.17
2026-04-01 10:35:35,0.3,102.74,0.739,181.58,0.3298,101.71,Danger,0.4562666666666666,0.2453071815771673,0.739,0.42410000000000003,2.3467693020981204,126.44623352011536,0.7985083419561776,79.35500000000002,178.42
2026-04-01 10:35:40,0.2037,84.65,0.1445,61.98,0.1894,91.21,Safe,0.1792,0.030889966008398266,0.2037,-0.05205000000000001,0.7351781471475596,79.33729344741752,0.9762580832051302,25.950000000000017,61.97999999999999
2026-04-01 10:35:45,0.3,98.87,1.1063,180.07,0.3,80.09,Danger,0.5687666666666668,0.4655175220475953,1.1063,0.8063,3.687654374485419,116.4753053018903,0.7343089156682349,90.58999999999997,179.93
2026-04-01 10:35:50,0.5402,71.79,1.5638,155.31,0.5002,89.49,Danger,0.8680666666666667,0.6028545872209429,1.5638,1.0436,3.006145701373123,103.92874975418778,0.8131041323248893,74.67000000000002,155.31
2026-04-01 10:35:55,1.1869,121.23,1.1046,117.4,1.1723,99.32,Danger,1.1546,0.04391229896054178,1.1869,-0.07499999999999996,0.9364183312832052,112.677871732592,0.9861442188816631,7.125,117.4
2026-04-01 10:36:00,0.1753,252.05,0.097,282.08,0.1531,230.2,Safe,0.1418,0.04035455364639783,0.1753,-0.06720000000000001,0.5907393986638327,254.678733208518,0.932289345785013,40.95500000000004,77.92000000000002
2026-04-01 10:36:05,0.4444,74.56,1.4812,171.66,0.4614,77.02,Danger,0.7956666666666666,0.5937501270175304,1.4812,1.0283000000000002,3.2704719132878934,103.4584767743017,0.7140778304595096,95.87,171.66
2026-04-01 10:36:10,0.8331,104.62,0.934,192.23,0.7437,175.41,Danger,0.8369333333333334,0.09520789533086706,0.934,0.14560000000000006,1.1846763258798505,159.42432667167083,0.7927380522723063,52.214999999999975,167.77
2026-04-01 10:36:15,0.0769,67.01,0.01,105.23,0.0677,81.04,Safe,0.05153333333333333,0.0362618716192826,0.0769,-0.0623,0.13831067343466893,84.36254696162001,0.9624045754328495,31.204999999999984,105.23
2026-04-01 10:36:20,0.24,71.13,0.2046,125.33,0.2016,99.61,Safe,0.2154,0.021356966076669218,0.24,-0.016199999999999992,0.9266262381058057,98.72631826611416,0.926746625421413,39.96000000000001,125.33
2026-04-01 10:36:25,0.5159,102.85,1.4568,180.7,0.554,71.52,Danger,0.8422333333333333,0.5325711626940886,1.4568,0.9218500000000001,2.723240072455234,115.3476126487714,0.7049226082185656,93.51499999999999,179.3
2026-04-01 10:36:30,0.2367,291.81,0.2569,225.03,0.2859,247.5,Safe,0.25983333333333336,0.024730817482107887,0.2859,-0.0043999999999999595,0.9831573549278421,254.33383920444902,0.8861794813341224,44.62500000000003,134.97
2026-04-01 10:36:35,0.3,95.68,0.5483,176.87,0.3,83.38,Danger,0.3827666666666667,0.1433560718397841,0.5483,0.24830000000000002,1.827660574464752,115.67621102065718,0.7556203566987106,87.34000000000003,176.87
2026-04-01 10:36:40,0.2763,92.58,0.2341,102.87,0.3412,121.29,Safe,0.28386666666666666,0.05394945164997818,0.3412,-0.07464999999999997,0.7582161677209144,105.55144125706678,0.9786321902299875,4.064999999999998,102.87
2026-04-01 10:36:45,0.125,112.13,0.152,99.02,0.1615,94.19,Safe,0.14616666666666667,0.018936296716447316,0.1615,0.008750000000000008,1.0610746172801586,101.76891966486295,0.9912690967719588,4.139999999999986,99.02
2026-04-01 10:36:50,0.4452,57.41,1.1368,170.36,0.3074,106.42,Danger,0.6298,0.4444479272085764,1.1368,0.7605000000000001,3.0209858597239982,110.33827255819273,0.7000494793175432,88.445,170.36
2026-04-01 10:36:55,0.1326,268.46,0.1091,229.85,0.0902,248.78,Safe,0.11063333333333332,0.02124154733849051,0.1326,-0.0022999999999999965,0.9793448891841187,249.0251320448275,0.9625100698191366,28.77000000000001,130.15
2026-04-01 10:37:00,0.1835,66.79,0.1102,76.64,0.0927,74.37,Safe,0.1288,0.0481729177027923,0.1835,-0.027899999999999994,0.7979667055271142,72.60211356179576,0.9973003453360222,6.060000000000002,76.64
2026-04-01 10:37:05,0.0504,117.09,0.0941,69.86,0.1252,90.96,Safe,0.08990000000000002,0.037576455394302426,0.1252,0.0063,1.0717417797063815,92.58715096313169,0.9439641785776892,34.16499999999999,69.86
2026-04-01 10:37:10,0.9855,115.79,0.7989,77.83,0.8686,78.18,Danger,0.8843333333333335,0.09428967776662159,0.9855,-0.12815,0.8617648867214425,90.38955634114703,0.9522610353423213,19.155,77.83
2026-04-01 10:37:15,0.1085,127.52,0.1358,124.55,0.1415,60.15,Safe,0.12860000000000002,0.017638877515306916,0.1415,0.010800000000000004,1.0863913088695292,105.27550358213202,0.858360350565941,30.714999999999975,124.55
2026-04-01 10:37:20,0.5078,283.22,1.3168,170.04,0.4985,299.39,Danger,0.7743666666666668,0.4697840603227544,1.3168,0.81365,2.6171069917380665,260.9768252295828,0.5642620849398484,121.26500000000001,170.04
2026-04-01 10:37:25,0.197,99.04,0.2158,55.82,0.2277,97.83,Safe,0.21350000000000002,0.015478695035434998,0.2277,0.003449999999999981,1.016241976727211,84.53451581121512,0.9394483810477997,42.61500000000001,55.81999999999999
2026-04-01 10:37:30,0.3,268.11,0.6988,189.93,0.3,274.56,Danger,0.43293333333333334,0.23024728735282274,0.6988,0.3988,2.3293255689147707,246.59997248620135,0.7876963627848762,81.40500000000003,170.07
2026-04-01 10:37:35,0.3,256.67,0.9757,199.35,0.3,266.78,Danger,0.5252333333333333,0.39011557689143017,0.9757,0.6757,3.25232249225836,241.88738840407785,0.8702784970430586,62.37500000000003,160.65
2026-04-01 10:37:40,0.3,72.56,0.6472,199.27,0.3,86.88,Danger,0.41573333333333334,0.20045601346263806,0.6472,0.3472,2.157326142246193,109.97777641775386,0.5754718590490278,119.55000000000001,160.73
2026-04-01 10:37:45,0.4761,269.25,1.5244,190.65,0.3374,268.66,Danger,0.7793000000000001,0.6489914714385698,1.5244,1.11765,3.7477473933684244,244.98656641961907,0.8035124683919035,78.30499999999998,169.35
2026-04-01 10:37:50,0.182,276.15,0.1713,273.51,0.2007,293.02,Safe,0.18466666666666667,0.014880300176183714,0.2007,-0.020049999999999985,0.8952135081603965,280.87158629307464,0.9886565000222551,11.074999999999989,86.49000000000001
2026-04-01 10:37:55,0.1999,222.57,0.1638,284.27,0.1368,270.94,Safe,0.16683333333333336,0.03165917455230526,0.1999,-0.0045499999999999985,0.972967193542064,259.85132813287294,0.8958502060373336,37.514999999999986,75.73000000000002
2026-04-01 10:38:00,1.1043,278.39,0.9949,272.04,0.9145,297.95,Danger,1.0045666666666666,0.0952685327552248,1.1043,-0.014500000000000068,0.98563405425594,282.75638455032646,0.9815676528757135,16.12999999999994,87.95999999999998
2026-04-01 10:38:05,0.319,109.82,0.294,96.21,0.2876,67.45,Safe,0.3002,0.016592769509638828,0.319,-0.00930000000000003,0.9693340938539603,91.27761365605511,0.9530501960664464,7.574999999999989,96.21
2026-04-01 10:38:10,0.1013,234.22,0.0398,288.72,0.0775,273.7,Safe,0.07286666666666668,0.031010697079126313,0.1013,-0.049600000000000005,0.44518517689958725,265.8663767782751,0.9211568750245208,34.76000000000005,71.27999999999997
2026-04-01 10:38:15,1.1278,173.96,0.9507,245.92,0.9116,206.01,Danger,0.9967,0.11520681403458735,1.1278,-0.06899999999999984,0.9323321248091354,208.43928065395585,0.872330136190201,55.935,114.08000000000001
2026-04-01 10:38:20,0.2549,268.97,0.3049,320.15,0.2118,304.79,Safe,0.25720000000000004,0.04659259597833116,0.3049,0.07155,1.3066153562658827,298.20501363276685,0.9311899145961,33.26999999999998,39.85000000000002
2026-04-01 10:38:25,0.1283,308.53,0.1486,248.83,0.1507,259.48,Safe,0.14253333333333335,0.012371068399024129,0.1507,0.009099999999999997,1.0652253388864596,271.6816435842146,0.8997162814263103,35.17499999999998,111.16999999999999
2026-04-01 10:38:30,0.1249,259.16,0.1176,285.6,0.145,248.05,Safe,0.12916666666666665,0.014189550145558994,0.145,-0.01734999999999999,0.8714274069847575,264.1776311438168,0.9625754769140132,31.995000000000005,74.39999999999998
2026-04-01 10:38:35,0.1127,56.66,0.1349,83.88,0.0777,104.69,Safe,0.10843333333333333,0.028837706797409064,0.1349,0.039699999999999985,1.4170019222487156,81.80864782237025,0.9419556313053925,3.204999999999984,83.88
2026-04-01 10:38:40,0.1885,290.15,0.1771,277.68,0.2317,288.03,Safe,0.19910000000000003,0.02880208325798673,0.2317,-0.033,0.8429279251407656,285.29183660152216,0.9954846247578338,11.409999999999968,82.32
2026-04-01 10:38:45,0.1724,299.61,0.1613,285.35,0.0544,247.0,Safe,0.12936666666666666,0.06515982913830677,0.1724,0.0479,1.4223860459784305,277.61191651688046,0.9262421479169499,12.045000000000016,74.64999999999998
2026-04-01 10:38:50,0.0513,269.79,0.0444,277.54,0.039,262.94,Safe,0.0449,0.006165225056719339,0.0513,-0.0007499999999999937,0.9833669243206131,270.0891853803465,0.9945894597985389,11.175000000000011,82.45999999999998
2026-04-01 10:38:55,0.0832,117.16,0.0259,74.51,0.0227,85.53,Safe,0.04393333333333333,0.03404355053946831,0.0832,-0.027049999999999998,0.48913146116220657,92.23952794093985,0.9508498069223641,26.83499999999998,74.51
2026-04-01 10:39:00,0.3,283.5,0.8822,156.4,0.3464,271.26,Danger,0.5095333333333333,0.323571589193695,0.8822,0.5589999999999999,2.7295707624667007,247.1934050050159,0.5683617121337525,120.97999999999999,156.4
2026-04-01 10:39:05,0.0865,278.55,0.1217,233.33,0.1235,269.44,Safe,0.11056666666666666,0.020861767262946192,0.1235,0.016700000000000007,1.1590365806039944,260.67451744043217,0.9427689366349933,40.66499999999999,126.66999999999999
2026-04-01 10:39:10,0.3,108.73,0.9629,194.93,0.3231,66.42,Danger,0.5286666666666666,0.37623442603426566,0.9629,0.65135,3.0906657337001007,118.92223692682704,0.6115801579560416,107.35500000000002,165.07
2026-04-01 10:39:15,0.125,91.07,0.15,75.59,0.1642,74.75,Safe,0.1464,0.019846410254753886,0.1642,0.005399999999999988,1.0373372245005221,80.4548809001195,0.9914437815101652,7.319999999999993,75.59
2026-04-01 10:39:20,0.245,131.8,0.2592,109.06,0.1965,76.18,Safe,0.23356666666666667,0.032876486024715795,0.2592,0.038449999999999984,1.1741736164275585,105.82056225331749,0.9221661477816345,5.069999999999993,109.06
2026-04-01 10:39:25,0.4156,266.65,1.5299,182.88,0.3989,312.64,Danger,0.7814666666666666,0.6482160622302824,1.5299,1.1226500000000001,3.756651303495879,257.98317605686157,0.6080443340942302,106.76499999999999,177.12
2026-04-01 10:39:30,0.2399,246.82,0.2663,275.22,0.23,290.46,Safe,0.24539999999999998,0.018764594320155165,0.2663,0.03134999999999999,1.1334278211201485,270.9423591212627,0.9508092493991331,6.580000000000041,84.77999999999997
2026-04-01 10:39:35,0.0157,256.26,0.066,263.69,0.0462,285.18,Safe,0.04263333333333333,0.025338968671462014,0.066,0.035050000000000005,2.13240283028012,268.32737626272564,0.9772274710590597,7.03000000000003,96.31
2026-04-01 10:39:40,0.1334,266.73,0.1735,261.12,0.1181,238.71,Safe,0.14166666666666664,0.02861019631763007,0.1735,0.04774999999999999,1.3797106981256608,255.57448632581807,0.9778063346284684,8.400000000000006,98.88
2026-04-01 10:39:45,0.1863,104.58,0.2353,123.85,0.2482,95.29,Safe,0.22326666666666664,0.03265736262059957,0.2482,0.01805000000000001,1.083079019198991,107.8721360050739,0.9785675173548032,23.914999999999992,123.85
2026-04-01 10:39:50,0.2383,274.23,0.2708,287.44,0.2189,276.48,Safe,0.24266666666666667,0.02622409833213208,0.2708,0.04219999999999996,1.1845967427964006,279.3771900761754,0.9949347520280503,12.08499999999998,72.56
2026-04-01 10:39:55,0.32,51.37,0.9124,177.45,0.3,97.23,Danger,0.5108,0.3479395349769842,0.9124,0.6024,2.9432163122054447,105.39667258503638,0.6284664245368267,103.14999999999998,177.45
2026-04-01 10:40:00,0.3,309.37,0.7524,177.23,0.3,305.3,Danger,0.45080000000000003,0.2611932617813867,0.7524,0.45239999999999997,2.507991640027867,277.88312924042594,0.5185256615141783,130.10500000000005,177.23
2026-04-01 10:40:05,0.1835,250.81,0.1643,287.0,0.1401,287.51,Safe,0.16263333333333332,0.021747950094970634,0.1835,0.0025000000000000022,1.0154448983628037,275.29496847720264,0.9555451508603469,17.840000000000032,73.0
2026-04-01 10:40:10,0.2386,256.27,0.2209,290.07,0.2727,263.93,Safe,0.24406666666666665,0.026329134686376095,0.2727,-0.034749999999999975,0.8640685935122493,270.0015324551141,0.968364163473557,29.96999999999997,69.93
2026-04-01 10:40:15,0.1221,257.38,0.1937,282.38,0.2024,277.11,Safe,0.17273333333333332,0.04406498988236958,0.2024,0.031450000000000006,1.1938293138409009,272.3273075270823,0.9824430576605685,15.134999999999991,77.62
2026-04-01 10:40:20,0.4252,85.32,1.2639,158.81,0.3036,96.06,Danger,0.6642333333333333,0.5228735251792095,1.2639,0.8995,3.468431755126907,112.12297077130762,0.8465012356038352,68.12,158.81
2026-04-01 10:40:25,0.8151,315.52,0.7099,286.38,0.8252,265.84,Danger,0.7834,0.0638528777738326,0.8252,-0.11025000000000007,0.8655723153419308,289.15271981358285,0.9377177869327729,4.2999999999999545,73.62
2026-04-01 10:40:30,0.1631,98.43,0.1711,82.64,0.1762,80.81,Safe,0.17013333333333333,0.006603282012252191,0.1762,0.0014500000000000068,1.0085410637131522,87.27615286451623,0.9904926428784206,6.980000000000018,82.64
2026-04-01 10:40:35,0.1871,120.16,0.2367,79.11,0.2588,60.3,Safe,0.22753333333333328,0.03671843315466134,0.2588,0.013750000000000012,1.0616682589447906,86.16597466090917,0.9071131716320195,11.120000000000005,79.11
2026-04-01 10:40:40,0.1461,285.06,0.0998,261.13,0.1507,264.59,Safe,0.1322,0.02815333017602003,0.1507,-0.048600000000000004,0.6725022068584443,270.22060128705346,0.9830874610554502,13.694999999999993,98.87
2026-04-01 10:40:45,0.3,80.55,0.6715,175.0,0.3,78.15,Danger,0.42383333333333334,0.21448562500394597,0.6715,0.3715,2.238325872247093,106.97994679802862,0.7152720212373597,95.64999999999998,175.0
2026-04-01 10:40:50,0.0864,236.56,0.0986,269.71,0.1021,258.76,Safe,0.09570000000000001,0.008241965784932616,0.1021,0.004349999999999993,1.0461427464960582,255.0627804921947,0.9712427023102297,22.05000000000001,90.29000000000002
2026-04-01 10:40:55,0.4655,93.85,1.2803,187.63,0.4054,94.18,Danger,0.7170666666666667,0.48869913375545626,1.2803,0.84485,2.940170076541333,121.27483355832739,0.726311891408562,93.61500000000001,172.37
2026-04-01 10:41:00,0.1408,299.18,0.1604,252.71,0.1614,267.18,Safe,0.1542,0.01161550687658527,0.1614,0.009299999999999975,1.0615416178582535,272.85863583449395,0.9434052963047423,30.47,107.28999999999999
2026-04-01 10:41:05,0.3057,96.99,1.1699,180.63,0.3485,76.06,Danger,0.6080333333333333,0.4870611597462205,1.1699,0.8428,3.5765711508066316,114.2832667444613,0.7138674091836535,94.10500000000002,179.37
2026-04-01 10:41:10,0.1425,297.77,0.1758,258.99,0.1428,256.57,Safe,0.15370000000000003,0.019139749214657966,0.1758,0.03315000000000001,1.2323783219185285,270.86138539259565,0.946464732477125,18.180000000000007,101.00999999999999
2026-04-01 10:41:15,0.3689,283.93,1.3513,166.86,0.4238,297.73,Danger,0.7146666666666667,0.5520235532414657,1.3513,0.95495,3.4093518119040955,260.66185307585135,0.5500930404941551,123.96999999999997,166.86
2026-04-01 10:41:20,0.3585,98.8,1.1066,188.59,0.3201,67.38,Danger,0.5950666666666667,0.4434167377685842,1.1066,0.7673000000000001,3.2614109595904526,113.25441616320188,0.6392456963087699,105.5,171.41
2026-04-01 10:41:25,0.1547,59.7,0.1665,51.29,0.1476,79.02,Safe,0.1562666666666667,0.009546901766192703,0.1665,0.015350000000000003,1.1015474591633532,63.301238943337495,0.9795784193062529,18.069999999999993,51.28999999999999
2026-04-01 10:41:30,0.1021,104.57,0.1281,88.1,0.1412,88.49,Safe,0.12379999999999998,0.019901507480590507,0.1412,0.006449999999999997,1.0530123056941578,93.7036994920286,0.991051186495853,8.430000000000007,88.1
2026-04-01 10:41:35,0.0738,306.11,0.0439,285.45,0.0241,252.4,Safe,0.04726666666666667,0.025020458295829304,0.0738,-0.005049999999999999,0.8968151825294682,281.4791882169752,0.9268534637924187,6.194999999999993,74.55000000000001
2026-04-01 10:41:40,0.153,70.62,0.1522,100.34,0.2002,143.31,Safe,0.16846666666666668,0.027484783669029178,0.2002,-0.024399999999999977,0.8618297744633384,104.42840349024715,0.8689343045644201,6.625,100.34
2026-04-01 10:41:45,0.3172,245.9,0.8917,166.77,0.3437,235.49,Danger,0.5175333333333333,0.3243086235876767,0.8917,0.56125,2.698433353205165,217.73961254905987,0.8212520523593149,73.92499999999998,166.77
2026-04-01 10:41:50,0.4759,248.9,1.3151,196.16,0.4374,280.34,Danger,0.7427999999999999,0.4960000302419345,1.3151,0.8584499999999999,2.879879820694579,242.5342349971989,0.8246242690853127,68.45999999999995,163.84
2026-04-01 10:41:55,0.0808,81.45,0.0825,77.52,0.0671,128.28,Safe,0.0768,0.008443340571124674,0.0825,0.008550000000000002,1.115603575340428,95.29175376712102,0.9206741511035592,27.345000000000027,77.52
2026-04-01 10:42:00,0.1278,92.3,0.082,68.32,0.1323,97.15,Safe,0.11403333333333332,0.027832774445486624,0.1323,-0.048049999999999995,0.630521872188603,85.98849413910142,0.9759509495055354,26.40500000000003,68.32
2026-04-01 10:42:05,0.1911,270.48,0.1957,279.8,0.1769,280.95,Safe,0.18790000000000004,0.009800000000000003,0.1957,0.011700000000000016,1.06358117618926,277.08020831339616,0.9966552970899419,4.085000000000036,80.19999999999999
2026-04-01 10:42:10,0.0972,282.5,0.01,256.45,0.0576,263.29,Safe,0.054933333333333334,0.043661119240501985,0.0972,-0.0674,0.12919729719254275,267.37822121199395,0.9815648182010799,16.444999999999993,103.55000000000001
2026-04-01 10:42:15,0.9453,90.79,0.9283,101.85,0.8792,114.07,Danger,0.9176000000000001,0.034324481059442136,0.9453,0.01605000000000001,1.0175927458561296,102.23397989129677,0.9862784479284831,0.5800000000000125,101.85
2026-04-01 10:42:20,0.4131,118.71,1.4215,201.99,0.5336,69.69,Danger,0.7894,0.550720319218385,1.4215,0.94815,3.003056928156907,126.36231023947595,0.5962476077970992,107.79000000000002,158.01
2026-04-01 10:42:25,0.1599,282.59,0.1366,238.88,0.1273,233.56,Safe,0.14126666666666665,0.016793550349266027,0.1599,-0.007000000000000006,0.9512468576124121,251.2916774396665,0.9278652585778011,19.194999999999993,121.12
2026-04-01 10:42:30,0.307,298.39,1.203,157.7,0.3,253.74,Danger,0.6033333333333334,0.5193383611224318,1.203,0.8995000000000001,3.9637431178150986,243.4475871765771,0.5441528857250487,118.36500000000001,157.7
2026-04-01 10:42:35,0.948,204.66,0.9687,183.76,1.0412,223.36,Danger,0.9859666666666667,0.04894040593756176,1.0412,-0.025899999999999923,0.9739584014092083,203.94170628750086,0.9605470657498427,30.25,176.24
2026-04-01 10:42:40,0.6471,193.69,0.55,267.17,0.7135,276.95,Danger,0.6368666666666667,0.08222896894241914,0.7135,-0.13029999999999997,0.8084656644632302,248.0055543927999,0.8009967878860872,31.85000000000005,92.82999999999998
2026-04-01 10:42:45,0.3705,93.88,1.2535,161.58,0.4218,91.29,Danger,0.6819333333333334,0.49565538767709705,1.2535,0.8573500000000001,3.164197490350902,114.18447944304381,0.8453394061737267,68.995,161.58
2026-04-01 10:42:50,0.2208,278.31,0.2203,273.48,0.2675,257.64,Safe,0.2362,0.027107747969907062,0.2675,-0.02385000000000001,0.9023104554148866,269.82944736558363,0.9881639047819243,5.505000000000052,86.51999999999998
2026-04-01 10:42:55,0.222,247.39,0.1713,296.86,0.1774,255.31,Safe,0.19023333333333334,0.027679294306996578,0.222,-0.02839999999999998,0.8577823846650744,266.1709809104432,0.9295978489194986,45.51000000000005,63.139999999999986
2026-04-01 10:43:00,0.3,284.08,0.5276,194.12,0.3,228.32,Danger,0.3758666666666666,0.13140492126755882,0.5276,0.22759999999999997,1.758660804463985,234.63834966232048,0.8014485992966578,62.079999999999984,165.88
2026-04-01 10:43:05,0.4133,100.15,1.1184,196.85,0.3225,98.46,Danger,0.6180666666666667,0.43567332180583807,1.1184,0.7505000000000001,3.039948246946869,127.25369370966408,0.7050585349676045,97.54499999999996,163.15
2026-04-01 10:43:10,1.0741,150.7,1.0734,207.9,1.0809,214.26,Danger,1.0761333333333332,0.0041428653530296315,1.0809,-0.004100000000000215,0.9961939710496788,191.84294772938307,0.8794965861611308,25.420000000000044,152.1
2026-04-01 10:43:15,0.4095,54.93,1.325,204.54,0.3944,106.46,Danger,0.7096333333333332,0.5329766442662692,1.325,0.9230499999999999,3.296421703142921,114.41906210166646,0.4986531110272497,123.84500000000003,155.46
2026-04-01 10:43:20,0.1166,72.12,0.108,106.59,0.11,77.37,Safe,0.11153333333333333,0.0045003703551300435,0.1166,-0.005299999999999999,0.9532131225673207,85.242907928879,0.965283988353325,31.845,106.59
2026-04-01 10:43:25,0.3,256.25,0.8531,157.3,0.3,275.05,Danger,0.48436666666666667,0.31933243388878196,0.8531,0.5530999999999999,2.843657187809374,235.86508416551055,0.6369130857997167,108.34999999999997,157.3
2026-04-01 10:43:30,0.2925,252.05,0.2877,271.79,0.2653,271.34,Safe,0.2818333333333333,0.014518034761403953,0.2925,0.00880000000000003,1.0315488291544312,265.0881885894752,0.9871465903761883,10.095000000000084,88.20999999999998
2026-04-01 10:43:35,0.9157,333.7,0.8586,256.73,1.1142,20.57,Danger,0.9628333333333333,0.13416036424120703,1.1142,-0.15635,0.8459521691194946,326.40341988933795,0.6415677981052231,100.40499999999997,103.26999999999998
2026-04-01 10:43:40,0.4223,321.41,0.4745,311.95,0.5303,315.87,Danger,0.4757,0.054009999074245495,0.5303,-0.0018000000000000238,0.996218777621714,316.409387579321,0.9977073836465334,6.689999999999998,48.05000000000001
2026-04-01 10:43:45,0.1968,265.81,0.2209,258.07,0.2402,291.49,Safe,0.21930000000000002,0.021744194627532194,0.2402,0.0024000000000000132,1.0109793547855617,271.7059862574692,0.9691661270963878,20.579999999999984,101.93
2026-04-01 10:43:50,0.9384,132.25,0.9553,86.05,0.9518,99.98,Danger,0.9485,0.008920201791439477,0.9553,0.010199999999999987,1.0107914392218398,105.92336758926142,0.9437837844266396,30.064999999999998,86.05
2026-04-01 10:43:55,0.3,99.13,0.7827,159.12,0.3,80.92,Danger,0.46090000000000003,0.27868697493783234,0.7827,0.48269999999999996,2.6089913033623224,111.85871893648887,0.8372660162034876,69.09500000000003,159.12
2026-04-01 10:44:00,0.3,92.9,0.6103,186.77,0.3,95.33,Danger,0.4034333333333333,0.17915178852954086,0.6103,0.31029999999999996,2.034326552244826,121.2012615573155,0.7312816415276235,92.65500000000003,173.23
2026-04-01 10:44:05,1.0408,274.05,1.1519,349.63,1.11,261.71,Danger,1.1009,0.05610623851230806,1.1519,0.07649999999999979,1.0711353253344564,292.78117036921384,0.7834708332454889,81.75,10.370000000000005
2026-04-01 10:44:10,0.0504,260.74,0.0177,250.39,0.1129,331.24,Safe,0.06033333333333333,0.048371100187336376,0.1129,-0.06395,0.21677627953117537,278.96261687513095,0.8132998867722192,45.60000000000002,109.61000000000001
2026-04-01 10:44:15,0.9312,357.5,0.8839,90.16,0.7535,56.48,Danger,0.8562,0.09203146201164039,0.9312,0.04155000000000009,1.0493250438356458,49.13885193859816,0.7889621758913293,63.170000000000016,90.16
2026-04-01 10:44:20,0.3,229.16,0.8051,196.78,0.3,314.42,Danger,0.46836666666666665,0.29161962096768,0.8051,0.5051000000000001,2.68365772114093,242.61446108705735,0.66051067392755,75.01000000000002,163.22
2026-04-01 10:44:25,1.2309,189.09,0.9846,166.91,1.3594,258.18,Danger,1.1916333333333333,0.1904603983334418,1.3594,-0.31055,0.7602202368681336,202.79267094599453,0.7832609323363746,56.72500000000002,166.91
2026-04-01 10:44:30,0.3,129.16,0.8635,184.69,0.3,54.42,Danger,0.48783333333333334,0.32533687668835415,0.8635,0.5635000000000001,2.8783237389208707,124.77334424751953,0.6115161280292903,92.89999999999998,175.31
2026-04-01 10:44:35,0.3059,134.69,0.3375,97.35,0.2929,126.76,Safe,0.3121,0.022937305857489033,0.3375,0.03810000000000002,1.1272507439854913,119.72574813698047,0.9610891631635108,33.375,97.35
2026-04-01 10:44:40,0.4413,273.83,1.5666,195.59,0.4999,260.03,Danger,0.8359333333333335,0.633453884141011,1.5666,1.096,3.328934702646191,244.58973548695258,0.8308500264853902,71.33999999999995,164.41
2026-04-01 10:44:45,1.2685,140.1,1.1965,151.27,1.1852,57.94,Danger,1.2167333333333332,0.045185875374206624,1.2685,-0.0303500000000001,0.9752610545208831,119.47558869044309,0.7541554782121174,52.25,151.27
2026-04-01 10:44:50,0.263,58.23,0.2858,98.4,0.2591,92.02,Safe,0.2693,0.014421858410066296,0.2858,0.024749999999999994,1.0948052296294595,83.06729144205329,0.953242676564411,23.275000000000006,98.4
2026-04-01 10:44:55,0.8861,340.19,0.8658,310.82,0.8508,17.74,Danger,0.8675666666666667,0.017716188453878373,0.8861,-0.00264999999999993,0.9969474386004508,342.74753178091,0.8889830065155458,48.14499999999998,49.18000000000001
2026-04-01 10:45:00,0.3,110.6,0.8027,185.19,0.3052,84.39,Danger,0.46930000000000005,0.28874457570662687,0.8027,0.5001,2.6526680348049085,124.17809167391607,0.7416984059047427,87.695,174.81
2026-04-01 10:45:05,0.1367,58.67,0.1708,89.86,0.1379,102.3,Safe,0.14846666666666666,0.019350538321538595,0.1708,0.03350000000000003,1.2439821996926463,83.76380902178592,0.9493608920317309,9.375,89.86
2026-04-01 10:45:10,0.1218,250.85,0.1403,259.36,0.2315,322.65,Safe,0.16453333333333334,0.0587278752666341,0.2315,-0.03634999999999999,0.7942213743482913,276.3556458338071,0.8499411592307228,27.389999999999986,100.63999999999999
2026-04-01 10:45:15,0.3044,94.33,1.1986,159.5,0.4122,90.11,Danger,0.6384,0.48813240007194775,1.1986,0.8403,3.3452320814064156,113.36510844227215,0.8523459396628218,67.28,159.5
2026-04-01 10:45:20,0.5041,339.83,0.5497,312.64,0.5877,314.11,Danger,0.5471666666666666,0.041857536159374376,0.5877,0.0037999999999999146,1.00695913727947,322.1229355366324,0.9763984413702386,14.329999999999984,47.360000000000014
2026-04-01 10:45:25,0.28,273.97,0.31,251.15,0.2865,303.31,Safe,0.2921666666666667,0.015782374134880123,0.31,0.026749999999999996,1.0944356771909014,276.0643147595275,0.9317741464561079,37.49000000000004,108.85
2026-04-01 10:45:30,0.0955,257.19,0.1241,259.3,0.0755,276.55,Safe,0.09836666666666667,0.024426488354516565,0.1241,0.03860000000000001,1.451445012339037,264.3240961176188,0.9885788056901164,7.569999999999993,100.69999999999999
2026-04-01 10:45:35,0.2456,79.45,0.2508,72.4,0.2134,93.59,Safe,0.23660000000000003,0.020259318843435983,0.2508,0.021300000000000013,1.092805695835748,81.79991309203926,0.9882114066050572,14.120000000000005,72.4
2026-04-01 10:45:40,0.0967,92.47,0.0685,105.78,0.0692,95.26,Safe,0.07813333333333333,0.01608301381375186,0.0967,-0.01444999999999999,0.8257887186411256,97.83106907438128,0.995003583487297,11.91500000000002,105.78
2026-04-01 10:45:45,0.4971,65.3,1.3364,179.41,0.496,125.86,Danger,0.7765,0.48488793550675197,1.3364,0.83985,2.6913650360184556,124.03388433433715,0.6955642226178214,83.82999999999998,179.41
2026-04-01 10:45:50,0.297,282.67,0.2803,267.77,0.2322,275.98,Safe,0.2698333333333333,0.033644068323158145,0.297,0.015699999999999992,1.0593308415312113,275.47476545961706,0.9943527653711492,11.555000000000064,92.23000000000002
2026-04-01 10:45:55,0.2062,277.96,0.2287,302.81,0.1695,256.89,Safe,0.20146666666666666,0.02988249208706216,0.2287,0.04084999999999997,1.217454258960559,279.1848943361174,0.9470674120766955,35.38500000000005,57.19
2026-04-01 10:46:00,0.0948,241.53,0.1077,244.34,0.1755,296.35,Safe,0.126,0.043350778539721746,0.1755,-0.02744999999999999,0.7968864455312947,260.12611320927994,0.9055960065726434,24.599999999999994,115.66
2026-04-01 10:46:05,0.4973,57.92,1.4668,173.4,0.4741,112.7,Danger,0.8127333333333334,0.5665571139199767,1.4668,0.9811000000000001,3.019964957865024,114.22834674652071,0.6889450810698919,88.09000000000003,173.4
2026-04-01 10:46:10,0.3747,82.01,0.9536,165.65,0.3,86.86,Danger,0.5427666666666667,0.35774717795299704,0.9536,0.61625,2.826729430178064,109.11187392324673,0.789035999541052,81.21500000000003,165.65
2026-04-01 10:46:15,0.314,89.55,0.2535,73.33,0.261,82.8,Safe,0.27616666666666667,0.0329785283682176,0.314,-0.033999999999999975,0.8817360635267357,81.89636676521918,0.9932703092894097,12.844999999999999,73.33
2026-04-01 10:46:20,0.0505,71.46,0.0618,92.14,0.0328,93.2,Safe,0.04836666666666667,0.014617227279252838,0.0618,0.020149999999999994,1.4837578929677557,85.63609423092913,0.9848034709577547,9.810000000000002,92.14
2026-04-01 10:46:25,0.0725,78.9,0.0607,91.9,0.0432,106.96,Safe,0.0588,0.01474211653732258,0.0725,0.0028499999999999984,1.049247204024131,92.5797041001891,0.9800770724991518,1.0299999999999727,91.9
2026-04-01 10:46:30,0.3,87.62,0.7171,174.23,0.3,63.02,Danger,0.43903333333333333,0.24081279727899288,0.7171,0.41709999999999997,2.390325365582115,104.09088396826819,0.6841996086636545,98.90999999999997,174.23
2026-04-01 10:46:35,0.43,276.03,1.2917,182.52,0.4463,307.42,Danger,0.7226666666666667,0.4928647109839914,1.2917,0.85355,2.948070414080991,261.11992045894493,0.6182903126406754,109.20499999999996,177.48
2026-04-01 10:46:40,0.3,245.49,0.5718,197.17,0.3,267.97,Danger,0.3906,0.15692380316574028,0.5718,0.2718,1.9059936466878444,237.47585871992214,0.8715056438802923,59.56000000000003,162.83
2026-04-01 10:46:45,0.3,288.24,0.8678,174.33,0.3262,277.74,Danger,0.498,0.3205240084611448,0.8678,0.5547,2.771629601949531,253.44704390858283,0.6404921854246534,108.66,174.33
2026-04-01 10:46:50,0.7354,247.38,0.6961,271.16,0.8079,252.57,Danger,0.7464666666666667,0.05671563570421588,0.8079,-0.0755499999999999,0.9020917487309679,257.00536634124774,0.9841888642462843,21.18500000000006,88.83999999999997
2026-04-01 10:46:55,0.4388,270.64,1.3309,167.94,0.3874,281.72,Danger,0.7190333333333334,0.5305149416683128,1.3309,0.9178,3.2217302790358775,246.66501288709594,0.6426140559550134,108.24000000000001,167.94
2026-04-01 10:47:00,0.2128,290.84,0.1848,266.57,0.2867,278.86,Safe,0.22809999999999997,0.052644752824949244,0.2867,-0.06495000000000001,0.7399369772293204,278.7574479526594,0.9851025300826245,18.279999999999973,93.43
2026-04-01 10:47:05,0.3078,40.59,1.1484,184.51,0.3714,83.13,Danger,0.6092000000000001,0.468042433973673,1.1484,0.8088000000000001,3.3816154840533454,94.30879883424981,0.5230880219298141,122.64999999999998,175.49
2026-04-01 10:47:10,0.1781,270.12,0.237,276.59,0.242,251.62,Safe,0.21903333333333333,0.035537351242507266,0.242,0.026949999999999974,1.1282974134852963,266.14131574140595,0.9830206952657874,15.71999999999997,83.41000000000003
2026-04-01 10:47:15,0.2097,90.26,0.217,85.28,0.2689,96.85,Safe,0.23186666666666667,0.03227883723638961,0.2689,-0.022299999999999986,0.9068077442217124,90.79575445700964,0.9965828583213939,8.275000000000006,85.28
2026-04-01 10:47:20,0.3,93.8,0.6172,162.45,0.3,92.64,Danger,0.40573333333333333,0.18313550538694928,0.6172,0.3172,2.057326475578415,114.8787329676699,0.8444582224043826,69.22999999999999,162.45
2026-04-01 10:47:25,0.0601,109.91,0.0555,73.19,0.0557,82.02,Safe,0.057100000000000005,0.0026000000000000003,0.0601,-0.0023999999999999994,0.9585326678295711,88.2648282638472,0.9630463717284911,22.775000000000006,73.19
2026-04-01 10:47:30,0.3,89.26,0.676,173.55,0.3,96.31,Danger,0.42533333333333334,0.2170837012152993,0.676,0.37600000000000006,2.2533258222472594,117.37673983958317,0.7906116481494545,80.76499999999999,173.55
2026-04-01 10:47:35,0.5305,269.38,1.5579,184.17,0.5593,316.89,Danger,0.8825666666666666,0.5850330702903327,1.5579,1.0130000000000001,2.8590514607240585,261.0000591949457,0.5926492830720409,108.965,175.83
2026-04-01 10:47:40,0.1006,224.45,0.0305,253.35,0.0765,280.6,Safe,0.0692,0.035615586475586776,0.1006,-0.05804999999999999,0.3444342808099288,252.82340689073675,0.921532810391162,0.8249999999999886,106.65
2026-04-01 10:47:45,0.6926,274.02,0.7149,296.5,0.7988,299.07,Danger,0.7354333333333333,0.05599842259683152,0.7988,-0.03080000000000005,0.9586952411221118,289.91320145826717,0.9808098559385674,9.954999999999984,63.5
2026-04-01 10:47:50,0.2488,286.83,0.2272,304.79,0.3038,271.71,Safe,0.25993333333333335,0.039494978583781176,0.3038,-0.04909999999999998,0.8222916312282621,287.7632492456113,0.9723468687241328,25.52000000000004,55.20999999999998
2026-04-01 10:47:55,0.4748,99.21,1.4339,187.4,0.4543,103.66,Danger,0.7876666666666666,0.5597483392859092,1.4339,0.9693499999999999,3.0866363434800483,127.17652077015588,0.7655950476967347,85.96500000000003,172.6
2026-04-01 10:48:00,0.0983,251.68,0.0771,287.3,0.1373,253.61,Safe,0.10423333333333333,0.030535443886299304,0.1373,-0.0407,0.6544935951307714,264.0363513935581,0.9596736921444169,34.65500000000003,72.69999999999999
2026-04-01 10:48:05,0.9912,268.63,1.0196,186.85,1.0183,264.76,Danger,1.0097,0.016034649980588945,1.0196,0.01485000000000003,1.0147787859877722,242.34673091795005,0.7958422625999274,79.845,173.15
2026-04-01 10:48:10,0.3,66.84,0.4899,170.72,0.3,49.32,Danger,0.3633,0.10963881611910993,0.4899,0.1899,1.6329945566848112,88.18668169082501,0.6133175923353111,112.63999999999999,170.72
2026-04-01 10:48:15,0.3296,82.07,1.1192,172.22,0.3,78.4,Danger,0.5829333333333333,0.4646563174361598,1.1192,0.8044,3.555261895610243,107.20072947096739,0.7346517065711166,91.98500000000001,172.22
2026-04-01 10:48:20,0.4801,98.38,1.4586,177.6,0.3238,78.99,Danger,0.7541666666666665,0.6150424077519641,1.4586,1.0566499999999999,3.62880052543718,115.35668480648002,0.7424600438435383,88.91499999999996,177.6
2026-04-01 10:48:25,0.1725,284.93,0.1681,262.18,0.1259,256.59,Safe,0.1555,0.025728583326720487,0.1725,0.0189,1.126668051822709,267.8430904718773,0.9772514234530225,8.579999999999984,97.82
2026-04-01 10:48:30,0.3119,82.75,0.9824,161.0,0.4716,54.14,Danger,0.5886333333333333,0.35023586814221835,0.9824,0.59065,2.5077153600118445,96.2621420099661,0.7135991755087618,92.555,161.0
2026-04-01 10:48:35,0.4696,290.05,1.5432,188.4,0.526,272.85,Danger,0.8462666666666667,0.6042204012885805,1.5432,1.0453999999999999,3.100033949309061,254.0237602479338,0.7226586776844126,93.05000000000004,171.6
2026-04-01 10:48:40,0.1949,281.1,0.2381,316.49,0.1307,259.42,Safe,0.18789999999999998,0.05404109547372258,0.2381,0.0753,1.4625217289820087,285.4696870065829,0.9174971349938438,46.23000000000002,43.50999999999999
2026-04-01 10:48:45,0.3889,277.45,1.1086,188.23,0.3,275.66,Danger,0.5991666666666667,0.44341576802514965,1.1086,0.76415,3.218454874568516,250.3280032110836,0.7539474041768363,88.32500000000002,171.77
2026-04-01 10:48:50,0.2626,69.5,0.2776,93.64,0.2776,107.84,Safe,0.2726,0.008660254037844393,0.2776,0.007500000000000007,1.0277636883980439,90.389826387651,0.9622124653565416,4.969999999999999,93.64
2026-04-01 10:48:55,0.2349,252.8,0.2434,291.7,0.253,270.77,Safe,0.2437666666666667,0.009055569188810463,0.253,-0.0005499999999999949,0.9977413496972752,271.73716691494803,0.961882285943797,29.91500000000002,68.30000000000001
2026-04-01 10:49:00,0.152,281.02,0.2012,255.81,0.1105,244.83,Safe,0.15456666666666666,0.04540444177977891,0.2012,0.06994999999999998,1.5329407014041796,260.4737545409151,0.9653450545689897,7.115000000000009,104.19
2026-04-01 10:49:05,0.2588,110.96,0.2381,79.44,0.2127,117.06,Safe,0.23653333333333335,0.023089896780482427,0.2588,0.0023500000000000187,1.0099639025921419,102.63577145349906,0.959035659676408,34.56999999999999,79.44
2026-04-01 10:49:10,0.2327,273.41,0.1835,296.0,0.2152,255.72,Safe,0.21046666666666666,0.024939192716151283,0.2327,-0.040449999999999986,0.8193756669985846,275.0086797092017,0.9590372326467357,31.434999999999945,64.0
2026-04-01 10:49:15,0.3031,108.98,0.3379,88.35,0.2937,132.0,Safe,0.3115666666666667,0.023284615808153945,0.3379,0.03949999999999998,1.1323688593536885,109.75668336964095,0.9521686789462043,32.140000000000015,88.35
2026-04-01 10:49:20,0.0631,92.05,0.0864,58.58,0.062,111.63,Safe,0.07050000000000001,0.013780783722270663,0.0864,0.02385000000000001,1.3812728813288357,87.5936037255431,0.9282560763164727,43.25999999999999,58.58
2026-04-01 10:49:25,0.3203,285.63,1.089,165.72,0.3,285.6,Danger,0.5697666666666666,0.44978379621028297,1.089,0.77885,3.511192935054216,255.61505435645546,0.5779611143006798,119.89500000000001,165.72
2026-04-01 10:49:30,0.8771,101.57,0.9942,57.25,0.9504,73.34,Danger,0.9405666666666667,0.059166065724647714,0.9942,0.08044999999999991,1.0880425849055158,77.2826424107383,0.9495416837739695,30.204999999999984,57.25
2026-04-01 10:49:35,0.974,84.47,1.1228,77.06,1.0203,104.76,Danger,1.0390333333333333,0.07614829829571595,1.1228,0.12565000000000004,1.1260079967828343,88.72187754889713,0.9792277871400313,17.555000000000007,77.06
2026-04-01 10:49:40,0.0398,92.78,0.027,71.71,0.0297,80.64,Safe,0.03216666666666667,0.006747098141670488,0.0398,-0.007750000000000003,0.7769560588184512,81.7039347640981,0.9886755767322988,15.0,71.71
2026-04-01 10:49:45,0.2386,96.99,0.1846,108.03,0.1711,82.37,Safe,0.19810000000000003,0.03571764269937198,0.2386,-0.020250000000000018,0.9011427818267911,95.80674498230132,0.9832479522278164,18.350000000000023,108.03
2026-04-01 10:49:50,0.6354,18.13,0.7372,25.54,0.6841,335.71,Danger,0.6855666666666665,0.050915845601672303,0.7372,0.07744999999999991,1.117391258217115,6.827782520591457,0.9279518982398088,28.62000000000006,25.539999999999992
2026-04-01 10:49:55,0.9294,48.46,1.0813,97.8,0.9724,340.32,Danger,0.9943666666666666,0.07829625363536448,1.0813,0.13039999999999985,1.1371320463434151,43.672519824128,0.6769982680528944,83.41000000000003,97.8
2026-04-01 10:50:00,0.1116,283.63,0.068,280.36,0.0691,296.16,Safe,0.0829,0.024861013655923206,0.1116,-0.022349999999999995,0.7526203362442032,286.70720965965916,0.9929498543369711,9.535000000000025,79.63999999999999
2026-04-01 10:50:05,0.1978,250.01,0.2166,277.07,0.2042,272.43,Safe,0.20620000000000002,0.009558242516278808,0.2166,0.015599999999999975,1.0776065790717457,266.5566219413189,0.9788503713552702,15.850000000000023,82.93
2026-04-01 10:50:10,0.3394,79.07,1.1475,177.07,0.4493,96.58,Danger,0.6454,0.4382896416754564,1.1475,0.75315,2.9098442757847707,114.50457039471787,0.7423253397050199,89.245,177.07
2026-04-01 10:50:15,0.2373,257.49,0.2756,296.64,0.2718,270.88,Safe,0.26156666666666667,0.021101263785217535,0.2756,0.021050000000000013,1.082690698524068,274.9215471620548,0.9602007260993399,32.454999999999984,63.360000000000014
2026-04-01 10:50:20,1.0234,34.45,1.4303,45.82,1.0455,110.65,Danger,1.1664,0.22881107927720623,1.4303,0.3958499999999998,1.3826657811728151,62.21727538121467,0.835891202097571,26.72999999999999,45.81999999999999
2026-04-01 10:50:25,0.2495,76.15,0.1813,118.34,0.281,103.63,Safe,0.23726666666666665,0.050963352846269204,0.281,-0.08395,0.6835035494682395,99.47195896489026,0.9539761505401537,28.44999999999999,118.34
2026-04-01 10:50:30,0.3,94.75,0.6519,155.16,0.3,102.58,Danger,0.4173,0.20316955972782935,0.6519,0.35190000000000005,2.1729927566908116,116.79014906596116,0.8934477356417538,56.495000000000005,155.16
2026-04-01 10:50:35,0.1134,243.59,0.1291,272.17,0.0685,272.12,Safe,0.10366666666666667,0.031450649171890444,0.1291,0.03814999999999999,1.4194456355620058,262.71607619085574,0.9725929591227225,14.314999999999998,87.82999999999998
2026-04-01 10:50:40,0.0808,255.03,0.0816,284.87,0.0866,265.9,Safe,0.083,0.00314324672910034,0.0866,-0.0020999999999999908,0.9748987467294299,268.56920110322653,0.9769754676721848,24.40500000000003,75.13
2026-04-01 10:50:45,0.388,269.25,0.954,205.48,0.4697,289.01,Danger,0.6039,0.30593500943827917,0.954,0.52515,2.2245488526318,256.05007365064347,0.8159215082386249,73.65,154.52
2026-04-01 10:50:50,0.178,286.44,0.226,242.39,0.1005,264.38,Safe,0.1681666666666667,0.06332521877840876,0.226,0.08675000000000002,1.62296859627579,264.4027366848777,0.9513468351645541,33.01999999999998,117.61000000000001
2026-04-01 10:50:55,0.5225,241.89,1.2975,170.74,0.3904,273.73,Danger,0.7368,0.490052007444108,1.2975,0.8410500000000001,2.8425833221966874,230.97884442413084,0.7375387432135987,87.07,170.74
2026-04-01 10:51:00,0.3,80.18,0.8449,185.24,0.3,94.02,Danger,0.48163333333333336,0.31459816168142707,0.8449,0.5448999999999999,2.8163239455868485,115.33058530393042,0.6975904066357697,98.13999999999999,174.76
2026-04-01 10:51:05,0.1944,80.23,0.2237,83.61,0.1873,100.86,Safe,0.2018,0.019295336224072396,0.2237,0.03285000000000002,1.1721185636962868,88.20939003701811,0.9876071640273979,6.935000000000002,83.61
2026-04-01 10:51:10,1.0673,193.66,1.1293,190.27,1.2603,148.3,Danger,1.1523,0.09853425800197617,1.2603,-0.034499999999999975,0.9703548974438071,177.7345702661885,0.9362330209695863,19.29000000000002,169.73
2026-04-01 10:51:15,0.1684,254.44,0.1676,298.3,0.1365,272.5,Safe,0.1575,0.018190931806809668,0.1684,0.015149999999999997,1.0993696335215906,275.0148177474267,0.951266545925478,34.83000000000004,61.69999999999999
2026-04-01 10:51:20,0.1678,292.54,0.1817,284.64,0.1732,291.6,Safe,0.17423333333333335,0.00700737706516021,0.1817,0.011200000000000015,1.0656828992205325,289.5948224323467,0.9981099780072977,7.430000000000007,75.36000000000001
2026-04-01 10:51:25,1.3178,68.22,1.2074,60.67,1.237,82.39,Danger,1.2540666666666667,0.057144495214616564,1.3178,-0.07000000000000006,0.9452004499761626,70.41346795443607,0.9876917745593029,14.634999999999991,60.67
2026-04-01 10:51:30,0.3,73.92,0.551,189.79,0.3,99.63,Danger,0.38366666666666666,0.1449149175665961,0.551,0.25100000000000006,1.8366605444648523,116.23829185645384,0.6602824438533414,103.01499999999999,170.21
2026-04-01 10:51:35,0.3084,94.72,1.0919,181.0,0.3,49.33,Danger,0.5667666666666668,0.4547982006707298,1.0919,0.7877000000000001,3.5894030591615413,103.91280945264435,0.5967166891920033,108.97500000000002,179.0
2026-04-01 10:51:40,0.6925,109.22,0.6665,73.99,0.68,62.02,Danger,0.6796666666666668,0.013003204733193031,0.6925,-0.019750000000000045,0.9712189854732451,81.51979460400901,0.9398038329940326,11.629999999999995,73.99
2026-04-01 10:51:45,0.3,79.8,0.754,190.48,0.3243,112.34,Danger,0.45943333333333336,0.25539139244174486,0.754,0.44185,2.415497627750672,124.48267364111138,0.6984727547059165,94.40999999999997,169.52
2026-04-01 10:51:50,0.4125,284.06,1.6388,194.49,0.4747,279.83,Danger,0.842,0.6907495132101071,1.6388,1.1952,3.694310878469616,255.88712875184933,0.758071169772893,87.45499999999998,165.51
2026-04-01 10:51:55,0.2225,306.13,0.1949,280.78,0.1998,289.57,Safe,0.20573333333333332,0.0147256012893645,0.2225,-0.016250000000000014,0.9230361210697557,292.13882848616134,0.983247015629195,17.069999999999993,79.22000000000003
2026-04-01 10:52:00,0.3582,300.93,1.048,164.7,0.423,305.65,Danger,0.6097333333333333,0.38093045734534453,1.048,0.6574,2.6830448462753553,275.372160687983,0.470906857913346,138.58999999999997,164.7
2026-04-01 10:52:05,0.2296,127.35,0.2537,92.38,0.2359,75.42,Safe,0.23973333333333333,0.012498933287818328,0.2537,0.02094999999999997,1.0900060579761202,98.16920539485673,0.9300638741658078,9.004999999999995,92.38
2026-04-01 10:52:10,0.1111,275.64,0.1873,303.03,0.2389,269.62,Safe,0.1791,0.06429339001794819,0.2389,0.012300000000000005,1.0702795984022948,282.6646205030674,0.9680602383260344,30.399999999999977,56.97000000000003
2026-04-01 10:52:15,0.2791,249.8,0.2749,280.69,0.3115,229.17,Safe,0.28850000000000003,0.02002897900543111,0.3115,-0.02040000000000003,0.9309145583658708,253.09912164561956,0.9328893137898359,41.20500000000001,79.31
2026-04-01 10:52:20,0.059,272.59,0.0887,242.63,0.0995,309.75,Safe,0.0824,0.020972124355915882,0.0995,0.00945,1.119228779447578,274.8401125535545,0.8884603967067098,48.539999999999964,117.37
2026-04-01 10:52:25,0.2061,115.78,0.1561,102.36,0.1684,97.68,Safe,0.17686666666666664,0.026053086829267158,0.2061,-0.03115000000000001,0.8336404077948849,105.26145326488782,0.9910574132184883,4.3700000000000045,102.36
2026-04-01 10:52:30,0.3257,105.05,1.2783,175.42,0.4827,104.39,Danger,0.6955666666666667,0.5107307052971588,1.2783,0.8741,3.1625354712135794,126.76701934733552,0.8381131555021896,70.69999999999999,175.42
2026-04-01 10:52:35,0.116,59.14,0.0891,114.05,0.1253,96.34,Safe,0.11013333333333335,0.018799556732362957,0.1253,-0.03155000000000001,0.7384936718303204,90.10400092996043,0.9218340137659692,36.31,114.05
2026-04-01 10:52:40,0.3,93.84,0.6905,210.41,0.3115,96.3,Danger,0.434,0.22220992327076663,0.6905,0.38475000000000004,2.2583736439128574,124.97280861778961,0.6042990076655868,115.33999999999997,149.59
2026-04-01 10:52:45,0.3,287.04,0.5004,183.39,0.3,280.99,Danger,0.3668,0.11570099394560097,0.5004,0.20039999999999997,1.6679944400185334,255.54999093259377,0.6873756354105194,100.625,176.61
2026-04-01 10:52:50,0.5341,256.38,1.5577,185.13,0.4274,251.8,Danger,0.8397333333333333,0.6240619547235141,1.5577,1.07695,3.2401388660658017,232.49083083113044,0.845152533696139,68.95999999999998,174.87
2026-04-01 10:52:55,0.399,76.06,1.5746,165.13,0.4623,72.41,Danger,0.8119666666666667,0.6612177578780937,1.5746,1.14395,3.6563249591896922,100.98913500230218,0.7403823751561772,90.89499999999998,165.13
2026-04-01 10:53:00,0.0847,246.61,0.1528,264.65,0.1226,278.97,Safe,0.12003333333333333,0.034122475486595825,0.1528,0.04915,1.4741777696307803,263.42679256005556,0.973478505249689,1.8599999999999568,95.35000000000002
2026-04-01 10:53:05,0.0932,98.12,0.1174,75.51,0.0766,127.09,Safe,0.09573333333333334,0.02051763469148755,0.1174,0.0325,1.3827870107537013,100.16471301743985,0.9332664103243932,37.095,75.51
2026-04-01 10:53:10,0.4485,103.97,1.6071,161.43,0.4317,82.23,Danger,0.8291000000000001,0.6738201243655461,1.6071,1.167,3.6516617776374063,114.81617639745512,0.8372101559413612,68.33000000000001,161.43
2026-04-01 10:53:15,0.3774,132.84,1.437,212.27,0.3299,107.7,Danger,0.7147666666666667,0.6259231608858498,1.437,1.08335,4.063327970230538,147.80242424930034,0.7206704379469677,92.0,147.73
2026-04-01 10:53:20,0.7366,346.37,1.0156,42.72,0.9779,22.23,Danger,0.9100333333333334,0.15137590076803287,1.0156,0.15835,1.1847171948472501,17.324905924242888,0.9190940352300657,38.41999999999999,42.72
2026-04-01 10:53:25,0.0853,245.94,0.1182,246.45,0.0135,341.99,Safe,0.07233333333333335,0.05354085667350994,0.1182,0.0688,2.39266411611101,273.84499116760037,0.7146130935430972,47.51500000000004,113.55000000000001
2026-04-01 10:53:30,0.8322,146.28,0.7602,172.71,0.9376,188.17,Danger,0.8433333333333334,0.08922249342701274,0.9376,-0.12470000000000003,0.8590791512270863,169.13700769699696,0.9549547640991518,5.485000000000014,172.71
2026-04-01 10:53:35,0.3,81.4,0.7896,187.86,0.3,50.92,Danger,0.4632,0.2826706917952408,0.7896,0.4896,2.631991226695911,97.37195550684383,0.5472804004923724,121.69999999999999,172.14
2026-04-01 10:53:40,0.244,252.93,0.2507,281.09,0.2685,262.32,Safe,0.2544,0.01266214831693265,0.2685,-0.005549999999999999,0.9783376455116274,265.4150912742966,0.9792345832382788,23.464999999999975,78.91000000000003
2026-04-01 10:53:45,0.3038,262.35,1.3871,182.03,0.4429,288.77,Danger,0.7112666666666666,0.5894066705877473,1.3871,1.01375,3.715270616658319,247.66526501863598,0.7111294079120944,93.53,177.97
2026-04-01 10:53:50,0.3,281.21,0.5145,214.72,0.3,265.15,Danger,0.3715,0.12384163274117471,0.5145,0.21449999999999997,1.7149942833523888,254.3795944364017,0.8815267191746649,58.45999999999995,145.28
2026-04-01 10:53:55,0.0615,69.0,0.1241,72.68,0.0618,100.15,Safe,0.08246666666666666,0.036055836328302435,0.1241,0.062450000000000006,2.0129438289727664,80.51660818906129,0.9707965302709398,11.894999999999982,72.68
2026-04-01 10:54:00,0.3,269.4,1.1693,185.22,0.3,242.69,Danger,0.5897666666666667,0.5018905890065416,1.1693,0.8693,3.8976536744877524,233.49244632334944,0.8208989188099777,70.82499999999996,174.78
2026-04-01 10:54:05,0.2278,60.62,0.1526,76.27,0.1892,61.35,Safe,0.18986666666666666,0.03760443236286559,0.2278,-0.055900000000000005,0.7318909741440089,66.06655941480665,0.9920945993452635,15.284999999999997,76.27
2026-04-01 10:54:10,0.2967,85.85,0.2635,105.09,0.2277,101.63,Safe,0.26263333333333333,0.034508163285421806,0.2967,0.0013000000000000234,1.004954214514819,97.5418978496649,0.9893473383585699,11.350000000000023,105.09
2026-04-01 10:54:15,0.7438,160.46,0.7873,218.21,0.9581,99.32,Danger,0.8297333333333333,0.11327649064714763,0.9581,-0.06364999999999998,0.9252001584110013,159.605468765377,0.6721699542688253,88.32,141.79
2026-04-01 10:54:20,0.3555,275.26,1.2357,196.97,0.3625,242.15,Danger,0.6512333333333333,0.5061750816993398,1.2357,0.8767,3.442051693449322,238.48006950277033,0.8492432505759941,61.734999999999985,163.03
2026-04-01 10:54:25,0.4022,317.99,1.4331,196.36,0.4553,290.9,Danger,0.7635333333333333,0.5804692440890674,1.4331,1.00435,3.342499492712554,274.25499761410305,0.630115588195171,108.08499999999998,163.64
2026-04-01 10:54:30,0.4571,297.45,1.3098,160.92,0.3388,282.96,Danger,0.7019000000000001,0.529769317722346,1.3098,0.91185,3.2913599915567495,260.3933495066782,0.5189616658298157,129.285,160.92
2026-04-01 10:54:35,0.2132,258.67,0.2171,265.18,0.1723,277.04,Safe,0.20086666666666667,0.024816190951339266,0.2171,0.024349999999999983,1.126323598839954,266.9557167645313,0.9912109252137645,2.6750000000000114,94.82
2026-04-01 10:54:40,0.2159,65.16,0.2778,99.76,0.2174,121.6,Safe,0.23703333333333335,0.03531293436311025,0.2778,0.06114999999999998,1.2822465624437458,95.68884754258413,0.9194409691910523,6.3799999999999955,99.76
2026-04-01 10:54:45,1.0874,36.74,1.1334,28.66,1.0853,65.72,Danger,1.1020333333333332,0.027184615747391658,1.1334,0.047050000000000036,1.0433092066928646,43.58603141240103,0.9618115452490623,22.569999999999993,28.659999999999997
2026-04-01 10:54:50,0.2015,109.8,0.1423,96.41,0.1745,91.68,Safe,0.17276666666666665,0.029638038621564236,0.2015,-0.04569999999999999,0.7569108674953857,99.28486285566936,0.9910508323684546,4.3300000000000125,96.41
2026-04-01 10:54:55,0.0627,69.89,0.0308,144.69,0.025,72.54,Safe,0.0395,0.020300000000000002,0.0627,-0.013049999999999999,0.7023785090419831,93.98585030287951,0.8256507008925598,73.475,144.69
2026-04-01 10:55:00,0.3564,245.55,0.7653,181.32,0.3,227.92,Danger,0.4739,0.25393052199371385,0.7653,0.4371,2.3318027672066814,218.80250087171206,0.8913010915841193,55.41499999999999,178.68
2026-04-01 10:55:05,0.437,258.19,1.2195,152.26,0.3401,263.67,Danger,0.6655333333333334,0.4821894890324066,1.2195,0.8309500000000001,3.1385841240918184,231.47556574610033,0.6422058458227873,108.67000000000002,152.26
2026-04-01 10:55:10,0.3986,80.14,1.0401,184.95,0.3376,97.1,Danger,0.5921,0.3891763738974914,1.0401,0.672,2.8255831959163387,116.63754763878738,0.7052832234058449,96.32999999999998,175.05
2026-04-01 10:55:15,0.2291,282.25,0.2887,257.78,0.2761,262.26,Safe,0.26463333333333333,0.03141103839947565,0.2887,0.03610000000000002,1.1429091729644778,267.391970980872,0.9828388858180651,14.475000000000023,102.22000000000003
2026-04-01 10:55:20,0.3,213.33,0.709,148.63,0.3,307.03,Danger,0.4363333333333333,0.23613626009855693,0.709,0.409,2.363325455581815,217.26870468553463,0.45535067542523583,111.55000000000001,148.63
2026-04-01 10:55:25,0.1463,121.12,0.1772,89.3,0.2109,71.85,Safe,0.17813333333333334,0.03231011193625508,0.2109,-0.0014000000000000123,0.9921556990162428,93.93653928888313,0.9376309359768839,7.185000000000002,89.3
2026-04-01 10:55:30,0.3646,275.94,1.0878,191.07,0.3661,272.89,Danger,0.6061666666666667,0.417107376263395,1.0878,0.7224500000000001,2.9774107638955423,249.26086309440882,0.7789284265013733,83.34499999999997,168.93
2026-04-01 10:55:35,0.3,274.16,0.8474,201.61,0.3,287.82,Danger,0.48246666666666665,0.31604153735440116,0.8474,0.5474000000000001,2.8246572511424968,256.623521383208,0.7941015031240264,79.38,158.39
2026-04-01 10:55:40,0.2961,279.1,0.2971,276.99,0.2569,238.7,Safe,0.28336666666666666,0.022926258598675277,0.2971,0.020600000000000007,1.0744988264056912,265.1668746974985,0.9481847945754286,18.089999999999975,83.00999999999999
2026-04-01 10:55:45,0.3,231.56,0.6337,177.14,0.3,236.82,Danger,0.41123333333333334,0.19266178482857815,0.6337,0.33370000000000005,2.112326292245693,215.91996651689809,0.8922452361350366,57.04999999999998,177.14
2026-04-01 10:55:50,0.1674,257.72,0.1509,261.36,0.1819,266.73,Safe,0.16673333333333332,0.015510748961069975,0.1819,-0.023749999999999993,0.8640087946819658,261.93607399362827,0.9979150236459907,0.8650000000000091,98.63999999999999
2026-04-01 10:55:55,0.7402,194.96,0.9515,226.2,0.8952,237.42,Danger,0.8623,0.10942454020922365,0.9515,0.13380000000000003,1.1636282699911091,219.68128310465264,0.95144784451167,10.009999999999991,133.8
2026-04-01 10:56:00,0.4186,239.98,1.3414,173.5,0.316,281.34,Danger,0.6920000000000001,0.5647317593335794,1.3414,0.9741,3.652045597479996,233.18516291957758,0.7216157466912833,87.15999999999997,173.5
2026-04-01 10:56:05,0.3457,76.94,0.81,171.15,0.3,87.59,Danger,0.48523333333333335,0.2821828544283535,0.81,0.4871500000000001,2.508897293178588,108.70218347421503,0.748557853877601,88.88499999999999,171.15
2026-04-01 10:56:10,0.1671,122.74,0.1529,95.98,0.1454,74.4,Safe,0.15513333333333335,0.011021040483245367,0.1671,-0.003349999999999992,0.9785537372560816,97.65313739225614,0.9413364308924046,2.5900000000000034,95.98
2026-04-01 10:56:15,0.3561,285.72,1.3421,177.13,0.3974,252.08,Danger,0.6985333333333333,0.5577274991726098,1.3421,0.96535,3.562299768281969,240.94693404377887,0.7107746455924416,91.76999999999998,177.13
2026-04-01 10:56:20,0.3,272.76,1.2124,166.05,0.3162,261.89,Danger,0.6095333333333334,0.5221606776973284,1.2124,0.9042999999999999,3.935073238970338,238.6815532140041,0.6819545554970882,101.27499999999998,166.05
2026-04-01 10:56:25,0.7952,9.55,0.7858,5.09,0.6609,313.74,Danger,0.7473000000000001,0.07497206146292097,0.7952,0.05774999999999997,1.0793199926928194,350.07419901223335,0.9047371928301282,23.444999999999993,5.090000000000003
2026-04-01 10:56:30,0.3307,78.35,1.0471,181.25,0.3817,83.84,Danger,0.5864999999999999,0.39970554161782645,1.0471,0.6909,2.9396323985614865,109.48308688617799,0.6901198159339396,100.15499999999997,178.75
2026-04-01 10:56:35,0.1743,105.06,0.1367,120.08,0.1138,92.07,Safe,0.1416,0.03054619452566883,0.1743,-0.007350000000000023,0.948969462204358,105.72983019765111,0.9801485573376065,21.514999999999986,120.08
2026-04-01 10:56:40,0.1001,69.54,0.01,109.9,0.0575,86.75,Safe,0.05586666666666667,0.04507220133667018,0.1001,-0.0688,0.12690194286874534,88.68784808205261,0.9587835000838306,31.754999999999995,109.9
2026-04-01 10:56:45,0.3,84.64,0.7207,196.36,0.3,74.76,Danger,0.4402333333333333,0.2428912582480756,0.7207,0.4207,2.4023253255822485,109.7647500757149,0.5946263647689629,116.66000000000003,163.64
2026-04-01 10:56:50,0.6808,47.79,0.7917,35.62,0.6981,324.93,Danger,0.7235333333333333,0.05966442267661132,0.7917,0.10224999999999995,1.1483049556821296,18.00366539660577,0.8072587010191071,29.26000000000002,35.620000000000005
2026-04-01 10:56:55,1.1588,154.76,1.0346,182.58,1.1979,93.82,Danger,1.1304333333333334,0.08526560463242688,1.1979,-0.14375000000000004,0.8780066380900089,145.0064537674733,0.8016349638717384,58.29000000000002,177.42
2026-04-01 10:57:00,0.3697,252.01,1.151,181.96,0.4015,243.78,Danger,0.6407333333333333,0.44218984987597054,1.151,0.7654000000000001,2.984950765169178,227.08635342036777,0.8567567390696076,65.93499999999997,178.04
2026-04-01 10:57:05,0.3,246.77,0.809,167.27,0.3,258.33,Danger,0.4696666666666667,0.2938712870175195,0.809,0.5090000000000001,2.696657677807741,226.86424540324984,0.7664422106939064,85.28,167.27
2026-04-01 10:57:10,0.1125,279.77,0.1635,299.92,0.1363,279.14,Safe,0.13743333333333332,0.02551888189818146,0.1635,0.039099999999999996,1.3142981165746255,286.2441564508614,0.9858648903745992,20.465000000000032,60.079999999999984
2026-04-01 10:57:15,0.3,269.93,0.6917,163.89,0.3,242.0,Danger,0.4305666666666667,0.2261481004415764,0.6917,0.3917,2.30565898113673,228.2799654635633,0.7169759837671126,92.07499999999999,163.89
2026-04-01 10:57:20,0.974,42.85,0.6599,347.26,0.8905,82.43,Danger,0.8414666666666667,0.16268959196375568,0.974,-0.27235,0.7078565751069187,38.2518978849714,0.7811296064207374,75.38,12.740000000000009
2026-04-01 10:57:25,0.1449,113.84,0.1281,72.08,0.1662,96.07,Safe,0.1464,0.019094239969163474,0.1662,-0.027450000000000002,0.8235241174920123,94.04402563603104,0.9558994486863384,32.875,72.08
2026-04-01 10:57:30,0.2383,239.44,0.2014,279.87,0.1562,267.24,Safe,0.19863333333333333,0.04111986543428047,0.2383,0.004149999999999987,1.0210341138954935,262.2900717554516,0.9570303875616692,26.53,80.13
2026-04-01 10:57:35,0.3,283.8,0.9096,204.41,0.3,279.28,Danger,0.5032,0.3519527240979959,0.9096,0.6095999999999999,3.0319898933670224,257.8433236205245,0.8085683893560784,77.12999999999997,155.59
2026-04-01 10:57:40,0.0585,76.36,0.01,80.58,0.0448,111.5,Safe,0.03776666666666667,0.02500326645327233,0.0585,-0.04165,0.1936070937639155,89.34570214097077,0.9629725430415506,13.349999999999994,80.58
2026-04-01 10:57:45,0.3849,107.93,1.1275,160.58,0.3794,119.18,Danger,0.6305999999999999,0.4303368099523906,1.1275,0.74535,2.950404421288967,128.86819427449996,0.9234691477774555,47.025000000000006,160.58
2026-04-01 10:57:50,0.7101,250.01,0.8685,294.21,0.9715,212.18,Danger,0.8500333333333333,0.13167480143646826,0.9715,0.027700000000000058,1.0329435859376952,251.9256879966534,0.8360487988287064,63.11500000000001,65.79000000000002
2026-04-01 10:57:55,0.3,287.4,1.2305,172.8,0.364,270.6,Danger,0.6315,0.5197352691515171,1.2305,0.8985,3.70631413760802,249.53237816079425,0.6506958895140841,106.19999999999999,172.8
2026-04-01 10:58:00,0.133,269.02,0.1704,259.92,0.113,268.37,Safe,0.1388,0.029136231739880156,0.1704,0.0474,1.3853545906130844,265.7725146014984,0.9973847949971596,8.774999999999977,100.07999999999998
2026-04-01 10:58:05,0.1012,283.57,0.0681,266.78,0.1275,242.51,Safe,0.09893333333333333,0.029764800240104645,0.1275,-0.04625000000000001,0.5955348007450743,264.3416021985537,0.9571962171707139,3.740000000000009,93.22000000000003
2026-04-01 10:58:10,0.4508,84.37,1.2597,181.99,0.4478,78.99,Danger,0.7194333333333334,0.46788706258383905,1.2597,0.8104,2.803688395975082,110.09024408724956,0.6892897017003649,100.31,178.01
2026-04-01 10:58:15,0.3,252.59,0.9216,180.56,0.3156,255.41,Danger,0.5124,0.35446342547574633,0.9216,0.6138,2.994142319225734,231.23746676475716,0.8257864867803635,73.44,179.44
2026-04-01 10:58:20,0.1516,277.26,0.1732,268.44,0.1319,297.42,Safe,0.15223333333333333,0.020657282815833584,0.1732,0.031450000000000006,1.2218608687063937,280.99971606625957,0.9777181667419532,18.900000000000034,91.56
2026-04-01 10:58:25,0.1203,51.41,0.1322,114.6,0.1405,106.72,Safe,0.131,0.010153324578678655,0.1405,0.001799999999999996,1.01379590647311,91.73510422360874,0.8832675098847705,35.53499999999997,114.6
2026-04-01 10:58:30,0.2512,246.07,0.2575,273.62,0.2154,296.07,Safe,0.24136666666666665,0.022707340956909353,0.2575,0.0242,1.1037243732345767,271.97657367156273,0.9373257809632224,2.5500000000000114,86.38
2026-04-01 10:58:35,0.1174,310.2,0.1537,302.65,0.142,264.78,Safe,0.13770000000000002,0.0185280867873615,0.1537,0.02400000000000002,1.1850332688259924,292.80670784869125,0.9407609993051608,15.160000000000025,57.35000000000002
2026-04-01 10:58:40,0.2114,95.46,0.1932,110.68,0.2132,81.85,Safe,0.20593333333333333,0.01106405591694715,0.2132,-0.019099999999999978,0.9100286856868315,95.99091605426635,0.9789903159692153,22.025000000000006,110.68
2026-04-01 10:58:45,0.3428,89.66,1.0559,205.19,0.395,83.99,Danger,0.5979,0.3974974339539817,1.0559,0.687,2.862285545444442,116.85161244248897,0.5861544729206691,118.36500000000001,154.81
2026-04-01 10:58:50,0.3633,270.0,1.3672,184.1,0.5601,298.14,Danger,0.7635333333333333,0.5319705286323043,1.3672,0.9055,2.961223822343898,254.93353610204196,0.6742767233007745,99.97,175.9
2026-04-01 10:58:55,0.3219,280.2,0.2216,275.28,0.2797,244.32,Safe,0.2744,0.050359606829283345,0.3219,-0.07920000000000002,0.736699678525005,266.7374829627481,0.9619526841228108,13.019999999999982,84.72000000000003
2026-04-01 10:59:00,0.3167,91.93,1.0735,189.26,0.3794,114.45,Danger,0.5898666666666667,0.4200103847922493,1.0735,0.7254499999999999,3.084318102806773,129.36147564508175,0.7539794715937346,86.07,170.74
2026-04-01 10:59:05,0.0703,248.98,0.0616,272.92,0.0789,271.56,Safe,0.07026666666666667,0.008650048169422716,0.0789,-0.012999999999999998,0.8257261966997762,264.53428355933397,0.9817256347370569,12.650000000000034,87.07999999999998
2026-04-01 10:59:10,0.5399,184.8,0.5122,168.03,0.4467,168.86,Danger,0.49960000000000004,0.0478605265328329,0.5399,0.018899999999999972,1.038311294726749,173.88019791349828,0.9909496673995132,8.800000000000011,168.03
2026-04-01 10:59:15,0.2667,59.87,0.2797,108.9,0.3084,92.73,Safe,0.2849333333333333,0.021336900743391334,0.3084,-0.007849999999999968,0.9726970172247708,87.3425624032136,0.9376213728482196,32.60000000000002,108.9
2026-04-01 10:59:20,0.2625,273.33,0.2442,238.02,0.2617,261.87,Safe,0.2561333333333333,0.010342307930695804,0.2625,-0.0179,0.9317019011755011,257.80609294068677,0.9673224824971742,29.579999999999956,121.97999999999999
2026-04-01 10:59:25,0.204,238.61,0.2301,279.3,0.2579,291.79,Safe,0.23066666666666666,0.026954467780561615,0.2579,-0.0008499999999999897,0.9963152356993475,270.2472402253939,0.9230246144994143,14.100000000000023,80.69999999999999
2026-04-01 10:59:30,0.2648,249.44,0.2504,230.29,0.3286,267.39,Safe,0.28126666666666666,0.041619386508372914,0.3286,-0.04629999999999995,0.8439472735177841,249.0471749155067,0.9653522963203081,28.12499999999997,129.71
2026-04-01 10:59:35,0.3,253.07,0.6115,174.93,0.3,291.49,Danger,0.4038333333333333,0.17984460885256845,0.6115,0.31150000000000005,2.0383265389115373,242.88801945623243,0.6736076757630418,97.34999999999997,174.93
2026-04-01 10:59:40,0.9937,50.15,0.7419,90.28,1.0316,15.29,Danger,0.9224,0.15746202716845736,1.0316,-0.27075000000000005,0.7326314791571825,51.766422004715146,0.8620547507622365,57.56,90.28
2026-04-01 10:59:45,0.2103,76.81,0.1916,113.34,0.1809,122.42,Safe,0.19426666666666667,0.014880300176183714,0.2103,-0.0040000000000000036,0.9795450943502334,104.432605392174,0.9416950304851305,13.725000000000023,113.34
2026-04-01 10:59:50,0.2252,283.9,0.1857,294.56,0.2393,269.77,Safe,0.21673333333333336,0.02778494796348076,0.2393,-0.04655000000000001,0.7995659867987651,282.752442926893,0.9843595972963282,17.725000000000023,65.44
2026-04-01 10:59:55,0.3965,91.41,1.0401,170.4,0.3652,86.8,Danger,0.6006,0.3809397721425265,1.0401,0.65925,2.7309892845233437,113.79874944281387,0.7886999312315935,81.29500000000002,170.4
2026-04-01 11:00:00,0.0559,269.34,0.073,257.97,0.0488,307.05,Safe,0.05923333333333333,0.012439587345781742,0.073,0.020649999999999995,1.3944337261943418,277.84644911742726,0.934106339313521,30.224999999999966,102.02999999999997
2026-04-01 11:00:05,0.128,281.41,0.1944,251.81,0.1582,282.77,Safe,0.1602,0.03324515002222128,0.1944,0.051299999999999985,1.3584810728087153,272.1030780982187,0.96916228302082,30.28000000000003,108.19
2026-04-01 11:00:10,0.4381,241.25,1.1752,182.56,0.4335,284.54,Danger,0.6822666666666667,0.42689898492890954,1.1752,0.7394000000000001,2.6966436515749166,236.95806401002415,0.7512937640255372,80.33499999999998,177.44
2026-04-01 11:00:15,0.1441,239.94,0.1843,268.92,0.1716,250.35,Safe,0.16666666666666666,0.02054904701764374,0.1843,0.02645,1.1675567465521284,253.0407823587345,0.9782369765631774,23.775000000000034,91.07999999999998
2026-04-01 11:00:20,0.084,294.02,0.0998,274.37,0.0925,287.64,Safe,0.0921,0.007907591289387682,0.0998,0.011550000000000005,1.1308653726303386,285.35452068885286,0.9898226910963618,16.45999999999998,85.63
2026-04-01 11:00:25,0.2253,84.73,0.2113,81.44,0.2131,88.16,Safe,0.21656666666666666,0.007616648431779779,0.2253,-0.007900000000000018,0.9639554564075893,84.77663989709299,0.9988538264578,5.0049999999999955,81.44
2026-04-01 11:00:30,0.3051,266.05,0.2878,269.68,0.2557,293.14,Safe,0.28286666666666666,0.025066777482024554,0.3051,0.007400000000000018,1.0263872097460425,276.2311281236814,0.9781642947056757,9.91500000000002,90.32
2026-04-01 11:00:35,0.1447,280.11,0.1737,267.46,0.2051,252.46,Safe,0.17450000000000002,0.030207945974527965,0.2051,-0.0012000000000000066,0.9931332582432347,266.68437407978314,0.9806404699129946,1.1749999999999545,92.54000000000002
2026-04-01 11:00:40,0.2138,309.5,0.1597,257.2,0.1474,299.67,Safe,0.17363333333333333,0.03532482601985936,0.2138,-0.020899999999999974,0.8842697437998683,289.17387005977963,0.9230958366094371,47.38499999999999,102.80000000000001
2026-04-01 11:00:45,0.0696,81.29,0.0654,106.87,0.0809,99.9,Safe,0.07196666666666666,0.008016441438277545,0.0809,-0.009849999999999998,0.8690914406453071,96.05190692928372,0.9823221751128743,16.274999999999977,106.87
2026-04-01 11:00:50,0.4219,97.89,1.1807,178.99,0.3754,73.35,Danger,0.6593333333333333,0.452114989060674,1.1807,0.7820500000000001,2.9617384629663546,113.39329043734917,0.7141101308779367,93.37,178.99
2026-04-01 11:00:55,0.1798,52.2,0.1669,130.19,0.1333,69.13,Safe,0.16,0.024005624340974755,0.1798,0.010349999999999998,1.0661062529143857,82.58556272470426,0.8364790099216598,69.52499999999998,130.19
2026-04-01 11:01:00,0.4062,72.44,1.2468,169.5,0.3749,120.97,Danger,0.6759666666666666,0.49460382462465174,1.2468,0.85625,3.1924127706752765,120.97000000000001,0.7748185367365009,72.79500000000002,169.5
2026-04-01 11:01:05,0.3,277.64,0.6006,198.52,0.3,215.64,Danger,0.40020000000000006,0.17355149091840152,0.6006,0.30060000000000003,2.001993326688911,229.28162354675257,0.8318539592905694,48.119999999999976,161.48
2026-04-01 11:01:10,0.3,68.45,0.8477,200.37,0.3,58.34,Danger,0.48256666666666664,0.31621474243515807,0.8477,0.5477000000000001,2.825657247809174,91.80934014744393,0.4779696001542555,136.97500000000002,159.63
2026-04-01 11:01:15,0.3,80.88,0.6259,170.46,0.3,98.9,Danger,0.40863333333333335,0.18815845272889906,0.6259,0.3259,2.0863263789120707,114.64702723246882,0.7852232957262812,80.57,170.46
2026-04-01 11:01:20,0.3317,247.88,1.0234,180.14,0.3,279.69,Danger,0.5517000000000001,0.40881155805578695,1.0234,0.7075500000000001,3.2401353802900745,237.74526169690094,0.7546452615222226,83.64499999999998,179.86
2026-04-01 11:01:25,1.068,134.15,0.9233,179.17,0.8553,129.48,Danger,0.9488666666666666,0.10863039783289641,1.068,-0.038349999999999995,0.9601196275987858,147.18571873932595,0.9250180712682053,47.35499999999999,179.17
2026-04-01 11:01:30,1.2716,315.93,1.3066,307.9,1.2781,246.46,Danger,1.2854333333333334,0.018616748731540962,1.3066,0.031749999999999945,1.0249040868305395,291.24030658798523,0.858806876410762,26.704999999999984,52.10000000000002
2026-04-01 11:01:35,0.4725,283.48,1.4943,178.18,0.3298,255.25,Danger,0.7655333333333333,0.6351507406382624,1.4943,1.09315,3.725031222656805,241.84500210732512,0.7212555909206956,91.185,178.18
2026-04-01 11:01:40,0.6916,84.14,0.5449,0.23,0.653,58.78,Danger,0.6298333333333334,0.07604435109416957,0.6916,-0.12739999999999996,0.8105000587534453,48.84576934723362,0.8207691985600417,71.23,0.22999999999998977
2026-04-01 11:01:45,0.42,95.83,1.1618,196.44,0.3838,86.8,Danger,0.6551999999999999,0.4391016738751971,1.1618,0.7599,2.890761655233503,120.43663050316817,0.6612066790348589,105.125,163.56
2026-04-01 11:01:50,0.2322,80.07,0.1759,66.33,0.1911,82.31,Safe,0.19973333333333332,0.029125990684152413,0.2322,-0.035750000000000004,0.8310851354352212,76.24844318134001,0.9924131381128798,14.860000000000014,66.33
2026-04-01 11:01:55,0.3,98.23,0.7361,135.8,0.3,122.09,Danger,0.4453666666666667,0.25178245239359576,0.7361,0.4361,2.4536584878050407,118.76848736106628,0.9636335575702899,25.639999999999986,135.8
2026-04-01 11:02:00,0.2327,94.46,0.2579,104.4,0.2022,63.0,Safe,0.23093333333333335,0.02789199407237378,0.2579,0.04045000000000004,1.1860143204675997,87.44360077570003,0.9531357436177016,25.670000000000016,104.4
2026-04-01 11:02:05,0.6578,217.22,0.8712,234.4,0.8601,292.78,Danger,0.7963666666666667,0.12013052623431449,0.8712,0.11224999999999996,1.1479001938201543,247.04177664364985,0.8470905413297193,20.599999999999966,125.6
2026-04-01 11:02:10,0.2066,77.21,0.2371,102.61,0.2251,78.2,Safe,0.22293333333333332,0.015365003525327721,0.2371,0.02125000000000002,1.0984429073759214,85.94785333916028,0.9790922741013354,24.905,102.61
2026-04-01 11:02:15,0.0254,283.63,0.0894,268.66,0.0566,256.73,Safe,0.057133333333333335,0.0320033331597403,0.0894,0.0484,2.1804346235457674,269.6639094802512,0.981638044125114,1.5199999999999818,91.33999999999997
2026-04-01 11:02:20,0.4241,86.57,1.334,203.86,0.3291,76.79,Danger,0.6957333333333334,0.5547923064835465,1.334,0.9574,3.5422104561591716,111.7789970890425,0.5625699970527229,122.18,156.14
2026-04-01 11:02:25,0.1984,244.57,0.2725,298.87,0.1859,232.6,Safe,0.21893333333333334,0.04680922273797477,0.2725,0.08035000000000003,1.418155513112084,257.85095063875366,0.8773982627516159,60.285000000000025,61.129999999999995
2026-04-01 11:02:30,0.4776,81.82,1.5188,218.4,0.4561,122.49,Danger,0.8175,0.6074387458830726,1.5188,1.05195,3.2532863804511507,134.19477748430114,0.5635551316118458,116.245,141.6
2026-04-01 11:02:35,0.1292,274.82,0.1574,248.85,0.157,269.18,Safe,0.14786666666666667,0.01616704466912037,0.1574,0.014300000000000007,1.0999224324078798,264.32434208395466,0.9811432828190688,23.150000000000006,111.15
2026-04-01 11:02:40,0.1927,274.28,0.1348,262.42,0.1128,248.81,Safe,0.14676666666666668,0.041272307099716805,0.1927,-0.017949999999999994,0.882481947745023,261.8415272860904,0.9835743462544545,0.8750000000000568,97.57999999999998
2026-04-01 11:02:45,0.4659,94.83,1.4636,156.2,0.4697,72.49,Danger,0.7997333333333333,0.5749285375882235,1.4636,0.9958,3.1286807852056753,106.52464926043392,0.8183529415417636,72.53999999999999,156.2
2026-04-01 11:02:50,0.3,250.61,0.4982,159.96,0.3,306.95,Danger,0.3660666666666667,0.11443082335338382,0.4982,0.1982,1.660661131129563,244.41074410504217,0.517331525815798,118.81999999999996,159.96
2026-04-01 11:02:55,1.0496,208.52,0.8609,136.05,0.8228,258.23,Danger,0.9110999999999999,0.12144789005989365,1.0496,-0.07530000000000003,0.919567486041993,202.92615769207205,0.6523940383506387,97.32499999999999,136.05
2026-04-01 11:03:00,0.1079,79.01,0.0872,137.6,0.1033,93.22,Safe,0.09946666666666666,0.010869375940381,0.1079,-0.0184,0.8257497561576121,102.81901435859575,0.907411211722019,51.485000000000014,137.6
2026-04-01 11:03:05,0.1247,266.95,0.0907,278.37,0.1004,278.01,Safe,0.10526666666666668,0.01751466052578049,0.1247,-0.02185000000000001,0.8058569004273618,274.44867849584466,0.9957252198902083,5.889999999999986,81.63
2026-04-01 11:03:10,0.4044,238.76,1.2117,160.68,0.3668,284.03,Danger,0.6609666666666666,0.4773194353190883,1.2117,0.8261000000000001,3.142367369379229,230.77385493492983,0.643006916955076,100.71499999999997,160.68
2026-04-01 11:03:15,0.0564,267.06,0.0712,287.54,0.0311,247.89,Safe,0.052899999999999996,0.020277820395693417,0.0712,0.027450000000000002,1.6273913739114536,267.48768612361744,0.9604743625078819,30.064999999999998,72.45999999999998
2026-04-01 11:03:20,0.3556,257.12,1.0336,175.21,0.3866,290.31,Danger,0.5919333333333334,0.3828084812714229,1.0336,0.6625000000000001,2.785225585487509,244.50378402348798,0.6755062108188823,98.50499999999997,175.21
2026-04-01 11:03:25,1.0118,119.31,0.8168,104.36,1.1508,199.35,Danger,0.9931333333333333,0.16778061071927633,1.1508,-0.2645000000000002,0.7553863355346938,138.0797416268505,0.7530869889160917,54.97000000000001,104.36
2026-04-01 11:03:30,0.6514,237.57,0.689,293.87,0.6422,194.83,Danger,0.6608666666666666,0.02479462307302396,0.689,0.042199999999999904,1.065242632587148,241.40058266122765,0.7648037417643373,77.67000000000002,66.13
2026-04-01 11:03:35,0.3922,115.98,1.2219,196.93,0.4529,41.07,Danger,0.6890000000000001,0.4625018162126501,1.2219,0.79935,2.8917219459899517,116.87044054230454,0.47260117966407034,118.40499999999997,163.07
2026-04-01 11:03:40,1.2429,286.69,1.3161,197.05,1.1783,281.75,Danger,1.2457666666666667,0.0689447121491804,1.3161,0.10550000000000015,1.0871459712985536,258.2168164380512,0.7593768135843362,87.16999999999996,162.95
2026-04-01 11:03:45,0.1057,92.65,0.0803,118.66,0.0174,61.15,Safe,0.0678,0.04545778261200166,0.1057,0.018749999999999996,1.3046091858783773,90.90189378239796,0.9175462552498451,41.75999999999999,118.66
2026-04-01 11:03:50,0.4242,264.75,1.3872,185.82,0.4868,268.45,Danger,0.7660666666666667,0.5388271089443564,1.3872,0.9317,3.045437880487639,242.0322760693635,0.791370133366955,80.78000000000003,174.18
2026-04-01 11:03:55,0.6752,274.43,0.7164,227.8,0.5244,342.88,Danger,0.6386666666666666,0.1010792428411162,0.7164,0.11660000000000004,1.1943961413868933,280.07875055305516,0.6880143278273865,80.85499999999996,132.2
2026-04-01 11:04:00,0.3,293.93,0.6086,192.48,0.3,248.69,Danger,0.4028666666666667,0.17817029307191853,0.6086,0.30860000000000004,2.0286599044669855,245.62522990425592,0.7545088946321136,78.83000000000001,167.52
2026-04-01 11:04:05,0.3,244.57,0.7421,190.81,0.3,224.3,Danger,0.4473666666666667,0.25524655400873353,0.7421,0.4421,2.4736584211385964,220.06340621445037,0.9265493318865042,43.625,169.19
2026-04-01 11:04:10,0.4959,90.36,1.2487,167.77,0.5134,106.26,Danger,0.7526666666666667,0.42966657227824145,1.2487,0.7440499999999999,2.474383286667419,120.19126306062766,0.8375519338442841,69.46000000000001,167.77
2026-04-01 11:04:15,0.081,69.53,0.1305,99.99,0.0941,115.2,Safe,0.10186666666666667,0.025647676957832523,0.1305,0.04295,1.4905597880092747,95.04526346899245,0.9458381261206499,7.625,99.99
2026-04-01 11:04:20,0.3,287.28,0.7233,183.6,0.3,259.34,Danger,0.44110000000000005,0.24439236894796862,0.7233,0.42330000000000007,2.4109919633601224,246.11169177974818,0.7292708981610753,89.71000000000001,176.4
2026-04-01 11:04:25,0.1244,68.82,0.1082,102.08,0.096,104.42,Safe,0.10953333333333333,0.014246871001498303,0.1244,-0.001999999999999988,0.9818422700338474,91.92994759400946,0.9601455148140864,15.45999999999998,102.08
2026-04-01 11:04:30,0.1892,117.91,0.1227,112.58,0.172,119.28,Safe,0.1613,0.034517097212830625,0.1892,-0.05789999999999998,0.6793982314605125,116.590723583453,0.9987281903066354,6.014999999999986,112.58
2026-04-01 11:04:35,0.0844,91.13,0.0516,84.36,0.0208,88.96,Safe,0.05226666666666666,0.031805240658315,0.0844,-0.0010000000000000009,0.980969943537195,88.15046487840344,0.9987869448999911,5.685000000000002,84.36
2026-04-01 11:04:40,0.1878,116.75,0.2242,66.22,0.2577,98.84,Safe,0.2232333333333333,0.03496002479022767,0.2577,0.0014500000000000068,1.0065050213018123,94.10232602807707,0.9344611205463137,41.57499999999999,66.22
2026-04-01 11:04:45,1.0687,326.65,0.8731,307.46,0.8573,335.14,Danger,0.9330333333333334,0.11775607556866582,1.0687,-0.08989999999999998,0.9066449567549774,323.1179720718282,0.9796860304440316,23.435000000000002,52.54000000000002
2026-04-01 11:04:50,0.0571,270.89,0.0936,277.21,0.0803,270.68,Safe,0.077,0.01847241186201737,0.0936,0.024900000000000005,1.3624255833248424,272.9256705742727,0.9986021697031952,6.425000000000011,82.79000000000002
2026-04-01 11:04:55,0.3249,93.4,0.7743,162.97,0.3,84.76,Danger,0.4664,0.26693971229474267,0.7743,0.46185,2.4781485736963558,112.00321227297555,0.8221975577813339,73.88999999999999,162.97
2026-04-01 11:05:00,0.1812,263.02,0.1873,279.46,0.1998,268.54,Safe,0.18943333333333334,0.009481736831052284,0.1998,-0.0032000000000000084,0.9831969385987475,270.33386658489013,0.9929050482311632,13.680000000000007,80.54000000000002
2026-04-01 11:05:05,0.1573,269.39,0.1357,301.67,0.1666,247.64,Safe,0.1532,0.015852760012060995,0.1666,-0.026249999999999996,0.8379077622243765,272.7628035845237,0.9263571941490621,43.15500000000003,58.329999999999984
2026-04-01 11:05:10,0.2238,112.14,0.2745,65.33,0.2205,60.21,Safe,0.2396,0.03026929136930696,0.2745,0.05235000000000001,1.2356460245508685,78.75584108538987,0.918580256410898,20.845000000000027,65.33
2026-04-01 11:05:15,0.1859,285.23,0.1158,231.38,0.1441,256.51,Safe,0.1486,0.03526598928145927,0.1859,-0.04920000000000001,0.7018139284004339,257.6600779629731,0.9276285514197006,39.49000000000001,128.62
2026-04-01 11:05:20,0.1086,273.02,0.1318,293.59,0.1357,260.62,Safe,0.12536666666666665,0.014650711018013194,0.1357,0.009650000000000006,1.0789923946590696,275.7052122082796,0.9720392693152476,26.769999999999982,66.41000000000003
2026-04-01 11:05:25,0.2402,285.32,0.2246,239.79,0.2271,268.85,Safe,0.23063333333333333,0.008378742944698408,0.2402,-0.009050000000000002,0.961262738015245,264.76741874436334,0.9467623849393626,37.295000000000044,120.21000000000001
2026-04-01 11:05:30,0.0296,263.65,0.0489,260.79,0.0561,287.29,Safe,0.044866666666666666,0.013702676137650385,0.0561,0.00605,1.1411635667779048,270.5182049725447,0.9786353089729601,14.680000000000007,99.20999999999998
2026-04-01 11:05:35,0.4124,249.61,1.4325,191.24,0.3,260.45,Danger,0.7149666666666666,0.6239383009026881,1.4325,1.0763000000000003,4.021605778759747,234.78615095823633,0.8642957044089924,63.789999999999964,168.76
2026-04-01 11:05:40,0.0917,256.01,0.0685,294.15,0.1022,260.32,Safe,0.08746666666666668,0.017244226086819126,0.1022,-0.028450000000000003,0.7065424802219678,269.98460167748743,0.9561925851667797,35.985000000000014,65.85000000000002
2026-04-01 11:05:45,0.3509,281.37,1.2464,164.12,0.3976,286.27,Danger,0.6649666666666666,0.5040771402606284,1.2464,0.87215,3.330385222751576,253.7902781542361,0.5785679160472321,119.69999999999999,164.12
2026-04-01 11:05:50,0.1858,260.29,0.2341,267.39,0.2093,281.32,Safe,0.20973333333333333,0.02415291562800097,0.2341,0.03655,1.1850104529969476,269.65392573210715,0.9884123252086655,3.4150000000000205,92.61000000000001
2026-04-01 11:05:55,0.3,263.72,0.8926,206.28,0.3,286.45,Danger,0.4975333333333333,0.3421377695217722,0.8926,0.5926,2.975323415588615,253.21078890726852,0.8341654310066136,68.80500000000004,153.72
2026-04-01 11:06:00,0.2011,122.11,0.194,76.56,0.2048,67.04,Safe,0.19996666666666665,0.0054884727687521005,0.2048,-0.008950000000000014,0.955895758089391,88.09875022259523,0.9139766254656249,18.014999999999986,76.56
2026-04-01 11:06:05,0.1381,108.03,0.1158,115.78,0.1154,67.79,Safe,0.1231,0.012991920566259632,0.1381,-0.010950000000000001,0.9136022595482481,97.51638528820543,0.9337465067445408,27.870000000000005,115.78
2026-04-01 11:06:10,0.114,76.74,0.0974,104.85,0.1224,117.3,Safe,0.11126666666666667,0.012722159145889242,0.1224,-0.0208,0.8240201013527805,99.74082598676367,0.956643972834799,7.829999999999984,104.85
2026-04-01 11:06:15,0.3185,271.65,0.2763,274.9,0.2668,259.86,Safe,0.28719999999999996,0.027519629357969207,0.3185,-0.016349999999999976,0.944127988628093,268.8112511890422,0.9936509153215733,9.144999999999982,85.10000000000002
2026-04-01 11:06:20,0.1386,75.94,0.0589,64.64,0.0963,63.42,Safe,0.09793333333333333,0.0398750966561002,0.1386,-0.05855,0.5014857259623162,67.99377402557818,0.9951670286151404,5.039999999999992,64.64
2026-04-01 11:06:25,0.1261,259.9,0.0836,260.0,0.0592,280.86,Safe,0.08963333333333334,0.033855624840391486,0.1261,-0.009050000000000002,0.9023108223332721,266.8852341342867,0.9852559916258041,10.379999999999995,100.0
2026-04-01 11:06:30,0.1623,58.37,0.1327,106.36,0.1756,59.73,Safe,0.15686666666666668,0.021960039465659737,0.1756,-0.03624999999999998,0.7854348302170453,74.39865893019535,0.9256451906610792,47.31,106.36
2026-04-01 11:06:35,0.3,279.52,0.7703,225.45,0.3,255.88,Danger,0.4567666666666667,0.27152783159988103,0.7703,0.4703,2.5676581078063077,253.70545428251936,0.9267779328163821,42.25,134.55
2026-04-01 11:06:40,0.3243,134.49,1.1862,185.74,0.3301,110.16,Danger,0.6135333333333334,0.4959523599433047,1.1862,0.859,3.625294543720832,142.74064941017892,0.8545485002546483,63.41500000000002,174.26
2026-04-01 11:06:45,1.1123,109.98,0.9098,116.97,1.1944,52.88,Danger,1.0721666666666667,0.14648311620570242,1.1944,-0.24355000000000004,0.7888318473734363,94.17202689801523,0.8784709747753157,35.54000000000002,116.97
2026-04-01 11:06:50,0.2093,289.33,0.2372,244.72,0.2468,289.36,Safe,0.2311,0.019479989733056834,0.2468,0.009149999999999991,1.0401182191702734,274.82192417693057,0.9337426514899909,44.62499999999997,115.28
2026-04-01 11:06:55,0.3322,96.31,1.0153,188.04,0.3,85.3,Danger,0.5491666666666667,0.40400423677646424,1.0153,0.6992,3.2119480798858597,118.8166600569206,0.7040954883818417,97.23500000000001,171.96
2026-04-01 11:07:00,0.2128,280.84,0.2501,285.86,0.2441,267.56,Safe,0.23566666666666666,0.020029062218020432,0.2501,0.021650000000000003,1.0947643039426398,278.0981833182206,0.9909421788202167,11.660000000000025,74.13999999999999
2026-04-01 11:07:05,0.1816,253.26,0.1639,262.87,0.1681,255.55,Safe,0.17120000000000002,0.00924824307639025,0.1816,-0.010950000000000015,0.9373695317727664,257.22475749205313,0.9974432122934719,8.465000000000032,97.13
2026-04-01 11:07:10,0.3,256.99,0.6192,158.36,0.3,275.77,Danger,0.40640000000000004,0.18429020592532852,0.6192,0.3192,2.0639931200229333,236.63055474825026,0.6388103403196049,108.01999999999998,158.36
2026-04-01 11:07:15,0.2553,101.41,0.2311,60.32,0.3057,85.83,Safe,0.26403333333333334,0.03805907688493422,0.3057,-0.04940000000000003,0.8238829808093375,82.59285414590333,0.9567821794992097,33.30000000000001,60.31999999999999
2026-04-01 11:07:20,0.0857,79.97,0.1074,57.72,0.0827,138.58,Safe,0.09193333333333333,0.01347825409069488,0.1074,0.0232,1.275519293120034,90.95783294455217,0.8306956293429473,51.55500000000001,57.72
2026-04-01 11:07:25,0.3,274.84,0.6769,192.96,0.3,258.27,Danger,0.4256333333333333,0.21760331645756995,0.6769,0.37689999999999996,2.2563258122472925,243.56965594864158,0.8188647071561764,73.59499999999994,167.04
2026-04-01 11:07:30,0.221,107.56,0.2436,94.67,0.2963,106.05,Safe,0.2536333333333333,0.03863966010892608,0.2963,-0.01504999999999998,0.9418096199125464,102.76651079669269,0.9949643204297799,12.134999999999991,94.67
2026-04-01 11:07:35,0.4959,269.22,1.4738,177.76,0.3764,281.82,Danger,0.7820333333333332,0.6020597174145879,1.4738,1.03765,3.3791049430128557,247.3842333140118,0.7003966905099658,97.75999999999999,177.76
2026-04-01 11:07:40,0.0277,226.33,0.0819,269.52,0.1077,294.05,Safe,0.07243333333333334,0.04083152376942763,0.1077,0.014200000000000004,1.2097310231754332,263.69405242188157,0.8841776195242772,9.329999999999984,90.48000000000002
2026-04-01 11:07:45,0.042,93.1,0.0857,61.33,0.062,119.31,Safe,0.06323333333333334,0.021876090449011523,0.0857,0.033699999999999994,1.6480452298994248,91.33105771063168,0.9162198965987446,44.875,61.33
2026-04-01 11:07:50,0.2476,104.03,0.2724,95.79,0.2304,71.98,Safe,0.2501333333333333,0.021114292157998878,0.2724,0.033399999999999985,1.1397441851707732,90.66730891531583,0.9720712101730351,7.784999999999997,95.79
2026-04-01 11:07:55,0.5031,272.23,1.4052,185.48,0.4609,281.09,Danger,0.7897333333333334,0.5334272427738701,1.4052,0.9232,2.9153466486584056,249.7921277635648,0.7374134710169866,91.17999999999998,174.52
2026-04-01 11:08:00,0.1334,282.17,0.1262,255.68,0.1311,276.72,Safe,0.13023333333333334,0.003677408507812706,0.1334,-0.006049999999999972,0.9542460926571446,271.5685087939797,0.9802291903993842,23.764999999999986,104.32
2026-04-01 11:08:05,0.3,117.27,0.5793,156.08,0.3043,102.58,Danger,0.39453333333333335,0.16002707062660784,0.5793,0.27715,1.91725329388286,125.00695127044187,0.9239244081605761,46.155,156.08
2026-04-01 11:08:10,0.2661,284.49,0.3253,250.08,0.2643,283.02,Safe,0.2852333333333333,0.03471042110567564,0.3253,0.06009999999999999,1.2266167925460312,272.67723276688935,0.9619339579066032,33.67499999999998,109.91999999999999
2026-04-01 11:08:15,0.2764,79.94,0.2741,82.69,0.2684,100.09,Safe,0.27296666666666664,0.004118656738954236,0.2764,0.0017000000000000348,1.0062371283512177,87.54942842670104,0.9879139312369938,7.324999999999989,82.69
2026-04-01 11:08:20,0.3,277.23,0.9531,175.86,0.3185,256.43,Danger,0.5238666666666666,0.3718420408363386,0.9531,0.6438499999999999,3.0819625482213477,239.68620561103444,0.7305285970035927,90.97000000000003,175.86
2026-04-01 11:08:25,0.6214,130.09,0.5654,188.42,0.7802,192.0,Danger,0.6556666666666666,0.11142447367312683,0.7802,-0.13539999999999996,0.8067910861999341,171.0621863140965,0.8811523509235634,27.37499999999997,171.58
2026-04-01 11:08:30,0.4213,77.48,1.2916,180.06,0.4458,28.6,Danger,0.7195666666666667,0.4955468326337415,1.2916,0.8580500000000001,2.9791189502503745,86.27069737977124,0.48565005718950344,127.01999999999998,179.94
2026-04-01 11:08:35,0.2205,264.99,0.1435,244.42,0.2015,257.88,Safe,0.1885,0.040112342240263166,0.2205,-0.06750000000000003,0.6800915635470921,255.7746746694401,0.9889485595599647,17.015000000000015,115.58000000000001
2026-04-01 11:08:40,0.3606,264.17,1.2671,176.85,0.4143,250.65,Danger,0.6806666666666666,0.5085754254123308,1.2671,0.8796499999999999,3.270349024779908,232.76462495869703,0.7885341180383196,80.56000000000003,176.85
2026-04-01 11:08:45,0.8864,2.22,0.9125,334.3,0.8946,42.42,Danger,0.8978333333333333,0.01334703462696241,0.9125,0.02200000000000002,1.0247040710790891,6.049721465900932,0.8844410853406806,48.01999999999998,25.69999999999999
2026-04-01 11:08:50,0.1057,76.14,0.1489,98.97,0.1341,88.43,Safe,0.12956666666666666,0.0219538910750084,0.1489,0.028999999999999998,1.2418578660728434,87.8505618255454,0.9867871893144664,16.685000000000002,98.97
2026-04-01 11:08:55,0.6822,355.26,0.7446,255.35,0.6194,306.02,Danger,0.6820666666666666,0.06260010649618208,0.7446,0.0938,1.1441285431337689,305.61766640317137,0.7622447694442954,75.28999999999999,104.65
2026-04-01 11:09:00,0.239,104.47,0.1933,106.07,0.2529,107.04,Safe,0.22840000000000002,0.03118188576722069,0.2529,-0.05265,0.7859289045378958,105.86001748941551,0.9998289849386975,0.3149999999999977,106.07
2026-04-01 11:09:05,0.0874,93.83,0.1039,74.38,0.0948,134.23,Safe,0.09536666666666667,0.008264583070750354,0.1039,0.012800000000000006,1.140492420500324,100.47636111031161,0.9075897597779434,39.64999999999998,74.38
2026-04-01 11:09:10,0.3,301.44,0.5157,167.16,0.3,246.66,Danger,0.37190000000000006,0.12453445306420231,0.5157,0.21570000000000006,1.7189942700191003,241.25866805765253,0.588932673934286,106.89000000000001,167.16
2026-04-01 11:09:15,0.1819,109.37,0.1267,66.6,0.1572,56.82,Safe,0.15526666666666666,0.02765073838676525,0.1819,-0.04285,0.7472677837346875,77.20490648074184,0.9222703432552067,16.495000000000005,66.6
2026-04-01 11:09:20,0.3581,100.67,1.3148,159.41,0.3101,105.04,Danger,0.6609999999999999,0.5667158282596313,1.3148,0.9807,3.9353369190753704,120.97632920559718,0.8942487691381604,56.55500000000001,159.41
2026-04-01 11:09:25,0.6573,240.02,0.6307,192.31,0.5656,100.87,Danger,0.6178666666666667,0.04717778431988232,0.6573,0.01924999999999999,1.0314808545574379,183.34537791083827,0.5560433171381826,21.86499999999998,167.69
2026-04-01 11:09:30,0.4964,271.37,1.5232,167.05,0.5052,260.14,Danger,0.8416,0.5902993139077837,1.5232,1.0224000000000002,3.041527472988273,237.4972656547353,0.6959584178852423,98.70499999999998,167.05
2026-04-01 11:09:35,0.0884,262.34,0.0562,280.5,0.0831,305.63,Safe,0.07590000000000001,0.017265283084849786,0.0884,-0.029549999999999993,0.6553859430210727,282.7661781845426,0.952590489135016,3.4850000000000136,79.5
2026-04-01 11:09:40,0.1253,269.76,0.1443,224.94,0.1445,250.65,Safe,0.13803333333333334,0.011027843548642382,0.1445,0.00940000000000002,1.0696733159872798,248.50819393241017,0.9492942216721184,35.26500000000004,135.06
2026-04-01 11:09:45,1.2264,282.7,1.1762,251.44,1.2222,219.8,Danger,1.2082666666666666,0.02784983542740126,1.2264,-0.04810000000000003,0.9607114590284579,251.32020934582536,0.9020627149067189,0.18999999999999773,108.56
2026-04-01 11:09:50,0.4294,65.81,1.3295,167.54,0.4743,96.44,Danger,0.7444000000000001,0.5072085468522785,1.3295,0.8776499999999999,2.942341612611237,107.74273858604455,0.7425321252105275,86.41500000000002,167.54
2026-04-01 11:09:55,0.1879,257.6,0.153,263.35,0.1521,290.88,Safe,0.16433333333333333,0.020414292378951898,0.1879,-0.017000000000000015,0.8999947059134945,270.5104028903925,0.9681295154865576,10.889999999999986,96.64999999999998
2026-04-01 11:10:00,0.0596,243.73,0.1524,247.8,0.1255,292.94,Safe,0.1125,0.047746308757850596,0.1524,0.059850000000000014,1.6466596795280442,261.0785051553986,0.9257001482193885,20.534999999999968,112.19999999999999
2026-04-01 11:10:05,0.0776,115.38,0.1512,104.38,0.0882,126.4,Safe,0.10566666666666667,0.03978760275931855,0.1512,0.0683,1.823862197078443,115.38662525601033,0.9877292406661717,16.50999999999999,104.38
2026-04-01 11:10:10,0.4504,42.33,1.3828,180.62,0.4576,129.01,Danger,0.7636,0.5362550139625736,1.3828,0.9288000000000001,3.0458082691447816,121.72864373869865,0.5641909516532322,94.94999999999999,179.38
2026-04-01 11:10:15,0.3375,260.41,0.2932,257.93,0.2714,238.26,Safe,0.3007,0.033682191140126286,0.3375,-0.011249999999999982,0.9630449563312324,252.23367122295855,0.9851012655988544,8.595000000000027,102.07
2026-04-01 11:10:20,0.1557,270.6,0.2096,252.08,0.1571,251.38,Safe,0.17413333333333333,0.030723009835192477,0.2096,0.053200000000000025,1.340144883984118,257.99457952111106,0.9879720782675546,8.909999999999997,107.91999999999999
2026-04-01 11:10:25,0.2591,237.58,0.3101,273.51,0.2086,249.5,Safe,0.25926666666666665,0.05075020525410052,0.3101,0.07624999999999998,1.3260580455076094,253.46309387904938,0.966281061828233,29.97,86.49000000000001
2026-04-01 11:10:30,0.3,244.5,0.5603,186.57,0.3,264.74,Danger,0.3867666666666667,0.1502842750700596,0.5603,0.26030000000000003,1.8676604411318631,233.02047935775562,0.8398697309970065,68.05000000000001,173.43
2026-04-01 11:10:35,0.077,273.16,0.0591,234.48,0.1,288.55,Safe,0.0787,0.02050292662036325,0.1,-0.029399999999999996,0.6677890645303444,265.69644750418485,0.922747920510812,46.37500000000003,125.52000000000001
2026-04-01 11:10:40,0.1306,253.82,0.1132,272.48,0.1293,272.09,Safe,0.12436666666666667,0.009692436914075496,0.1306,-0.016750000000000015,0.8710975675446898,266.15385919579677,0.9884893597449296,9.525000000000034,87.51999999999998
2026-04-01 11:10:45,0.432,71.54,1.482,167.08,0.4402,91.34,Danger,0.7847333333333334,0.6038645653897348,1.482,1.0459,3.3982953490131877,107.41935282929293,0.7587508117061614,85.63999999999999,167.08
2026-04-01 11:10:50,0.205,132.27,0.2058,124.41,0.2044,82.9,Safe,0.20506666666666665,0.0007023769168568562,0.2058,0.0011000000000000176,1.0053688062100332,113.5409852277369,0.9298287677702249,16.82499999999999,124.41
2026-04-01 11:10:55,1.3621,91.46,1.1741,66.4,1.2422,61.11,Danger,1.2594666666666667,0.09518194856869315,1.3621,-0.12805000000000022,0.9016619424321756,72.91508966486064,0.9734886255790903,9.884999999999991,66.4
2026-04-01 11:11:00,0.3072,250.9,1.1543,174.55,0.3,251.54,Danger,0.5871666666666667,0.4911650672974753,1.1543,0.8507000000000001,3.80202963758354,227.6509702841633,0.8111786958930038,76.66999999999996,174.55
2026-04-01 11:11:05,0.1502,101.06,0.2267,95.09,0.1955,82.56,Safe,0.1908,0.03846595897673683,0.2267,0.05385000000000001,1.3115342115463609,92.91276343685887,0.9909684030168744,3.280000000000001,95.09
2026-04-01 11:11:10,0.3523,259.7,0.9079,157.86,0.3407,278.9,Danger,0.5336333333333333,0.32417633061858997,0.9079,0.5614,2.620194458313252,239.21160186438345,0.6188808222940966,111.43999999999994,157.86
2026-04-01 11:11:15,0.1196,82.55,0.1225,114.24,0.1378,80.14,Safe,0.12663333333333335,0.00977871838910056,0.1378,-0.006200000000000011,0.9518185561883745,92.17401070313123,0.9635672898595673,32.89500000000001,114.24
2026-04-01 11:11:20,0.3,248.85,0.7563,182.19,0.3556,242.2,Danger,0.4706333333333334,0.2489516485852892,0.7563,0.4285,2.307192473482387,225.45074941495912,0.8678591195030634,63.33499999999998,177.81
2026-04-01 11:11:25,0.3,268.3,0.5295,158.44,0.3,259.14,Danger,0.3765,0.1325018867790191,0.5295,0.22949999999999998,1.764994116686278,234.57701403738307,0.6602790664014934,105.28000000000003,158.44
2026-04-01 11:11:30,0.3,111.05,0.6209,176.19,0.3,88.43,Danger,0.4069666666666667,0.1852717013829509,0.6209,0.3209,2.069659767800774,123.62416591293609,0.8003560191046831,76.44999999999999,176.19
2026-04-01 11:11:35,0.2448,293.01,0.2705,266.32,0.2244,233.56,Safe,0.24656666666666668,0.023100721489454266,0.2705,0.03590000000000004,1.15302151312228,264.39385838467115,0.9119800754251406,3.035000000000025,93.68
2026-04-01 11:11:40,0.2435,109.92,0.2548,84.92,0.2216,83.64,Safe,0.23996666666666666,0.016879672192709604,0.2548,0.022250000000000048,1.0956736371806617,92.76256109842508,0.9778319887053999,11.860000000000014,84.92
2026-04-01 11:11:45,0.1443,290.84,0.1052,286.81,0.1243,280.93,Safe,0.1246,0.01955172626649627,0.1443,-0.0291,0.783315090729034,286.19410048013543,0.9974796384282558,0.9250000000000114,73.19
2026-04-01 11:11:50,0.3,93.75,0.6543,163.36,0.3338,93.15,Danger,0.4293666666666667,0.1955296993638903,0.6543,0.33740000000000003,2.0646826611465414,115.28863982811546,0.8415498037979585,69.91000000000003,163.36
2026-04-01 11:11:55,0.8531,256.62,0.6684,166.67,0.7017,163.67,Danger,0.7410666666666668,0.09844197952770622,0.8531,-0.10899999999999999,0.8597879344122273,192.02860305213437,0.7375692406688584,43.474999999999994,166.67
2026-04-01 11:12:00,0.1569,290.4,0.1521,254.24,0.1594,257.58,Safe,0.15613333333333335,0.003709896674212537,0.1594,-0.00605,0.961739097444847,267.25090151592,0.9598670373784784,19.75,105.75999999999999
2026-04-01 11:12:05,0.2396,277.63,0.2532,279.07,0.2949,254.81,Safe,0.26256666666666667,0.02881533156729822,0.2949,-0.014050000000000007,0.947423957253668,270.5526712517892,0.9812806102210913,12.849999999999966,80.93
2026-04-01 11:12:10,0.3,263.92,0.6391,189.0,0.3,260.9,Danger,0.41303333333333336,0.1957794762822021,0.6391,0.3391,2.130326232245893,239.65434617604785,0.8258941436210991,73.40999999999997,171.0
2026-04-01 11:12:15,0.1129,242.72,0.2034,278.87,0.1326,246.96,Safe,0.14963333333333334,0.04759373208032055,0.2034,0.08065,1.6570129774910185,256.0359329145728,0.9607425316536778,34.02999999999997,81.13
2026-04-01 11:12:20,0.2672,294.98,0.2851,252.31,0.3386,259.59,Safe,0.29696666666666666,0.03714974203589217,0.3386,-0.017799999999999983,0.941231623533762,268.7454154065904,0.947797118585057,24.974999999999966,107.69
2026-04-01 11:12:25,0.186,94.12,0.1523,85.6,0.183,48.64,Safe,0.17376666666666665,0.01865109469530766,0.186,-0.032200000000000006,0.8254697806515954,76.36912279589475,0.9415327766047401,14.21999999999997,85.6
2026-04-01 11:12:30,0.3,284.32,0.6374,178.26,0.3,284.47,Danger,0.4124666666666667,0.19479798082457972,0.6374,0.3374,2.124659584468052,255.24161311627256,0.6572998695012953,106.13499999999999,178.26
2026-04-01 11:12:35,0.3424,275.04,1.2647,163.74,0.4253,312.02,Danger,0.6774666666666667,0.5102453756119043,1.2647,0.8808499999999999,3.2947680219668567,262.0884360564121,0.49102312020754146,129.78999999999996,163.74
2026-04-01 11:12:40,0.9013,10.12,0.7246,291.74,0.8273,319.71,Danger,0.8177333333333334,0.08873760946370672,0.9013,-0.13970000000000005,0.8383653380014601,326.5338896332145,0.8461550464460427,53.174999999999955,68.25999999999999
2026-04-01 11:12:45,0.365,242.54,1.4514,176.08,0.4115,249.65,Danger,0.7426333333333334,0.6142501146384373,1.4514,1.06315,3.738303314093203,224.19622226525587,0.8399131257184818,70.01499999999996,176.08
2026-04-01 11:12:50,0.4051,263.55,1.2103,193.94,0.4174,296.23,Danger,0.6776,0.46137272351104586,1.2103,0.7990499999999999,2.9429715672423895,253.26554433333604,0.7419565589496429,85.94999999999999,166.06
2026-04-01 11:12:55,1.1258,220.4,0.8475,268.6,0.8959,189.03,Danger,0.9564,0.14868728930207847,1.1258,-0.16335,0.8384024945318351,225.4994943778252,0.8434571803416395,63.88500000000002,91.39999999999998
2026-04-01 11:13:00,0.3,293.65,1.0595,215.02,0.3397,289.99,Danger,0.5664000000000001,0.4274982222185258,1.0595,0.7396500000000001,3.312479873441072,268.20958932104327,0.8102714550397477,76.79999999999998,144.98
2026-04-01 11:13:05,0.2201,293.65,0.2338,279.36,0.1934,311.63,Safe,0.21576666666666666,0.020545640251239037,0.2338,0.02705000000000002,1.1308288714443946,294.86343702198894,0.973626058187458,23.279999999999973,80.63999999999999
2026-04-01 11:13:10,0.153,245.13,0.0748,272.06,0.1521,230.6,Safe,0.12663333333333335,0.04489123893738436,0.153,-0.07775000000000001,0.49032782479302,249.17094464934894,0.9555679005371268,34.19499999999999,87.94
2026-04-01 11:13:15,0.2721,267.95,0.2223,307.92,0.2435,267.52,Safe,0.24596666666666667,0.024991465209813803,0.2721,-0.03550000000000003,0.8622930089487628,280.8756242639869,0.946090322994791,40.18500000000006,52.079999999999984
2026-04-01 11:13:20,0.3578,288.89,1.2993,189.89,0.4476,273.03,Danger,0.7015666666666666,0.519595865392839,1.2993,0.8965999999999998,3.2264633065227053,253.95920280817518,0.7340816793761898,91.07,170.11
2026-04-01 11:13:25,1.3693,167.02,1.3472,250.25,1.1575,203.01,Danger,1.2913333333333332,0.1164286190476093,1.3693,0.0838000000000001,1.066328109602573,206.38114658813802,0.8307871107378275,65.23500000000001,109.75
2026-04-01 11:13:30,0.4243,285.89,1.3765,162.0,0.4829,250.52,Danger,0.7612333333333333,0.5336415401122119,1.3765,0.9229,3.0346053028983624,237.64639103915414,0.6295781231840561,106.20499999999998,162.0
2026-04-01 11:13:35,0.3,274.88,1.0227,175.76,0.3679,273.25,Danger,0.5635333333333333,0.39909663407918305,1.0227,0.68875,3.062425325871161,245.99274244745123,0.7009104361499512,98.305,175.76
2026-04-01 11:13:40,0.13,88.98,0.1004,67.76,0.0971,66.57,Safe,0.10916666666666668,0.018117486948617718,0.13,-0.013150000000000009,0.8841841991704168,74.397410869074,0.9839220099199596,10.014999999999986,67.76
2026-04-01 11:13:45,0.2516,274.96,0.3007,286.56,0.2381,290.2,Safe,0.2634666666666667,0.032943942285848765,0.3007,0.05585000000000001,1.2280938203233804,283.91428810078247,0.9935783943244113,3.980000000000018,73.44
2026-04-01 11:13:50,0.384,73.5,1.1932,172.84,0.4023,62.51,Danger,0.6598333333333333,0.46199970057710354,1.1932,0.80005,3.0349662089120977,97.1328563284658,0.6619736571683654,104.83499999999998,172.84
2026-04-01 11:13:55,0.1593,256.37,0.1964,268.31,0.1891,260.8,Safe,0.18159999999999998,0.019654261624390774,0.1964,0.022199999999999998,1.1274332523923514,261.8248175467131,0.9963042038452867,9.724999999999966,91.69
2026-04-01 11:14:00,0.3,311.73,0.8157,175.27,0.3,274.63,Danger,0.4719,0.29773953382109003,0.8157,0.5157,2.718990936696878,261.42984537260566,0.5597724004746194,117.91,175.27
2026-04-01 11:14:05,0.4403,251.63,1.3288,210.49,0.3231,264.88,Danger,0.6974,0.5499394784883151,1.3288,0.9470999999999999,3.4812588911215845,242.69421385775564,0.9199937689169146,47.764999999999986,149.51
2026-04-01 11:14:10,0.3,101.8,0.8978,174.5,0.3,96.96,Danger,0.4992666666666667,0.3451399909215583,0.8978,0.5978000000000001,2.9926566911443633,122.57928102603252,0.8177974552817955,75.12,174.5
2026-04-01 11:14:15,0.1457,271.54,0.1557,313.3,0.1647,293.81,Safe,0.15536666666666668,0.009504384952922176,0.1647,0.0005000000000000004,1.0032151854691658,292.90453777325865,0.9561553984319923,30.625000000000057,46.69999999999999
2026-04-01 11:14:20,0.2401,231.3,0.141,277.58,0.1894,277.56,Safe,0.19016666666666668,0.0495544481689922,0.2401,-0.07375000000000001,0.6565743582102062,262.5405240351489,0.92886090815628,23.149999999999977,82.42000000000002
2026-04-01 11:14:25,0.2421,107.8,0.2398,104.84,0.2597,109.98,Safe,0.2472,0.010886229834060996,0.2597,-0.011099999999999999,0.9557554573317764,107.5400870062789,0.9993243102713381,4.050000000000011,104.84
2026-04-01 11:14:30,0.0793,279.47,0.1459,273.38,0.1198,261.99,Safe,0.115,0.03355845646033202,0.1459,0.04635,1.465580456248556,271.62015566081067,0.9920219522370145,2.6499999999999773,86.62
2026-04-01 11:14:35,0.4052,98.82,1.0067,173.15,0.3156,75.03,Danger,0.5758333333333333,0.3758212385341378,1.0067,0.6462999999999999,2.793277488131276,113.1806982168467,0.7518687272751149,86.22500000000002,173.15
2026-04-01 11:14:40,0.3,52.14,0.9868,198.3,0.3,103.89,Danger,0.5289333333333334,0.396524164879435,0.9868,0.6868000000000001,3.289322368925437,111.7070359210522,0.5188887709161997,120.28500000000003,161.7
2026-04-01 11:14:45,0.3237,286.44,1.0336,175.38,0.3,277.4,Danger,0.5524333333333333,0.41687101522333425,1.0336,0.7217500000000001,3.314403352883269,252.63219391610048,0.6531939266195744,106.53999999999996,175.38
2026-04-01 11:14:50,0.4046,241.06,1.2975,176.2,0.3236,244.78,Danger,0.6752333333333334,0.5404184520659278,1.2975,0.9334000000000001,3.5635716463289038,221.92942397690175,0.854780845070533,66.71999999999997,176.2
2026-04-01 11:14:55,0.1424,70.67,0.1228,93.03,0.1349,55.17,Safe,0.13336666666666666,0.009889556781440371,0.1424,-0.01584999999999999,0.8856769875442659,72.9140433395048,0.963553036455229,30.110000000000014,93.03
2026-04-01 11:15:00,0.1475,94.77,0.0553,57.91,0.1135,81.78,Safe,0.10543333333333332,0.04662631588849084,0.1475,-0.0752,0.42375154213377675,78.2169590249953,0.9648234045458288,30.36500000000001,57.91
2026-04-01 11:15:05,0.2791,268.89,0.1888,272.56,0.1791,260.37,Safe,0.21566666666666667,0.05514855694697128,0.2791,-0.04030000000000003,0.824090684894435,267.2763377481081,0.9960328241959472,7.930000000000007,87.44
2026-04-01 11:15:10,0.1642,106.52,0.1902,119.15,0.2143,106.08,Safe,0.18956666666666666,0.025056003937845572,0.2143,0.0009500000000000064,1.0050145045468717,110.57534130148517,0.9944141133710799,12.850000000000023,119.15
2026-04-01 11:15:15,0.3977,256.93,1.0402,168.37,0.3715,260.89,Danger,0.6031333333333333,0.3787374596383798,1.0402,0.6556,2.704621152831116,232.22376926828355,0.7421851346585671,90.53999999999996,168.37
2026-04-01 11:15:20,1.0564,148.59,1.0868,104.5,0.8868,210.67,Danger,1.01,0.107771610361913,1.0868,0.11519999999999997,1.118566160388884,153.49954188737746,0.7315125525539377,75.13,104.5
2026-04-01 11:15:25,0.1241,106.02,0.1367,71.72,0.0685,108.46,Safe,0.10976666666666667,0.03628902497082737,0.1367,0.04039999999999999,1.4195075855910115,95.57226950896796,0.9576069565124846,35.51999999999998,71.72
2026-04-01 11:15:30,0.2608,94.2,0.2336,73.45,0.3187,91.72,Safe,0.2710333333333333,0.04346312613392337,0.3187,-0.05614999999999995,0.8062094695100278,86.48384504945824,0.9870031351965628,19.50999999999999,73.45
2026-04-01 11:15:35,0.3,291.94,1.1123,159.89,0.3339,293.05,Danger,0.5820666666666666,0.45950826252999344,1.1123,0.7953500000000001,3.5093752662083424,263.40542965021984,0.5046440892293961,132.60500000000002,159.89
2026-04-01 11:15:40,0.242,284.68,0.1923,253.65,0.152,257.81,Safe,0.19543333333333335,0.04508174057568467,0.242,-0.00470000000000001,0.9761371769686448,265.2910745456626,0.9714018707925712,17.595,106.35
2026-04-01 11:15:45,0.4129,91.56,1.1445,189.37,0.4046,109.18,Danger,0.654,0.42480573207055483,1.1445,0.7357500000000001,2.799993149863854,127.00213556021252,0.7435019325882393,89.0,170.63
2026-04-01 11:15:50,1.3693,75.77,1.3096,80.12,1.2784,41.11,Danger,1.3191,0.04618863496575752,1.3693,-0.014249999999999874,0.9892351933865671,65.85527099602699,0.954136806842468,21.680000000000007,80.12
2026-04-01 11:15:55,0.3,271.01,0.7224,195.68,0.3,266.88,Danger,0.4408,0.24387275370569794,0.7224,0.42240000000000005,2.4079919733600894,246.22108328902823,0.8263602059734484,73.26499999999999,164.32
2026-04-01 11:16:00,0.8494,187.6,0.9542,188.63,1.0153,191.96,Danger,0.9396333333333334,0.08390377424963276,1.0153,0.021850000000000036,1.0234343074657506,189.39648733604702,0.9994727530702825,1.1500000000000057,171.37
2026-04-01 11:16:05,0.3763,80.73,0.8962,187.54,0.3317,90.69,Danger,0.5347333333333334,0.3138326039998606,0.8962,0.5422,2.5316312665783434,114.4140570289074,0.6792903841525024,101.82999999999998,172.46
2026-04-01 11:16:10,0.1559,111.39,0.2223,109.46,0.1418,105.91,Safe,0.17333333333333334,0.0429884092905673,0.2223,0.07344999999999999,1.4934397484733053,108.92020394651745,0.9992156320054298,0.8100000000000023,109.46
2026-04-01 11:16:15,0.3,69.05,0.8536,190.49,0.3153,103.46,Danger,0.48963333333333336,0.315297198422906,0.8536,0.54595,2.774572486356294,116.46712743009587,0.6420838561648408,104.23500000000001,169.51
2026-04-01 11:16:20,0.3578,79.79,1.2314,186.8,0.4075,80.04,Danger,0.6655666666666666,0.4906557279124879,1.2314,0.8487500000000001,3.2180760013693943,109.15222299265417,0.6530421940274833,106.88499999999999,173.2
2026-04-01 11:16:25,0.152,92.66,0.207,106.23,0.1529,117.57,Safe,0.17063333333333333,0.03149767187163732,0.207,0.05454999999999999,1.3578133301847806,105.49258580561145,0.9842687219678163,1.115000000000009,106.23
2026-04-01 11:16:30,0.2082,272.28,0.1779,265.5,0.23,257.0,Safe,0.20536666666666667,0.02616530782034359,0.23,-0.041200000000000014,0.811954304179351,264.92837089555013,0.9940570194373378,0.8600000000000136,94.5
2026-04-01 11:16:35,0.3625,242.81,1.2855,187.7,0.401,284.99,Danger,0.6830000000000002,0.5221352794056345,1.2855,0.90375,3.367378212499771,239.12943694084305,0.7726074551177579,76.19999999999999,172.3
2026-04-01 11:16:40,0.1257,93.14,0.148,86.35,0.1172,80.31,Safe,0.1303,0.015906916734552922,0.148,0.02654999999999999,1.2185984471103573,86.59947623516355,0.9958210520718258,0.375,86.35
2026-04-01 11:16:45,0.3,280.48,0.5883,172.34,0.3,247.87,Danger,0.39610000000000006,0.16645008260736915,0.5883,0.28830000000000006,1.9609934633551225,236.27295980579072,0.7119443581162398,91.83500000000001,172.34
2026-04-01 11:16:50,0.0953,81.82,0.1162,119.16,0.1261,108.04,Safe,0.11253333333333333,0.01572397320442048,0.1261,0.005500000000000005,1.0496743480185364,103.09663514903839,0.9630253058966408,24.230000000000018,119.16
2026-04-01 11:16:55,0.5929,358.09,0.6612,330.67,0.6775,44.23,Danger,0.6438666666666667,0.04488455562143101,0.6775,0.026000000000000023,1.0409303511801775,3.8548867841976024,0.8645569740582748,50.48999999999995,29.329999999999984
2026-04-01 11:17:00,0.3899,151.19,1.0218,211.73,0.3998,89.02,Danger,0.6038333333333333,0.3620035957464143,1.0218,0.62695,2.5878116048838677,150.79107916284565,0.6529043448002928,91.625,148.27
2026-04-01 11:17:05,0.31,106.42,0.2268,108.76,0.3061,70.62,Safe,0.28096666666666664,0.04695022186671042,0.31,-0.08124999999999999,0.7362417262076735,95.46175450182105,0.9541411508963261,20.24000000000001,108.76
2026-04-01 11:17:10,0.9102,71.29,0.7904,13.3,0.7729,327.55,Danger,0.8245,0.07473238922983795,0.9102,-0.05115000000000003,0.9392181816669458,16.68191986945721,0.7439147757018463,6.1200000000000045,13.300000000000011
2026-04-01 11:17:15,0.1193,289.65,0.1692,293.82,0.1132,253.63,Safe,0.1339,0.030722467348831207,0.1692,0.05295,1.4554713507840793,279.243598993753,0.9510313849120157,22.180000000000007,66.18
2026-04-01 11:17:20,0.0755,295.61,0.0599,274.54,0.01,264.58,Safe,0.048466666666666665,0.034214080921944015,0.0755,0.017150000000000006,1.4011368155130874,278.1978512488755,0.9746758039968719,5.555000000000007,85.45999999999998
2026-04-01 11:17:25,0.2885,262.09,0.2095,311.57,0.2268,277.25,Safe,0.2416,0.04152746079403362,0.2885,-0.04815,0.8131154158144157,283.4315040586901,0.9358079431225504,41.900000000000034,48.43000000000001
2026-04-01 11:17:30,0.1613,88.54,0.2179,109.58,0.2222,62.57,Safe,0.20046666666666665,0.033987399625939815,0.2222,0.026150000000000007,1.136369562609843,86.94472871905704,0.9444838883441982,34.02499999999998,109.58
2026-04-01 11:17:35,0.3188,261.64,0.9876,169.29,0.3382,256.98,Danger,0.5482,0.3806551720389466,0.9876,0.6591,3.0063835422114393,232.72198400019036,0.74475899059232,90.02000000000001,169.29
2026-04-01 11:17:40,0.2177,51.38,0.1546,106.45,0.2598,63.77,Safe,0.21069999999999997,0.05294818221620077,0.2598,-0.08415,0.6475365548207128,73.46571656675047,0.917052796264213,48.875,106.45
2026-04-01 11:17:45,0.1238,238.35,0.1287,247.82,0.1096,274.07,Safe,0.12069999999999999,0.009920181449953424,0.1287,0.01200000000000001,1.102818313467751,253.32261167452492,0.9655308740911188,8.389999999999986,112.18
2026-04-01 11:17:50,0.0281,245.3,0.0567,258.01,0.0296,278.24,Safe,0.03813333333333333,0.01609668702973793,0.0567,0.02785,1.9652698346677757,260.48160952420966,0.9721738193629168,3.759999999999991,101.99000000000001
2026-04-01 11:17:55,0.0999,261.58,0.0788,268.37,0.1279,280.87,Safe,0.1022,0.024630671935617195,0.1279,-0.035100000000000006,0.6918288689300357,270.2643662637842,0.9903019503997968,2.855000000000018,91.63
2026-04-01 11:18:00,0.2849,292.2,0.2399,252.63,0.2668,271.96,Safe,0.26386666666666664,0.022642953282055168,0.2849,-0.03594999999999998,0.8696723956048737,272.2571205063051,0.9606394152162476,29.44999999999999,107.37
2026-04-01 11:18:05,0.1407,94.45,0.1739,116.83,0.126,43.39,Safe,0.14686666666666667,0.024538201509754814,0.1739,0.04055,1.3040772097697055,85.6104907361061,0.8612915984722972,47.91,116.83
2026-04-01 11:18:10,0.098,89.32,0.0755,65.11,0.08,99.0,Safe,0.0845,0.01190588089979066,0.098,-0.013499999999999998,0.8483050752238739,84.54746938677677,0.9692976148252037,29.05000000000001,65.11
2026-04-01 11:18:15,0.2384,81.5,0.298,81.87,0.3263,87.73,Safe,0.2875666666666667,0.04486918021686303,0.3263,0.015649999999999997,1.0554239227061353,83.69917550798708,0.9987600941851571,2.7450000000000045,81.87
2026-04-01 11:18:20,0.1615,280.98,0.1431,262.13,0.1478,231.82,Safe,0.1508,0.009559811713627003,0.1615,-0.011550000000000005,0.925309244686423,258.43217115525067,0.9385123070944497,5.730000000000018,97.87
2026-04-01 11:18:25,0.284,63.16,0.2535,76.01,0.2783,113.25,Safe,0.2719333333333333,0.01621614421905938,0.284,-0.027650000000000008,0.9016507143847968,83.87427053754958,0.93245754112468,12.194999999999993,76.01
2026-04-01 11:18:30,0.14,265.52,0.0907,301.24,0.1174,255.92,Safe,0.11603333333333334,0.024678398111168676,0.14,-0.038000000000000006,0.70473422894927,273.998176217119,0.9429295206750056,40.52000000000004,58.75999999999999
2026-04-01 11:18:35,0.3,105.13,0.6831,190.47,0.3,116.47,Danger,0.4277,0.22118288812654566,0.6831,0.38310000000000005,2.2769924100253003,135.19228589259865,0.7940553694316633,79.67000000000002,169.53
2026-04-01 11:18:40,0.4927,300.58,0.5566,336.66,0.5276,25.57,Danger,0.5256333333333334,0.031995364247548924,0.5566,0.04644999999999999,1.0910495127913107,340.48335766626536,0.823646206052231,6.414999999999964,23.339999999999975
2026-04-01 11:18:45,0.1297,108.12,0.1079,86.82,0.1317,70.27,Safe,0.1231,0.01320151506456741,0.1317,-0.022800000000000015,0.8255483890712388,88.37378463364024,0.963775284610738,2.375,86.82
2026-04-01 11:18:50,0.3,295.88,0.8886,168.73,0.3,233.91,Danger,0.4962,0.3398283684450137,0.8886,0.5886,2.961990126699578,233.15418605964004,0.6299557230364345,96.16499999999999,168.73
2026-04-01 11:18:55,1.0516,315.88,0.9439,267.92,1.0196,17.28,Danger,1.0050333333333334,0.055307895759406187,1.0516,-0.09170000000000011,0.9114514180654518,319.4838068534912,0.7175325864535256,78.65999999999997,92.07999999999998
2026-04-01 11:19:00,1.2789,262.79,1.0985,292.23,0.8833,254.43,Danger,1.0869,0.19805494187219866,1.2789,0.017400000000000082,1.0160937784721318,269.6898387627375,0.9603702958072415,33.620000000000005,67.76999999999998
2026-04-01 11:19:05,0.1612,97.86,0.2374,73.07,0.2631,68.47,Safe,0.22056666666666666,0.05299455946918828,0.2631,0.025249999999999995,1.1190142869936979,79.72873103961234,0.9747853356941941,10.095000000000027,73.07
2026-04-01 11:19:10,0.3,261.72,1.236,191.11,0.4022,283.4,Danger,0.6460666666666667,0.5134464074597594,1.236,0.8849,3.520354541855478,247.48019240014747,0.7776461184177619,81.44999999999999,168.89
2026-04-01 11:19:15,0.0684,285.88,0.0328,273.46,0.01,266.34,Safe,0.03706666666666667,0.029432861453371015,0.0684,-0.006399999999999996,0.8367133491492564,275.2181115219524,0.99009474458918,2.6499999999999773,86.54000000000002
2026-04-01 11:19:20,0.3,262.07,0.7062,202.99,0.3,242.82,Danger,0.4354,0.234519679344826,0.7062,0.40620000000000006,2.3539921533594894,236.28196990613662,0.9099301584863484,49.454999999999984,157.01
2026-04-01 11:19:25,0.1875,286.5,0.214,229.24,0.247,249.84,Safe,0.21616666666666665,0.029809114937101592,0.247,-0.003250000000000003,0.9850357420679307,254.9574599996402,0.9164035840357877,38.93000000000001,130.76
2026-04-01 11:19:30,0.2482,95.2,0.2948,84.84,0.2579,130.17,Safe,0.2669666666666667,0.024587462929983914,0.2948,0.04175000000000001,1.1649825529241142,103.18713221054993,0.9435361320092731,27.845,84.84
2026-04-01 11:19:35,0.1527,257.01,0.052,281.1,0.075,253.41,Safe,0.09323333333333333,0.05276801430159499,0.1527,-0.06185000000000001,0.4567373145602585,263.7764811587517,0.9771167224007211,25.890000000000043,78.89999999999998
2026-04-01 11:19:40,0.7167,206.22,0.5336,28.18,0.6224,300.48,Danger,0.6242333333333333,0.09156376648725922,0.7167,-0.13595000000000002,0.7969519872272612,300.5961017932864,0.3219504111430094,134.82999999999998,28.180000000000007
2026-04-01 11:19:45,0.3525,85.81,1.5756,168.14,0.42,60.89,Danger,0.7827000000000001,0.687500450908943,1.5756,1.18935,4.0792127399022915,101.41054367666676,0.7061354456664987,94.78999999999996,168.14
2026-04-01 11:19:50,0.5928,10.52,0.5967,31.61,0.4636,34.61,Danger,0.5510333333333334,0.07574459276630466,0.5967,0.0685,1.1296835863620098,25.62218581267702,0.9825761284733053,9.045000000000016,31.610000000000014
2026-04-01 11:19:55,0.3741,261.1,1.2,189.71,0.3049,269.59,Danger,0.6263333333333333,0.4980132963419083,1.2,0.8604999999999999,3.534599308985835,241.98223278667837,0.8142995270619768,75.63500000000002,170.29
2026-04-01 11:20:00,0.1456,264.86,0.0224,294.98,0.1123,279.83,Safe,0.09343333333333333,0.06373008185569302,0.1456,-0.10655,0.17370939349055065,279.88929699091267,0.977102570416798,22.63499999999999,65.01999999999998
2026-04-01 11:20:05,0.2577,253.84,0.2348,273.46,0.2701,260.31,Safe,0.2542,0.017908377927662793,0.2701,-0.029100000000000015,0.8897275872391541,262.52584526558087,0.9898764343889145,16.38499999999999,86.54000000000002
2026-04-01 11:20:10,0.1308,94.22,0.0673,101.94,0.0781,67.27,Safe,0.09206666666666667,0.0339759228474126,0.1308,-0.03715,0.6443212606868292,87.9068909502643,0.9666414638137953,21.194999999999993,101.94
2026-04-01 11:20:15,0.2169,122.91,0.21,106.88,0.2111,77.67,Safe,0.21266666666666667,0.00370720020140987,0.2169,-0.004000000000000031,0.9813038256830574,102.6044212821983,0.9472876861698153,6.590000000000003,106.88
2026-04-01 11:20:20,0.2292,283.95,0.1835,258.67,0.1482,258.0,Safe,0.18696666666666664,0.040611123271012003,0.2292,-0.005199999999999982,0.9724378779126768,266.80915720004975,0.9779047391712574,12.30499999999995,101.32999999999998
2026-04-01 11:20:25,1.0232,134.01,1.0821,125.08,1.0815,29.91,Danger,1.0622666666666667,0.033834055821514046,1.0821,0.029749999999999943,1.02826908512464,101.1868338007498,0.6918819084279715,43.120000000000005,125.08
2026-04-01 11:20:30,0.1388,101.23,0.0976,61.94,0.0987,54.91,Safe,0.11170000000000001,0.023475732150456993,0.1388,-0.021149999999999988,0.8218878156815522,72.40252672649093,0.9377352095524552,16.129999999999995,61.94
2026-04-01 11:20:35,0.0241,58.74,0.0716,58.22,0.0472,119.6,Safe,0.04763333333333333,0.02375296472723633,0.0716,0.035949999999999996,2.008358811814535,77.90558162228906,0.8776106943283165,30.94999999999999,58.22
2026-04-01 11:20:40,0.4694,274.73,1.5877,190.8,0.3892,285.61,Danger,0.8154333333333333,0.6700036293434039,1.5877,1.1583999999999999,3.6983375300779637,253.62908923999373,0.745939574470458,89.36999999999995,169.2
2026-04-01 11:20:45,1.2769,149.07,1.1641,232.86,1.1732,139.41,Danger,1.2047333333333332,0.06266357261865406,1.2769,-0.06095000000000006,0.950246153017303,170.60516253020288,0.7503800878833529,88.62,127.13999999999999
2026-04-01 11:20:50,0.3576,284.86,1.4159,181.91,0.4345,271.52,Danger,0.7359999999999999,0.590064750684194,1.4159,1.01985,3.5750446280908266,250.28669361200548,0.7080056640749598,96.28,178.09
2026-04-01 11:20:55,0.4041,290.08,1.4,165.92,0.4832,276.99,Danger,0.7624333333333334,0.5535635856280046,1.4,0.9563499999999999,3.155633594875251,253.35127979404655,0.5874618503621335,117.61499999999998,165.92
2026-04-01 11:21:00,0.2222,112.78,0.2307,69.71,0.188,91.34,Safe,0.21363333333333334,0.022602286020076228,0.2307,0.025599999999999984,1.1248116781488144,91.27821228586119,0.9534620430186029,32.35000000000002,69.71
2026-04-01 11:21:05,0.1924,125.75,0.2282,114.72,0.2495,77.67,Safe,0.22336666666666663,0.028855213278250667,0.2495,0.0072500000000000064,1.032808179189051,106.30532118086131,0.9366286461313719,13.009999999999991,114.72
2026-04-01 11:21:10,0.1632,269.29,0.2475,265.61,0.3009,270.39,Safe,0.2372,0.06942542761841657,0.3009,0.015449999999999992,1.066575882025934,268.43024144289126,0.9993637757469682,4.230000000000018,94.38999999999999
2026-04-01 11:21:15,0.3,84.03,0.9703,170.73,0.3,66.16,Danger,0.5234333333333333,0.3869978854378062,0.9703,0.6703000000000001,3.23432255225816,103.02029693518364,0.7083245645828313,95.63499999999999,170.73
2026-04-01 11:21:20,0.6675,292.91,0.7941,310.94,0.9,32.05,Danger,0.7872,0.11640347932944274,0.9,0.010350000000000081,1.0132044488619474,328.8014445302017,0.7373503861644487,31.54000000000002,49.06
2026-04-01 11:21:25,0.4958,278.76,1.5112,204.1,0.4815,259.09,Danger,0.8295,0.5904128132078437,1.5112,1.02255,3.0925957380625437,248.23247397087258,0.8537385351431929,64.82499999999996,155.9
2026-04-01 11:21:30,0.3,265.57,0.6806,195.03,0.3088,265.49,Danger,0.42979999999999996,0.2172437340868546,0.6806,0.3762,2.235866505037763,243.53585670676574,0.8389957728669234,70.50000000000003,164.97
2026-04-01 11:21:35,0.3,253.46,0.701,193.17,0.3,286.78,Danger,0.43366666666666664,0.23151745794503992,0.701,0.40099999999999997,2.3366588778037407,245.66259920145984,0.7843272026850792,76.95000000000002,166.83
2026-04-01 11:21:40,0.1097,116.3,0.1513,31.98,0.1091,97.33,Safe,0.12336666666666667,0.024192836405294293,0.1513,0.04189999999999999,1.382985530296798,83.45114456164531,0.8112727187287297,74.835,31.97999999999999
2026-04-01 11:21:45,0.1962,74.55,0.1867,52.64,0.1992,50.52,Safe,0.19403333333333336,0.0065255906501506256,0.1992,-0.010999999999999982,0.9443553649197527,59.19135223974216,0.982108734482982,9.89500000000001,52.64
2026-04-01 11:21:50,0.01,65.04,0.0418,83.51,0.0649,100.49,Safe,0.0389,0.027564651276589733,0.0649,0.00435,1.1161250700915863,83.02144783991669,0.9683340088854552,0.7450000000000045,83.51
2026-04-01 11:21:55,0.3,88.93,0.633,175.92,0.3,92.57,Danger,0.41100000000000003,0.1922576396401454,0.633,0.333,2.109992966690111,116.31310623284419,0.7697469838613499,85.16999999999996,175.92
2026-04-01 11:22:00,0.257,89.4,0.2024,120.87,0.1777,91.71,Safe,0.21236666666666668,0.040578606843179495,0.257,-0.014949999999999991,0.9312126468247214,100.55412067328173,0.9690044670759225,30.314999999999998,120.87
2026-04-01 11:22:05,0.01,103.92,0.0889,71.86,0.0836,75.59,Safe,0.06083333333333333,0.0441026454233001,0.0889,0.04210000000000001,1.8995320612807423,83.68763011724116,0.969031979104516,17.894999999999982,71.86
2026-04-01 11:22:10,0.3098,271.44,0.8167,158.49,0.3,297.25,Danger,0.47550000000000003,0.29552849270417225,0.8167,0.5118,2.678574356922411,253.62115149892793,0.5288058316546392,125.85499999999996,158.49
2026-04-01 11:22:15,0.1212,81.23,0.01,83.65,0.0286,92.78,Safe,0.053266666666666664,0.059562516176982765,0.1212,-0.0649,0.13350956596040106,85.88301124234896,0.996236179279186,3.355000000000018,83.65
2026-04-01 11:22:20,1.1882,269.88,1.3146,326.89,1.0869,297.33,Danger,1.1965666666666666,0.11408033718977752,1.3146,0.17704999999999993,1.155640494360253,298.0024179245492,0.9191476307746835,43.285000000000025,33.110000000000014
2026-04-01 11:22:25,0.3985,276.57,1.2268,184.43,0.4209,311.65,Danger,0.6820666666666666,0.4718858371823986,1.2268,0.8170999999999999,2.9943788274863863,263.16127115484505,0.6103062801772053,109.68,175.57
2026-04-01 11:22:30,0.031,249.85,0.1237,265.59,0.1071,243.35,Safe,0.08726666666666667,0.04943018645861386,0.1237,0.054650000000000004,1.79142952310611,252.9108443381873,0.9867658766943822,18.99000000000001,94.41000000000003
2026-04-01 11:22:35,0.0829,252.56,0.0782,264.11,0.0754,268.92,Safe,0.07883333333333334,0.0037898988552906468,0.0829,-0.0009499999999999925,0.9879849907139518,261.870862102948,0.9928342641113901,3.3700000000000045,95.88999999999999
2026-04-01 11:22:40,0.1497,98.04,0.1129,103.88,0.1076,87.94,Safe,0.1234,0.022930111207754747,0.1497,-0.015749999999999986,0.8775679940303613,96.62456566112513,0.9934074817221423,10.889999999999986,103.88
2026-04-01 11:22:45,0.1734,77.34,0.2213,99.69,0.1521,100.67,Safe,0.18226666666666666,0.035441830276289804,0.2213,0.05854999999999999,1.3597458694570232,92.61188844151368,0.9823974193280415,10.685000000000002,99.69
2026-04-01 11:22:50,0.9324,138.51,0.6716,157.56,0.686,59.26,Danger,0.7633333333333333,0.14659295117205784,0.9324,-0.13760000000000006,0.8299544859682575,121.40403834661562,0.7434756125126291,58.67500000000001,157.56
2026-04-01 11:22:55,0.2646,70.53,0.2487,53.2,0.2431,89.35,Safe,0.2521333333333333,0.011153624224140476,0.2646,-0.005150000000000016,0.9797085692000426,71.01822024255206,0.9670823335619129,26.74000000000001,53.2
2026-04-01 11:23:00,0.343,259.56,1.0907,189.93,0.3738,289.11,Danger,0.6025,0.42307397698274946,1.0907,0.7323,3.043239276676125,248.2331759424388,0.7540218507632305,84.40499999999997,170.07
2026-04-01 11:23:05,0.7106,305.44,0.7943,352.12,0.7902,317.51,Danger,0.7650333333333333,0.047185202482699314,0.7943,0.04390000000000005,1.058500721614177,324.81147743882434,0.9412760203360311,40.64500000000004,7.8799999999999955
2026-04-01 11:23:10,0.01,275.31,0.083,298.61,0.0629,290.88,Safe,0.05196666666666666,0.03770813351696598,0.083,0.04655000000000001,2.277029436778141,288.284640143231,0.9857498590828605,15.514999999999986,61.389999999999986
2026-04-01 11:23:15,0.3,264.29,0.5549,208.53,0.3,283.13,Danger,0.3849666666666667,0.1471665836164356,0.5549,0.25489999999999996,1.849660501131663,252.93737791996273,0.8530521431277904,65.18000000000004,151.47
2026-04-01 11:23:20,0.3,246.94,0.6586,185.08,0.3,273.87,Danger,0.4195333333333333,0.20703780653139978,0.6586,0.3586,2.195326015579948,236.65332768249175,0.8005976981726723,75.32499999999996,174.92
2026-04-01 11:23:25,0.7441,341.98,0.7122,340.29,0.4531,47.32,Danger,0.6364666666666667,0.15959919590440716,0.7441,0.11360000000000003,1.1897741567421372,1.972996328343123,0.857262676719055,34.35999999999996,19.70999999999998
2026-04-01 11:23:30,0.3,258.64,0.6049,182.35,0.3,287.55,Danger,0.40163333333333334,0.17603409707591688,0.6049,0.3049,2.016326612244626,245.62997217482302,0.7226799962031515,90.74500000000003,177.65
2026-04-01 11:23:35,1.1706,141.73,1.0588,118.04,1.2624,17.06,Danger,1.1639333333333333,0.10196358827215397,1.2624,-0.15769999999999995,0.8703650880681563,99.4611983277931,0.6067064876090789,38.64500000000001,118.04
2026-04-01 11:23:40,0.2271,108.38,0.273,95.28,0.2299,69.04,Safe,0.24333333333333332,0.025730202745670974,0.273,0.04450000000000004,1.1947431302270013,90.98764359140199,0.9596670402924464,6.569999999999993,95.28
2026-04-01 11:23:45,0.085,274.68,0.1148,268.98,0.1546,281.26,Safe,0.11813333333333333,0.03491952653363634,0.1546,-0.0049999999999999906,0.9582557741588135,274.9727705978291,0.996169136934859,8.990000000000009,91.01999999999998
2026-04-01 11:23:50,0.9734,260.06,0.8761,246.29,0.88,168.03,Danger,0.9098333333333333,0.055084873906847936,0.9734,-0.05060000000000009,0.9453966273911433,227.4730590140042,0.7658411705468329,32.245000000000005,113.71000000000001
2026-04-01 11:23:55,0.9428,106.03,0.9403,113.93,0.9201,158.43,Danger,0.9344,0.012447088012864675,0.9428,0.008850000000000025,1.0095002313594597,125.70197311845361,0.9206163486483461,18.30000000000001,113.93
2026-04-01 11:24:00,0.7077,325.73,0.7393,39.66,0.9267,312.01,Danger,0.7912333333333333,0.11837674321138139,0.9267,-0.07789999999999997,0.904673391246462,343.5739741184133,0.7872994178367219,80.78999999999996,39.66
2026-04-01 11:24:05,0.1061,99.71,0.1063,70.91,0.1364,102.82,Safe,0.11626666666666667,0.01743626489054732,0.1364,-0.014949999999999991,0.8766938004635014,91.25184446123943,0.9688152376816638,30.355000000000018,70.91
2026-04-01 11:24:10,1.1981,221.07,1.2206,176.23,1.1445,154.09,Danger,1.1877333333333333,0.039094799313122534,1.2206,0.0492999999999999,1.0420890958003108,183.3301906723485,0.8852365419838099,11.349999999999994,176.23
2026-04-01 11:24:15,0.1962,220.48,0.2097,237.58,0.1989,256.04,Safe,0.2016,0.00714352853987439,0.2097,0.012149999999999994,1.0614980435431862,238.02587940237004,0.9681419685483226,0.6799999999999784,122.41999999999999
2026-04-01 11:24:20,0.1585,73.97,0.1667,134.48,0.1663,122.75,Safe,0.16383333333333333,0.004623130252689545,0.1667,0.004299999999999998,1.0264715118749268,110.99654630796873,0.8981883255172489,36.120000000000005,134.48
2026-04-01 11:24:25,0.2524,112.8,0.2869,95.53,0.2172,104.64,Safe,0.25216666666666665,0.03485058583916966,0.2869,0.05209999999999998,1.221885767096392,104.32453853334157,0.9924356262513592,13.189999999999998,95.53
2026-04-01 11:24:30,0.1921,262.12,0.1722,258.09,0.1932,272.84,Safe,0.18583333333333332,0.011819616463038616,0.1932,-0.020449999999999996,0.8938443091393244,264.34395611345417,0.9941072214508206,9.390000000000043,101.91000000000003
2026-04-01 11:24:35,0.3,74.29,1.1447,178.06,0.4214,74.95,Danger,0.6220333333333333,0.4566944529259507,1.1447,0.784,3.173542629490908,103.44241303168128,0.6724891440704602,103.44,178.06
2026-04-01 11:24:40,0.2212,108.3,0.168,82.58,0.174,110.83,Safe,0.1877333333333333,0.02913783336717632,0.2212,-0.029599999999999987,0.8501981265276998,100.6438087782171,0.9753451326051344,26.985000000000014,82.58
2026-04-01 11:24:45,0.3206,278.58,1.1112,198.52,0.3083,275.02,Danger,0.5800333333333333,0.46004493621094594,1.1112,0.79675,3.5337779177041893,252.8285517423139,0.8033447412045558,78.27999999999994,161.48
2026-04-01 11:24:50,0.3,94.03,0.6578,157.28,0.3,97.69,Danger,0.4192666666666667,0.20657592631604813,0.6578,0.35780000000000006,2.192659357802141,115.37785552687869,0.876133318320001,61.420000000000016,157.28
2026-04-01 11:24:55,0.1575,264.4,0.2377,280.92,0.1729,260.69,Safe,0.18936666666666668,0.04256023182894253,0.2377,0.07249999999999998,1.4388532757065633,268.6486193354823,0.988257385824534,18.375000000000057,79.07999999999998
2026-04-01 11:25:00,0.2295,260.79,0.1845,240.92,0.2632,269.36,Safe,0.22573333333333334,0.0394849760457485,0.2632,-0.061850000000000016,0.7489314027546061,257.0619490240785,0.978504195488136,24.155000000000058,119.08000000000001
2026-04-01 11:25:05,0.3572,273.49,0.6787,183.91,0.3,295.41,Danger,0.44530000000000003,0.2041436504033373,0.6787,0.35009999999999997,2.06542280759949,255.54545429210478,0.6779929679350494,100.54000000000005,176.09
2026-04-01 11:25:10,0.1567,55.58,0.1537,75.76,0.1385,87.4,Safe,0.14963333333333334,0.009757731976916217,0.1567,0.006099999999999994,1.041320858259768,72.95035343627136,0.973853380289153,4.269999999999982,75.76
2026-04-01 11:25:15,0.1733,259.02,0.1646,241.52,0.1551,308.23,Safe,0.16433333333333333,0.009102929931254746,0.1733,0.0003999999999999837,1.002429948660483,268.9500271341012,0.8822182422899316,42.10499999999999,118.47999999999999
2026-04-01 11:25:20,0.1353,278.75,0.1149,285.5,0.1706,276.49,Safe,0.14026666666666665,0.02818019399034246,0.1706,-0.03805,0.7512209792678701,280.2451645851304,0.997769918750277,7.8799999999999955,74.5
2026-04-01 11:25:25,0.422,71.58,1.613,174.16,0.5422,88.38,Danger,0.8590666666666668,0.6556856055559961,1.613,1.1309,3.3457719440532174,107.60568060100343,0.716953934630209,94.18,174.16
2026-04-01 11:25:30,0.2732,289.75,0.2234,274.03,0.2439,285.33,Safe,0.24683333333333332,0.02502924955593622,0.2732,-0.035150000000000015,0.8640461649732548,283.0437420735231,0.9933375615615183,13.509999999999991,85.97000000000003
2026-04-01 11:25:35,0.2336,293.97,0.2481,270.76,0.2112,272.4,Safe,0.23096666666666668,0.018590409713971696,0.2481,0.0257,1.1155525379831925,279.0010920279351,0.9830367977601239,12.425000000000011,89.24000000000001
2026-04-01 11:25:40,0.3,82.89,0.9472,186.88,0.3395,61.89,Danger,0.5289,0.36279640295901505,0.9472,0.6274500000000001,2.9623050436120613,102.77613064547957,0.5997025975004501,114.49000000000001,173.12
2026-04-01 11:25:45,0.1551,107.09,0.1444,79.51,0.1029,70.8,Safe,0.13413333333333333,0.027572873142516958,0.1551,0.015399999999999997,1.1193711676653668,85.69515829796553,0.9638884575378845,9.435000000000002,79.51
2026-04-01 11:25:50,0.2066,240.48,0.2223,270.65,0.2379,286.11,Safe,0.2222666666666667,0.015650026624045507,0.2379,4.999999999999449e-05,1.0002204714489473,265.88021159471424,0.9460613085187998,7.354999999999961,89.35000000000002
2026-04-01 11:25:55,0.7137,257.68,0.7317,225.83,0.9317,328.98,Danger,0.7923666666666667,0.12100137740262847,0.9317,-0.09099999999999997,0.8893875174577398,268.62144427561054,0.736741222310763,67.50000000000003,134.17
2026-04-01 11:26:00,0.1619,98.19,0.1474,54.65,0.1586,60.98,Safe,0.15596666666666667,0.007600219295081768,0.1619,-0.01285,0.9198070526860986,71.0292476976337,0.944601194864675,24.935000000000002,54.650000000000006
2026-04-01 11:26:05,0.2747,272.77,0.2273,268.68,0.2129,245.78,Safe,0.23829999999999998,0.03233512022553805,0.2747,-0.016500000000000015,0.9323177509526211,262.46574046365197,0.9786299265208486,9.40500000000003,91.32
2026-04-01 11:26:10,0.0805,229.21,0.0997,279.64,0.1337,277.37,Safe,0.10463333333333334,0.026940923023039385,0.1337,-0.007400000000000004,0.9308970037628033,262.5510499998693,0.9193341167398474,26.350000000000023,80.36000000000001
2026-04-01 11:26:15,0.4282,108.34,1.3589,201.59,0.4824,93.32,Danger,0.7565000000000001,0.5223970999153804,1.3589,0.9036,2.9846189663541263,129.5068062871915,0.6824217236445157,100.75999999999999,158.41
2026-04-01 11:26:20,0.3,311.75,0.4464,192.03,0.3,252.45,Danger,0.3488,0.08452407940936124,0.4464,0.14640000000000003,1.4879950400165336,252.1694091554213,0.6680684255678047,90.06999999999996,167.97
2026-04-01 11:26:25,0.3451,79.11,1.2058,173.8,0.4341,116.47,Danger,0.6616666666666666,0.47332976172361413,1.2058,0.8162,3.094961255232918,122.21724869495823,0.7821442785798333,76.00999999999999,173.8
2026-04-01 11:26:30,0.1589,260.01,0.1263,312.12,0.0867,262.14,Safe,0.12396666666666667,0.03615651163114791,0.1589,0.0034999999999999892,1.0284932533122693,277.5566210848728,0.9136631412139165,51.045000000000016,47.879999999999995
2026-04-01 11:26:35,0.1104,105.5,0.1541,84.08,0.1591,102.69,Safe,0.1412,0.026790483384963395,0.1591,0.019350000000000006,1.143590771126003,97.45244973070606,0.9862880710608016,20.014999999999986,84.08
2026-04-01 11:26:40,0.6061,102.81,0.4929,76.21,0.3015,81.63,Danger,0.4668333333333334,0.1539639351709787,0.6061,0.039100000000000024,1.0861589110645415,86.8373033057658,0.9800377845314844,16.00999999999999,76.21
2026-04-01 11:26:45,0.4637,66.29,1.5169,196.25,0.4861,75.57,Danger,0.8222333333333333,0.6017032269593817,1.5169,1.0419999999999998,3.194139410108633,100.89386688401433,0.5445521445763961,125.32,163.75
2026-04-01 11:26:50,0.0579,277.72,0.0659,257.78,0.0486,280.09,Safe,0.057466666666666666,0.008658136828055638,0.0659,0.012650000000000002,1.2375354453437495,271.8981810532511,0.9848111340663867,21.125,102.22000000000003
2026-04-01 11:26:55,0.402,91.46,1.2879,174.61,0.3387,85.82,Danger,0.6762,0.530692368514943,1.2879,0.9175500000000001,3.477511873871004,114.39250974146701,0.7652953525617631,85.97000000000003,174.61
2026-04-01 11:27:00,0.2575,81.74,0.2256,72.14,0.207,97.43,Safe,0.2300333333333333,0.02554022970400489,0.2575,-0.006650000000000017,0.9713628789542348,83.75342133097793,0.9835188662744431,17.444999999999993,72.14
2026-04-01 11:27:05,0.3,44.95,0.8747,188.87,0.3,116.85,Danger,0.4915666666666667,0.33180319970327793,0.8747,0.5747,2.9156569478101746,116.87294836500367,0.5397871845744322,107.97000000000003,171.13
2026-04-01 11:27:10,0.135,281.65,0.1615,259.2,0.1939,243.26,Safe,0.16346666666666665,0.029499209028944026,0.1939,-0.0029499999999999804,0.9820554450869865,261.3283604726365,0.9625850388618509,3.2549999999999955,100.80000000000001
2026-04-01 11:27:15,1.1944,202.19,1.1872,322.87,1.3603,235.72,Danger,1.2472999999999999,0.0979270646961299,1.3603,-0.09014999999999995,0.9294234709175474,249.05434178232835,0.6451658436854829,103.91500000000002,37.129999999999995
2026-04-01 11:27:20,0.3,93.81,0.8036,181.59,0.3,74.07,Danger,0.46786666666666665,0.2907535955638955,0.8036,0.5036,2.678657737807541,112.28417443341694,0.6958500640894629,97.64999999999998,178.41
2026-04-01 11:27:25,0.5586,186.04,0.6848,148.42,0.8698,154.22,Danger,0.7044,0.15652309733710232,0.8698,-0.02939999999999998,0.9588337176789167,162.7410681095706,0.9587800143953836,21.710000000000008,148.42
2026-04-01 11:27:30,0.0955,115.33,0.0376,95.42,0.1143,134.9,Safe,0.08246666666666667,0.03997653478396212,0.1143,-0.0673,0.35843318938808977,115.2189771802181,0.9608223607912407,29.694999999999993,95.42
2026-04-01 11:27:35,0.3,94.89,0.7136,201.65,0.3,105.1,Danger,0.4378666666666667,0.23879207133682923,0.7136,0.4136,2.3786587378042077,128.67920896998788,0.6801521184137088,101.65499999999997,158.35
2026-04-01 11:27:40,0.318,53.14,1.1924,173.29,0.3879,114.37,Danger,0.6327666666666666,0.48591522237251766,1.1924,0.8394499999999999,3.3783726352949843,113.79315568115953,0.6658768063642746,89.53499999999997,173.29
2026-04-01 11:27:45,0.3,266.86,0.7588,197.78,0.3,302.28,Danger,0.45293333333333335,0.26488830350420034,0.7588,0.45880000000000004,2.5293249022503264,257.58987332427364,0.7335771732788897,86.78999999999999,162.22
2026-04-01 11:27:50,0.1896,111.65,0.169,105.4,0.1469,93.09,Safe,0.1685,0.02135439064923183,0.1896,0.0007500000000000007,1.0044516823079803,103.3887868638034,0.9909653622818982,3.030000000000001,105.4
2026-04-01 11:27:55,0.3,260.83,0.6111,190.84,0.3,273.3,Danger,0.4037,0.1796136687448926,0.6111,0.3111,2.0369932100226333,243.49524630071105,0.8096380076804189,76.225,169.16
2026-04-01 11:28:00,0.0966,82.96,0.0643,72.58,0.0961,129.0,Safe,0.08566666666666667,0.018505764867557718,0.0966,-0.03205000000000001,0.6673516621519237,94.35406856388164,0.9105421098846633,33.400000000000006,72.58
2026-04-01 11:28:05,0.7155,222.39,0.7049,184.95,0.8695,231.83,Danger,0.7633,0.09212448100260867,0.8695,-0.08760000000000001,0.8894626000471924,213.3189345538879,0.9385540774776724,42.16,175.05
2026-04-01 11:28:10,0.3593,250.79,1.1261,181.53,0.3337,274.61,Danger,0.6063666666666667,0.4502842361590436,1.1261,0.7796000000000001,3.2499184706537645,237.6102087791897,0.7767762890164406,81.16999999999999,178.47
2026-04-01 11:28:15,0.1136,71.51,0.0733,118.55,0.1426,81.61,Safe,0.10983333333333334,0.0348032086643363,0.1426,-0.05479999999999999,0.5722047446936402,90.30266335231842,0.9387055015552834,41.99000000000001,118.55
2026-04-01 11:28:20,0.1855,274.53,0.079,283.34,0.1527,266.12,Safe,0.13906666666666667,0.05454322444936065,0.1855,-0.0901,0.46717642119206865,274.66282869440505,0.9924854960340199,13.014999999999986,76.66000000000003
2026-04-01 11:28:25,0.2778,250.38,0.2838,308.85,0.239,260.32,Safe,0.26686666666666664,0.02431899120714783,0.2838,0.025400000000000034,1.0982929632625262,272.60965131744797,0.9031010521121814,53.50000000000006,51.14999999999998
2026-04-01 11:28:30,0.4017,80.84,1.3209,175.92,0.4034,70.5,Danger,0.7086666666666667,0.5302103010441549,1.3209,0.91835,3.2813233602698793,104.14956654676149,0.6878825366558824,100.25,175.92
2026-04-01 11:28:35,0.4479,66.2,1.2758,184.4,0.3213,80.79,Danger,0.6816666666666666,0.5184136411528282,1.2758,0.8912,3.317204063431973,103.35824545452903,0.6253693373713325,110.90499999999997,175.6
2026-04-01 11:28:40,0.1709,100.18,0.1673,91.93,0.1342,69.69,Safe,0.15746666666666667,0.020229763551097995,0.1709,0.014749999999999985,1.0966824209608588,87.32143998016514,0.9749046326993306,6.9950000000000045,91.93
2026-04-01 11:28:45,0.3006,96.77,0.278,85.23,0.2482,65.18,Safe,0.2756,0.02628231344459615,0.3006,0.0036000000000000476,1.0131158414145724,82.42967943462594,0.9742230464270489,4.2549999999999955,85.23
2026-04-01 11:28:50,0.2182,262.74,0.276,256.45,0.3027,239.58,Safe,0.26563333333333333,0.04319332510160956,0.3027,0.015550000000000008,1.0597002891138834,252.94704501684828,0.9854898269222269,5.2900000000000205,103.55000000000001
2026-04-01 11:28:55,0.2741,289.08,0.2199,264.6,0.2374,281.88,Safe,0.24380000000000002,0.027660983352006847,0.2741,-0.03585000000000002,0.8598206849631087,278.54538098378487,0.9839924589532761,20.879999999999995,95.39999999999998
2026-04-01 11:29:00,0.9518,216.86,0.9346,191.35,0.9172,180.27,Danger,0.9345333333333334,0.017300096338845418,0.9518,9.999999999998899e-05,1.000105938891451,196.07746772717812,0.9645714607623643,7.215000000000003,168.65
2026-04-01 11:29:05,0.3,88.68,0.9621,164.31,0.3109,80.32,Danger,0.5243333333333333,0.3791562254972656,0.9621,0.65665,3.149768702672442,108.88135981596854,0.7947408829576599,79.81,164.31
2026-04-01 11:29:10,0.0987,105.51,0.0618,67.49,0.1502,87.02,Safe,0.10356666666666665,0.044400487985306346,0.1502,-0.06265000000000001,0.49658098368032394,86.679872820926,0.9636321798395434,28.775000000000006,67.49
2026-04-01 11:29:15,0.3,86.58,0.852,177.02,0.3361,107.28,Danger,0.4960333333333333,0.30880415044706466,0.852,0.5339499999999999,2.678815661639171,121.65193232608227,0.785146193702568,80.09000000000003,177.02
2026-04-01 11:29:20,0.1308,260.2,0.1973,278.16,0.218,277.1,Safe,0.18203333333333335,0.045560545797140466,0.218,0.022900000000000004,1.1313008526327257,271.83990227231016,0.9897153882632735,9.510000000000048,81.83999999999997
2026-04-01 11:29:25,0.3528,90.68,0.7462,167.11,0.3,115.64,Danger,0.4663333333333333,0.2438051954600913,0.7462,0.41979999999999995,2.2861449566637355,123.74647531057327,0.8516859223679316,63.94999999999999,167.11
2026-04-01 11:29:30,0.335,98.48,0.2253,119.56,0.2326,79.63,Safe,0.26430000000000003,0.06133669374852219,0.335,-0.058499999999999996,0.7938661245027326,99.2078255777334,0.9598930489990865,30.504999999999995,119.56
2026-04-01 11:29:35,0.3906,260.02,0.9618,179.23,0.3,243.09,Danger,0.5508000000000001,0.3588075250047022,0.9618,0.6165,2.785395929927802,228.89167721176412,0.8242546422533717,72.32500000000002,179.23
2026-04-01 11:29:40,0.1653,285.64,0.1904,254.66,0.1516,249.32,Safe,0.16910000000000003,0.019677144101723706,0.1904,0.031950000000000006,1.2016333125067056,263.0674232597231,0.9613334004798798,12.820000000000022,105.34
2026-04-01 11:29:45,0.1884,93.39,0.2441,87.18,0.2315,105.47,Safe,0.22133333333333335,0.02920861744987827,0.2441,0.034149999999999986,1.1626522379031297,95.33839947844764,0.9912358966304095,12.25,87.18
2026-04-01 11:29:50,0.2046,72.45,0.223,54.4,0.1976,111.28,Safe,0.2084,0.013119451208034582,0.223,0.021900000000000003,1.1088955301067622,79.07727075736156,0.9160532010092065,37.465,54.400000000000006
2026-04-01 11:29:55,0.0928,119.78,0.1012,92.71,0.1432,42.1,Safe,0.1124,0.027002222130780275,0.1432,-0.016799999999999995,0.8576198506792315,85.53729411908031,0.8483209911277333,11.769999999999982,92.71
2026-04-01 11:30:00,0.3,240.6,0.9013,150.6,0.3109,259.44,Danger,0.5040666666666667,0.3440573256498593,0.9013,0.59585,2.9507187732238562,221.41950995017064,0.686941295088876,99.41999999999999,150.6
2026-04-01 11:30:05,0.508,85.78,1.5309,169.18,0.4496,96.22,Danger,0.8295,0.6081316551537175,1.5309,1.0520999999999998,3.197361743187671,115.01810806609765,0.8015847658195958,78.18,169.18
2026-04-01 11:30:10,0.3,89.37,0.7244,209.59,0.3,113.96,Danger,0.4414666666666667,0.24502745424407718,0.7244,0.42440000000000005,2.4146586178046077,131.6894200473308,0.6338389488573325,107.92500000000001,150.41
2026-04-01 11:30:15,0.3,243.83,0.8126,170.44,0.3,285.95,Danger,0.4708666666666667,0.2959497479866022,0.8126,0.5126,2.708657637807874,235.75722021910298,0.6826303332670752,94.44999999999999,170.44
2026-04-01 11:30:20,0.9038,165.92,0.9908,143.02,1.0985,229.24,Danger,0.9977,0.09753322510816506,1.0985,-0.01034999999999997,0.9896609003037505,177.9339746983096,0.807756581777492,54.559999999999974,143.02
2026-04-01 11:30:25,0.3,81.93,1.1098,179.98,0.406,77.92,Danger,0.6052666666666666,0.4401413560815812,1.1098,0.7567999999999999,3.143900442208379,108.28388698435,0.6909862114866853,100.055,179.98
2026-04-01 11:30:30,0.3,283.5,0.6514,180.9,0.3,287.93,Danger,0.41713333333333336,0.2028808845932345,0.6514,0.3514,2.1713260955796816,256.69732627845093,0.6643287037048402,104.81500000000003,179.1
2026-04-01 11:30:35,0.2743,104.92,0.284,90.99,0.2753,104.45,Safe,0.27786666666666665,0.005335103872778228,0.284,0.009199999999999986,1.0334751329143634,100.12968004057088,0.9936564999634959,13.694999999999993,90.99
2026-04-01 11:30:40,0.3,70.99,1.012,188.21,0.3,85.39,Danger,0.5373333333333333,0.41107339166301354,1.012,0.712,3.3733220889263706,107.97052212473942,0.6305704510093949,110.01999999999998,171.79
2026-04-01 11:30:45,0.2161,287.85,0.2486,266.57,0.1459,291.97,Safe,0.20353333333333334,0.05249060233349711,0.2486,0.0676,1.3734730747343937,282.17510120332355,0.9812202184730953,23.340000000000032,93.43
2026-04-01 11:30:50,0.1251,55.35,0.1883,104.87,0.2382,65.57,Safe,0.18386666666666665,0.05668018466213156,0.2382,0.006650000000000017,1.036603156602496,74.95732069380728,0.9318030932331398,44.41,104.87
2026-04-01 11:30:55,0.4426,60.52,1.3251,216.28,0.3866,87.99,Danger,0.7181000000000001,0.5264225963995086,1.3251,0.9105,3.1960849105525555,102.31081902686914,0.43608783923861355,142.02499999999998,143.72
2026-04-01 11:31:00,0.9857,260.07,0.926,301.96,0.9435,338.48,Danger,0.9517333333333333,0.0306897920053775,0.9857,-0.03859999999999997,0.9599824176006453,300.3279820576654,0.8497037683726086,2.6850000000000023,58.04000000000002
2026-04-01 11:31:05,0.1874,90.77,0.1802,107.8,0.1999,110.7,Safe,0.18916666666666668,0.00996811583667311,0.1999,-0.01344999999999999,0.9305399920475494,103.11261877049272,0.9882622990110345,7.064999999999998,107.8
2026-04-01 11:31:10,0.1952,101.79,0.2278,110.59,0.2259,107.45,Safe,0.21630000000000002,0.01829781407709674,0.2278,0.017249999999999988,1.081923144511306,106.61081935312997,0.9979814872517238,5.969999999999999,110.59
2026-04-01 11:31:15,0.1486,90.09,0.0906,89.48,0.1387,112.72,Safe,0.12596666666666667,0.031025849437740352,0.1486,-0.05305,0.6306952266256413,97.38408970929069,0.9822663468201136,11.925000000000011,89.48
2026-04-01 11:31:20,0.1965,102.28,0.2692,69.22,0.204,123.75,Safe,0.2232333333333333,0.039984538678510886,0.2692,0.06895000000000001,1.3443128873264054,98.57054948364546,0.9248406120697363,43.795000000000016,69.22
2026-04-01 11:31:25,0.41,73.09,1.2471,197.34,0.4488,75.64,Danger,0.7019666666666667,0.4724977495537237,1.2471,0.8177000000000001,2.9042782853323588,104.32747399659539,0.5599073727588343,122.97500000000002,162.66
2026-04-01 11:31:30,0.3803,227.51,0.918,189.79,0.3289,269.73,Danger,0.5424,0.32629282860645287,0.918,0.5634,2.588825186618199,228.87167075713228,0.8440983971781588,58.83000000000001,170.21
2026-04-01 11:31:35,0.4265,78.55,1.5081,170.3,0.4814,58.67,Danger,0.8053333333333333,0.6092325035102225,1.5081,1.05415,3.3221647270300103,97.59992031122864,0.6735077396832201,101.69,170.3
2026-04-01 11:31:40,0.4201,303.46,0.5648,326.74,0.6075,311.71,Danger,0.5308,0.09821756462059118,0.6075,0.050999999999999934,1.099258273144661,313.9544355189518,0.9859035292208242,19.15500000000003,33.25999999999999
2026-04-01 11:31:45,1.0875,277.07,1.0867,290.26,1.0386,30.79,Danger,1.0709333333333333,0.028004344900985148,1.0875,0.02364999999999995,1.0222463456598037,313.11888334620085,0.6478341750329374,43.670000000000016,69.74000000000001
2026-04-01 11:31:50,0.0774,102.0,0.0284,73.69,0.0317,72.02,Safe,0.04583333333333334,0.027387284154025443,0.0774,-0.02615,0.5206137376033436,82.47554650454147,0.9713872938972131,13.319999999999993,73.69
2026-04-01 11:31:55,0.8181,29.91,0.635,294.02,0.6836,316.71,Danger,0.7122333333333334,0.0948488446599817,0.8181,-0.11585000000000001,0.8457070710433894,331.20043711261917,0.7614340708061046,59.29000000000002,65.98000000000002
2026-04-01 11:32:00,0.0701,249.96,0.0636,256.4,0.0191,261.53,Safe,0.05093333333333333,0.02775938279813392,0.0701,0.019000000000000003,1.4259769960314792,255.9640761027391,0.9965902579851429,0.6549999999999727,103.60000000000002
2026-04-01 11:32:05,0.7956,261.33,0.7654,205.9,0.7877,232.9,Danger,0.7829,0.015661736813010235,0.7956,-0.026249999999999996,0.9668401858899944,233.35692911096112,0.9234980135058722,41.214999999999975,154.1
2026-04-01 11:32:10,0.2136,94.37,0.1739,80.65,0.1535,89.7,Safe,0.18033333333333335,0.030562122526639632,0.2136,-0.009649999999999992,0.947420607896443,88.2434615489432,0.9950653793715152,11.384999999999991,80.65
2026-04-01 11:32:15,0.4339,83.68,1.4848,183.66,0.5118,87.01,Danger,0.8101666666666666,0.585546499719137,1.4848,1.01195,3.140101215816399,113.42710208217136,0.7006668485697469,98.315,176.34
2026-04-01 11:32:20,0.4421,94.49,1.367,162.94,0.4563,85.34,Danger,0.7551333333333333,0.5299396412171233,1.367,0.9178,3.0431811149129233,112.62252212413455,0.8258764729495991,73.02499999999998,162.94
2026-04-01 11:32:25,0.3979,79.9,1.1886,171.43,0.3553,81.0,Danger,0.6472666666666667,0.46929204482212716,1.1886,0.812,3.156125448418884,107.21009167811593,0.7402117569004855,90.98000000000002,171.43
2026-04-01 11:32:30,0.3,258.8,0.6605,168.28,0.3,272.86,Danger,0.42016666666666663,0.20813477204286007,0.6605,0.3605,2.2016593278022407,237.691174402601,0.7006718550544275,97.55000000000004,168.28
2026-04-01 11:32:35,0.1095,48.94,0.0125,92.62,0.0689,107.7,Safe,0.06363333333333333,0.04871399525119381,0.1095,-0.0767,0.14013295815069338,83.52434092028314,0.9076704995133839,14.300000000000011,92.62
2026-04-01 11:32:40,1.226,62.56,1.1806,83.32,1.1812,147.92,Danger,1.1959333333333333,0.026040225293444196,1.226,-0.02299999999999991,0.9808898463859702,96.39146496762727,0.8089641224096944,21.920000000000016,83.32
2026-04-01 11:32:45,0.1402,249.46,0.1595,269.85,0.1552,247.47,Safe,0.15163333333333331,0.010132291613121559,0.1595,0.011800000000000005,1.0798843609725053,255.55684512152737,0.9844816697533753,21.38500000000002,90.14999999999998
2026-04-01 11:32:50,0.3,252.93,0.8785,161.6,0.3096,266.17,Danger,0.49603333333333327,0.33126062750247476,0.8785,0.5737,2.882208391704752,231.36663455525445,0.6989906722995641,97.95000000000002,161.6
2026-04-01 11:32:55,0.3749,270.38,1.5187,189.4,0.4345,260.27,Danger,0.7760333333333334,0.6438581934970877,1.5187,1.1139999999999999,3.7526470159451053,241.86827621810363,0.8122621921633273,75.92499999999998,170.6
2026-04-01 11:33:00,0.152,291.22,0.0597,259.5,0.0973,248.06,Safe,0.103,0.04641325241781704,0.152,-0.06495,0.4789371926418561,266.09793845075296,0.9498779959142055,10.139999999999986,100.5
2026-04-01 11:33:05,0.1097,234.89,0.0677,304.28,0.1128,274.01,Safe,0.09673333333333334,0.025191334488933563,0.1128,-0.043550000000000005,0.6085338558754527,271.2581031970656,0.8808443967702385,49.829999999999984,55.72000000000003
2026-04-01 11:33:10,0.3,87.95,1.12,185.26,0.3223,69.08,Danger,0.5807666666666668,0.46712285678751947,1.12,0.8088500000000001,3.5995384877438936,108.12731054153942,0.6459832270523079,106.745,174.74
2026-04-01 11:33:15,0.0901,265.69,0.0748,290.08,0.0518,229.7,Safe,0.07223333333333333,0.019278571869651897,0.0901,0.003850000000000006,1.054248706854026,262.014919945559,0.9084933393829241,42.38499999999999,69.92000000000002
2026-04-01 11:33:20,0.5158,116.56,1.5132,159.81,0.4748,92.26,Danger,0.8346,0.5880422773916856,1.5132,1.0179,3.0551119420312096,122.47877965518978,0.8846407050050847,55.39999999999998,159.81
2026-04-01 11:33:25,0.1629,102.58,0.1797,86.2,0.1413,98.97,Safe,0.1613,0.01924993506482554,0.1797,0.027599999999999986,1.1814517984760124,95.92676017720812,0.9924933192296275,14.574999999999989,86.2
2026-04-01 11:33:30,0.3,102.57,0.8851,173.6,0.3,130.68,Danger,0.4950333333333334,0.33780764250285006,0.8851,0.5851,2.9503234989216707,135.2683524433431,0.8742517970290474,56.974999999999994,173.6
2026-04-01 11:33:35,0.1456,290.0,0.1229,265.88,0.1925,262.0,Safe,0.15366666666666667,0.035494271838330954,0.1925,-0.04615000000000001,0.7269995445161519,272.56230272111986,0.976768725057885,10.120000000000005,94.12
2026-04-01 11:33:40,0.2947,286.31,0.2327,248.67,0.2355,253.61,Safe,0.25429999999999997,0.035015425172343705,0.2947,-0.03240000000000001,0.8777786579454624,262.70186058526286,0.957967720600757,21.289999999999992,111.33000000000001
2026-04-01 11:33:45,0.1079,99.23,0.117,121.97,0.0889,104.67,Safe,0.10459999999999998,0.014337712509323095,0.117,0.018600000000000005,1.1890123067855003,108.59789758126871,0.9857343875869627,20.019999999999982,121.97
2026-04-01 11:33:50,0.0874,93.26,0.0833,64.38,0.1095,73.96,Safe,0.0934,0.014092906016858269,0.1095,-0.01515000000000001,0.846106184802592,77.16556577802451,0.9781488540313698,19.230000000000018,64.38
2026-04-01 11:33:55,0.1856,63.26,0.1977,104.79,0.1771,77.85,Safe,0.1868,0.010352294431670682,0.1977,0.016349999999999976,1.0901511433628708,81.87431920961136,0.9554339647546964,34.235000000000014,104.79
2026-04-01 11:34:00,0.1543,297.03,0.16,260.91,0.0902,265.63,Safe,0.13483333333333333,0.03875852594376279,0.16,0.037750000000000006,1.3087827502433518,274.3808194378822,0.9612426780867505,20.41999999999996,99.08999999999997
2026-04-01 11:34:05,0.0796,276.02,0.0374,277.11,0.0802,273.83,Safe,0.06573333333333332,0.024539220308178768,0.0802,-0.042499999999999996,0.46807924806948603,275.65338278642713,0.9997166818692049,2.185000000000059,82.88999999999999
2026-04-01 11:34:10,0.1973,101.88,0.2826,81.5,0.2688,87.36,Safe,0.24956666666666663,0.045787152492083774,0.2826,0.04955000000000004,1.2126101153824702,90.23162828627855,0.98885322208324,13.120000000000005,81.5
2026-04-01 11:34:15,0.1162,78.77,0.0567,76.9,0.0747,79.79,Safe,0.08253333333333333,0.030513658144072683,0.1162,-0.03875000000000001,0.5940220636766508,78.48669641847798,0.9997818821299772,2.3799999999999955,76.9
2026-04-01 11:34:20,0.1531,258.26,0.1482,285.6,0.1915,271.68,Safe,0.16426666666666667,0.023711670825425468,0.1915,-0.02410000000000001,0.8601226922652799,271.845062709927,0.9811132349460602,20.629999999999995,74.39999999999998
2026-04-01 11:34:25,0.2668,60.01,0.2141,93.02,0.2595,97.61,Safe,0.2468,0.028553283523966192,0.2668,-0.04904999999999998,0.8136013163544886,83.71112316535573,0.9577355238861536,14.20999999999998,93.02
2026-04-01 11:34:30,0.3315,84.31,1.1837,180.37,0.446,112.54,Danger,0.6537333333333334,0.4625214193238334,1.1837,0.7949499999999999,3.0448796273192866,123.88344064594793,0.7678023455078468,81.945,179.63
2026-04-01 11:34:35,0.3,278.45,0.6351,161.44,0.3,258.76,Danger,0.4117,0.1934700752054436,0.6351,0.3351,2.116992943356856,238.90979441635415,0.6429053022654293,107.16499999999996,161.44
2026-04-01 11:34:40,0.1105,75.33,0.1565,87.58,0.1326,118.77,Safe,0.1332,0.023005868816456377,0.1565,0.03495000000000001,1.2875254008605441,93.73945345422564,0.9497111353505401,9.469999999999999,87.58
2026-04-01 11:34:45,0.3608,76.33,1.0259,164.55,0.3803,94.09,Danger,0.5890000000000001,0.3784921003138639,1.0259,0.65535,2.768579763649268,109.66418752179703,0.7913236878919255,79.34000000000003,164.55
2026-04-01 11:34:50,0.1847,288.93,0.187,231.48,0.1885,253.55,Safe,0.18673333333333333,0.001913983629327411,0.1885,0.00040000000000001146,1.0021382522065798,257.7893520122568,0.9165261527825135,39.76000000000002,128.52
2026-04-01 11:34:55,0.3,273.84,0.5257,187.69,0.3,281.78,Danger,0.3752333333333333,0.13030795575609852,0.5257,0.22569999999999996,1.7523274922416925,251.16578692788875,0.743301125099322,90.11999999999995,172.31
2026-04-01 11:35:00,0.01,283.65,0.0235,257.03,0.0276,286.04,Safe,0.02036666666666667,0.009208872533233008,0.0276,0.004699999999999999,1.2499335141747778,275.65451957498857,0.9738426848886211,27.814999999999998,102.97000000000003
2026-04-01 11:35:05,0.0741,284.68,0.0589,275.27,0.0668,294.44,Safe,0.0666,0.00760197342799881,0.0741,-0.011549999999999998,0.8360420717945807,284.79611868435313,0.9906920771478653,14.29000000000002,84.73000000000002
2026-04-01 11:35:10,1.2825,345.0,1.038,15.48,1.5127,324.95,Danger,1.2777333333333332,0.23738589539678492,1.5127,-0.3595999999999999,0.7427012430586413,348.35873613411593,0.9353400068432154,40.50500000000005,15.47999999999999
2026-04-01 11:35:15,0.7462,144.6,0.6971,162.07,0.7954,175.14,Danger,0.7462333333333334,0.04915000847744922,0.7954,-0.07369999999999988,0.9043838811833406,160.62097079849778,0.9763017975084626,2.200000000000017,162.07
2026-04-01 11:35:20,0.2346,43.88,0.1768,67.37,0.1537,107.75,Safe,0.18836666666666665,0.04167185301055538,0.2346,-0.017349999999999977,0.9106314157537175,72.68593609611713,0.8968219777001715,8.444999999999993,67.37
2026-04-01 11:35:25,0.8414,159.35,0.8094,143.81,0.8585,174.0,Danger,0.8364333333333334,0.02492395099765152,0.8585,-0.040549999999999975,0.9522901908462958,159.0568254768188,0.9769902834913786,22.86499999999998,143.81
2026-04-01 11:35:30,0.3089,72.13,0.2833,79.31,0.2641,74.56,Safe,0.28543333333333337,0.02247606133941918,0.3089,-0.0031999999999999806,0.9888272641282231,75.33283268494883,0.9986462681518494,5.965000000000003,79.31
2026-04-01 11:35:35,0.1977,139.08,0.1499,118.41,0.2138,78.59,Safe,0.18713333333333335,0.033234670651795736,0.2138,-0.05584999999999998,0.7285505295235504,112.34243961135851,0.90630684971376,9.574999999999989,118.41
2026-04-01 11:35:40,0.2302,109.15,0.1347,78.94,0.1764,123.88,Safe,0.18043333333333333,0.04787758696230767,0.2302,-0.0686,0.6625643749907772,104.12594468282772,0.9474138626241589,37.57499999999999,78.94
2026-04-01 11:35:45,0.4327,249.84,1.3725,181.76,0.4442,238.77,Danger,0.7498,0.5393046727036583,1.3725,0.93405,3.1303383958526725,224.4078818778065,0.8691244151609095,62.545000000000016,178.24
2026-04-01 11:35:50,0.3679,275.17,1.6642,187.27,0.4711,282.65,Danger,0.8343999999999999,0.7204780288114273,1.6642,1.2447,3.967094238154379,251.97265122712264,0.7355078791035163,91.63999999999996,172.73
2026-04-01 11:35:55,0.3309,100.81,1.0257,183.22,0.3,100.93,Danger,0.5522,0.4103539813380638,1.0257,0.71025,3.2515351037086586,125.79073154761267,0.7840408631392476,82.35000000000002,176.78
2026-04-01 11:36:00,0.1757,271.86,0.1689,260.25,0.1284,291.49,Safe,0.15766666666666665,0.025572706804977325,0.1757,0.016850000000000004,1.1108115040348305,274.4998258422094,0.9748417788722429,21.42500000000001,99.75
2026-04-01 11:36:05,0.102,262.96,0.1781,280.83,0.1059,298.83,Safe,0.12866666666666668,0.042854910259307905,0.1781,0.07415000000000002,1.7133072312916666,280.87260792776783,0.96760417464013,0.06499999999999773,79.17000000000002
2026-04-01 11:36:10,0.0254,99.88,0.0373,95.87,0.0651,66.34,Safe,0.042600000000000006,0.02037375763083482,0.0651,-0.007949999999999999,0.8242911758856158,87.47995351253039,0.9662240249452196,12.759999999999991,95.87
2026-04-01 11:36:15,0.123,105.83,0.1167,83.15,0.1879,94.99,Safe,0.14253333333333332,0.039414760348546254,0.1879,-0.03875000000000001,0.7507188760445414,94.65886396257459,0.9869766764607641,17.25999999999999,83.15
2026-04-01 11:36:20,0.2384,261.48,0.2349,291.0,0.2269,276.49,Safe,0.23339999999999997,0.005894913061275803,0.2384,0.002250000000000002,1.0096668400307758,276.32520776414543,0.9779989002356883,22.014999999999986,69.0
2026-04-01 11:36:25,0.0465,269.57,0.0987,260.46,0.0915,302.7,Safe,0.0789,0.028289220561903076,0.0987,0.02969999999999999,1.430414051970261,277.39504580589454,0.9504565356550424,25.67500000000001,99.54000000000002
2026-04-01 11:36:30,0.1809,254.87,0.2028,294.16,0.2131,225.09,Safe,0.19893333333333332,0.016444553302942998,0.2131,0.0058,1.0294363988000061,257.82932074496443,0.881805813797007,54.18000000000001,65.83999999999997
2026-04-01 11:36:35,0.1748,271.98,0.1377,280.61,0.0992,267.61,Safe,0.13723333333333335,0.037802160432088186,0.1748,0.0006999999999999784,1.0051021525390325,273.39698036034247,0.9955613491132576,10.814999999999998,79.38999999999999
2026-04-01 11:36:40,0.1669,78.69,0.1326,90.91,0.0318,87.57,Safe,0.11043333333333333,0.07022480568384176,0.1669,0.03325,1.334661956095057,85.72676387392475,0.9959537321043398,7.779999999999973,90.91
2026-04-01 11:36:45,0.0621,277.79,0.0779,261.07,0.0712,300.48,Safe,0.0704,0.007930321557162733,0.0779,0.011249999999999996,1.1687746620455806,279.7396716064302,0.9606653178130512,28.064999999999998,98.93
2026-04-01 11:36:50,0.3,102.95,1.0696,161.48,0.3002,60.97,Danger,0.5566000000000001,0.44427104339580814,1.0696,0.7695000000000001,3.564133408419166,107.5944816385949,0.7576312896181693,79.51999999999998,161.48
2026-04-01 11:36:55,0.3,97.85,0.8431,161.72,0.3,76.0,Danger,0.48103333333333337,0.3135589311968857,0.8431,0.5430999999999999,2.8103239655867815,110.36198128457826,0.8087303284180142,74.79500000000002,161.72
2026-04-01 11:37:00,1.183,161.35,1.2262,163.86,1.0417,161.37,Danger,1.1503,0.09649886009689436,1.2262,0.11384999999999978,1.1023498877602482,162.19327457139536,0.9997884611598244,2.5000000000000284,163.86
2026-04-01 11:37:05,0.2756,270.0,0.2597,261.57,0.2252,282.52,Safe,0.2535,0.025765674840764405,0.2756,0.009299999999999975,1.0371364331612094,271.3557062379009,0.9887488064819443,14.689999999999998,98.43
2026-04-01 11:37:10,0.197,274.94,0.1374,282.06,0.1256,285.9,Safe,0.15333333333333335,0.03827392497946003,0.197,-0.023900000000000005,0.8518236092770658,280.96832090321004,0.9968621707505824,1.6400000000000432,77.94
2026-04-01 11:37:15,0.2594,274.41,0.2859,316.76,0.2652,265.28,Safe,0.27016666666666667,0.013930661625828579,0.2859,0.02360000000000001,1.0899691575708825,285.10652756613797,0.9248618082633905,46.914999999999964,43.24000000000001
2026-04-01 11:37:20,0.3946,86.54,0.9819,177.17,0.3,95.67,Danger,0.5588333333333334,0.3694270473765197,0.9819,0.6346,2.8272305579310166,116.92070320559989,0.7636382096310289,86.065,177.17
2026-04-01 11:37:25,0.792,34.59,0.7806,25.4,0.9122,348.73,Danger,0.8282666666666666,0.07291154458200247,0.9122,-0.07150000000000012,0.9160885857427697,16.48574389070849,0.9411183156677423,13.73999999999998,25.400000000000006
2026-04-01 11:37:30,0.4817,264.81,1.3631,165.97,0.3972,266.25,Danger,0.7473333333333333,0.5349406540293357,1.3631,0.92365,3.10182477682381,237.26069229192382,0.6940300526976396,99.56000000000003,165.97
2026-04-01 11:37:35,0.4342,296.54,1.6382,190.72,0.4402,261.87,Danger,0.8375333333333334,0.6934041630487471,1.6382,1.201,3.7470179619900237,251.89063741017344,0.7261645932541242,88.48499999999999,169.28
2026-04-01 11:37:40,0.0994,261.27,0.0823,291.33,0.1079,258.81,Safe,0.09653333333333332,0.01303853263727684,0.1079,-0.021349999999999994,0.7940106704228613,270.3534891305592,0.966986567979463,31.29000000000002,68.67000000000002
2026-04-01 11:37:45,0.2772,265.51,0.1695,270.13,0.2662,258.85,Safe,0.23763333333333334,0.059260976479748734,0.2772,-0.10219999999999999,0.6238475382865725,264.83109686733496,0.9967375313688184,7.949999999999989,89.87
2026-04-01 11:37:50,0.1675,300.65,0.133,259.01,0.1734,220.82,Safe,0.15796666666666667,0.021822083615762572,0.1734,-0.03744999999999998,0.780282896550915,260.0542697030853,0.8445733448383566,1.7250000000000227,100.99000000000001
2026-04-01 11:37:55,0.1617,109.37,0.1938,73.31,0.1872,124.74,Safe,0.18090000000000003,0.016951991033503994,0.1938,0.019350000000000006,1.1109136663017123,102.71339912556377,0.9304844196668771,43.745000000000005,73.31
2026-04-01 11:38:00,0.4543,235.78,0.4237,275.25,0.4532,173.55,Danger,0.4437333333333333,0.01735809129291964,0.4543,-0.030049999999999966,0.9337720467833681,229.4272264430444,0.7505692125809773,70.58500000000001,84.75
2026-04-01 11:38:05,0.8144,209.24,0.9046,150.62,1.0768,199.17,Danger,0.9319333333333333,0.13331831582094536,1.0768,-0.041000000000000036,0.9566402742805897,186.91880655953244,0.9027455320443865,53.58499999999998,150.62
2026-04-01 11:38:10,0.2021,295.43,0.2546,253.21,0.2493,296.44,Safe,0.2353333333333333,0.02890265270409159,0.2546,0.02889999999999998,1.1280410808990655,282.00045794009736,0.9391514858086321,42.72499999999994,106.78999999999999
2026-04-01 11:38:15,0.1453,71.21,0.1016,98.23,0.1013,71.17,Safe,0.11606666666666667,0.02531725366885859,0.1453,-0.02170000000000001,0.8239998053543766,80.12757792238071,0.9754062824873758,27.04000000000002,98.23
2026-04-01 11:38:20,0.1878,290.55,0.2294,274.31,0.1901,273.86,Safe,0.20243333333333333,0.02338211567273871,0.2294,0.040449999999999986,1.2140713730014658,279.5564591130484,0.9908403247202913,7.894999999999982,85.69
2026-04-01 11:38:25,0.6704,222.36,0.6733,258.54,0.8004,163.19,Danger,0.7147,0.07423254003467751,0.8004,-0.062100000000000044,0.9155549149375646,215.7606331114083,0.7783771554218163,65.76500000000001,101.45999999999998
2026-04-01 11:38:30,0.3559,76.85,1.2125,171.17,0.3675,79.72,Danger,0.6453,0.49124384983427527,1.2125,0.8507999999999999,3.3522163333803334,105.4166218824062,0.7300097917590945,92.88499999999999,171.17
2026-04-01 11:38:35,0.1033,259.54,0.0529,291.38,0.1085,244.28,Safe,0.08823333333333333,0.030709824703721987,0.1085,-0.05299999999999999,0.49952313953598176,264.9061572517272,0.9422180535362574,39.46999999999997,68.62
2026-04-01 11:38:40,0.276,261.98,0.2783,258.22,0.2531,253.25,Safe,0.26913333333333334,0.013932814982383622,0.2783,0.013749999999999984,1.0519710755204101,257.81705655719827,0.9980539108736671,0.6050000000000182,101.77999999999997
2026-04-01 11:38:45,0.3,283.48,0.7166,195.05,0.3,274.64,Danger,0.4388666666666667,0.24052412214439808,0.7166,0.4166,2.3886587044709855,253.70138158458542,0.7740528814495808,84.00999999999999,164.95
2026-04-01 11:38:50,0.3,296.25,0.9947,215.82,0.3715,264.35,Danger,0.5554,0.3821209625236491,0.9947,0.65895,2.9626121739026843,259.32367331963786,0.840297824226034,64.48000000000002,144.18
2026-04-01 11:38:55,0.2345,278.63,0.1977,238.99,0.2573,271.37,Safe,0.22983333333333333,0.03007280055687087,0.2573,-0.04819999999999999,0.8039820903534349,263.16180075157666,0.9552853989763839,36.00999999999999,121.00999999999999
2026-04-01 11:39:00,0.0639,292.75,0.1002,233.1,0.1404,285.71,Safe,0.10149999999999999,0.038266565040515454,0.1404,-0.0019499999999999934,0.9809008232910105,271.2176280300034,0.8950454854052133,56.130000000000024,126.9
2026-04-01 11:39:05,0.1991,254.13,0.2038,245.99,0.2171,263.31,Safe,0.20666666666666667,0.009336130533220558,0.2171,-0.004299999999999998,0.979332151215035,254.4753396791143,0.9923903802619615,12.730000000000018,114.00999999999999
2026-04-01 11:39:10,0.5262,272.59,1.6483,179.71,0.4451,258.2,Danger,0.8732000000000001,0.6724799699619314,1.6483,1.1626500000000002,3.3940010419004594,239.55963806064344,0.762732105769881,85.68499999999997,179.71
2026-04-01 11:39:15,0.0871,103.59,0.1171,106.59,0.1437,108.01,Safe,0.11596666666666666,0.02831701490859044,0.1437,0.0016999999999999932,1.014722576060866,106.06346212329163,0.9994830159951396,0.789999999999992,106.59
2026-04-01 11:39:20,0.3,97.58,0.4004,173.98,0.3,105.52,Danger,0.33346666666666663,0.05796596702663842,0.4004,0.10039999999999999,1.3346622177926075,124.08981458009862,0.8290162941609319,72.42999999999998,173.98
2026-04-01 11:39:25,0.0507,88.07,0.0997,114.18,0.0587,110.42,Safe,0.0697,0.026286878856189827,0.0997,0.045,1.8226357836236997,104.27471055822764,0.9798726107023105,14.935000000000002,114.18
2026-04-01 11:39:30,1.0771,119.28,1.0162,44.08,1.0971,69.62,Danger,1.0634666666666668,0.04213790850686982,1.0971,-0.07089999999999996,0.934779749075753,77.01866088244805,0.8570041272684111,50.370000000000005,44.079999999999984
2026-04-01 11:39:35,0.3,276.98,1.2159,191.45,0.3437,292.13,Danger,0.6198666666666667,0.5166422585632474,1.2159,0.89405,3.7778350851791673,257.1794900712686,0.7238567112665784,93.10500000000002,168.55
2026-04-01 11:39:40,0.207,117.68,0.156,95.58,0.2029,107.24,Safe,0.18863333333333332,0.028335548932980514,0.207,-0.048949999999999994,0.7611575449741645,106.83587710650184,0.9876276828942944,16.879999999999995,95.58
2026-04-01 11:39:45,0.3418,259.13,1.1083,203.18,0.3084,292.05,Danger,0.5861666666666666,0.45248900907462203,1.1083,0.7832000000000001,3.409094404508138,252.35408684611588,0.8054077385576656,72.40999999999997,156.82
2026-04-01 11:39:50,0.3635,94.27,1.2551,172.35,0.3933,84.97,Danger,0.6706333333333333,0.506382240341556,1.2551,0.8767000000000001,3.3168516996519575,114.69556986849237,0.7801870352927202,82.73000000000002,172.35
2026-04-01 11:39:55,0.0289,272.29,0.0266,271.66,0.102,260.66,Safe,0.05249999999999999,0.042883679879413335,0.102,-0.038849999999999996,0.40641090281279124,268.20876096337105,0.9956613172384531,5.185000000000002,88.33999999999997
2026-04-01 11:40:00,0.0214,247.55,0.0576,282.88,0.0436,258.26,Safe,0.04086666666666667,0.018254131952337074,0.0576,0.025099999999999997,1.7722531614411863,262.82262701478317,0.966954673597324,29.974999999999994,77.12
2026-04-01 11:40:05,0.1125,119.12,0.1123,130.1,0.1503,85.85,Safe,0.12503333333333333,0.02188180370383879,0.1503,-0.019099999999999992,0.8546358094687255,111.87698716436383,0.9468181083597612,27.61500000000001,130.1
2026-04-01 11:40:10,0.8173,116.85,1.0369,189.76,0.6558,84.28,Danger,0.8366666666666668,0.19128670453885002,1.0369,0.3003499999999999,1.4077776012794767,127.90684236264042,0.7256730049209632,89.195,170.24
2026-04-01 11:40:15,0.1942,212.07,0.1771,278.56,0.1966,228.24,Safe,0.18930000000000002,0.010633437826027853,0.1966,-0.01830000000000001,0.9063413186217061,238.94126924864847,0.8816459305640192,58.405,81.44
2026-04-01 11:40:20,0.3,113.53,1.0835,195.21,0.3916,106.39,Danger,0.5917,0.428366747075447,1.0835,0.7376999999999999,3.1333049933343164,135.5714418483969,0.7684819721934424,85.25,164.79
2026-04-01 11:40:25,0.0491,96.82,0.0807,104.94,0.0253,117.97,Safe,0.051699999999999996,0.027791365565585292,0.0807,0.0435,2.1692965242869815,106.5673492552363,0.9884741983780485,2.454999999999984,104.94
2026-04-01 11:40:30,0.6874,241.61,0.7098,202.59,0.7398,256.13,Danger,0.7123333333333334,0.026291697041715155,0.7398,-0.0038000000000000256,0.9946734940113592,233.75146611251387,0.9236699586168168,46.28,157.41
2026-04-01 11:40:35,0.1072,99.98,0.2043,88.58,0.1484,114.06,Safe,0.1533,0.04873510028716469,0.2043,0.07650000000000001,1.5985790408525755,100.86588877822383,0.9835269498175434,18.439999999999998,88.58
2026-04-01 11:40:40,0.0525,81.28,0.0948,93.85,0.0841,112.9,Safe,0.07713333333333333,0.021993711222377484,0.0948,0.026499999999999996,1.3879738217595643,95.98218089464811,0.9744296255483871,3.240000000000009,93.85
2026-04-01 11:40:45,0.9342,52.89,0.8956,102.66,1.0062,123.37,Danger,0.9453333333333335,0.05613424385643165,1.0062,-0.0746,0.9231076859331211,93.63852870350699,0.8711902111889279,14.530000000000001,102.66
2026-04-01 11:40:50,1.2364,86.16,1.1734,71.95,1.1223,79.91,Danger,1.1773666666666667,0.057153331778062824,1.2364,-0.0059499999999999,0.994954004363417,79.341464156862,0.9948560864881792,11.08499999999998,71.95
2026-04-01 11:40:55,0.3,93.45,0.8435,176.4,0.3,90.22,Danger,0.4811666666666667,0.3137898713045616,0.8435,0.5435000000000001,2.8116572944756855,117.26261470721428,0.7728402236524002,84.565,176.4
2026-04-01 11:41:00,0.3,310.92,0.6042,200.13,0.3,248.0,Danger,0.4014,0.17562995188748415,0.6042,0.30419999999999997,2.0139932866890446,252.00212456361555,0.7104154280948762,79.32999999999998,159.87
2026-04-01 11:41:05,0.0898,82.02,0.0471,81.07,0.0187,93.88,Safe,0.05186666666666667,0.03578887164096311,0.0898,-0.007150000000000004,0.8681867615343495,85.64967565942649,0.9948339806550092,6.8799999999999955,81.07
2026-04-01 11:41:10,0.3221,117.59,0.6962,174.78,0.3,106.02,Danger,0.43943333333333334,0.22264083932049247,0.6962,0.38515000000000005,2.238218170010706,131.8297251212188,0.8671550770900562,62.974999999999994,174.78
2026-04-01 11:41:15,0.3,87.4,0.8908,191.84,0.3,75.25,Danger,0.4969333333333334,0.3410985390372309,0.8908,0.5908,2.9693234355885485,111.08042548233429,0.6290435227804495,110.51499999999999,168.16
2026-04-01 11:41:20,0.1028,317.43,0.0785,279.27,0.1026,280.96,Safe,0.09463333333333335,0.013972234371543204,0.1028,-0.0242,0.7643547774607842,292.3517175067417,0.9533591667435775,19.92500000000001,80.73000000000002
2026-04-01 11:41:25,0.3216,271.25,0.995,169.16,0.3612,278.82,Danger,0.5592666666666667,0.3778752351416183,0.995,0.6536,2.9144612933178284,245.84989136941977,0.6575035012022542,105.87500000000003,169.16
2026-04-01 11:41:30,0.0352,97.84,0.01,59.35,0.0361,110.66,Safe,0.027100000000000003,0.014815869869838896,0.0361,-0.02565,0.28049704075622,89.57720502328269,0.9289055914386541,44.900000000000006,59.349999999999994
2026-04-01 11:41:35,0.0423,278.79,0.0627,234.86,0.0977,244.62,Safe,0.06756666666666666,0.02801880321022533,0.0977,-0.007299999999999987,0.8957014899787148,252.55609668673276,0.9467006100270606,26.84499999999997,125.13999999999999
2026-04-01 11:41:40,0.0273,84.84,0.1438,92.91,0.1118,117.95,Safe,0.0943,0.060189284760661516,0.1438,0.07425000000000001,2.0675475550315596,98.48848340998657,0.9699637120128074,8.485000000000014,92.91
2026-04-01 11:41:45,0.3073,64.17,0.2506,101.3,0.2211,122.72,Safe,0.25966666666666666,0.043809397774145845,0.3073,-0.013600000000000001,0.9485202554115996,96.30547096800181,0.9128649249732967,7.85499999999999,101.3
2026-04-01 11:41:50,0.2507,80.71,0.2915,80.45,0.2637,57.28,Safe,0.26863333333333334,0.020842584612598632,0.2915,0.0343,1.1333548469873758,72.86155446260527,0.9817080057445823,11.455000000000013,80.45
2026-04-01 11:41:55,0.206,90.63,0.1074,123.79,0.1664,127.86,Safe,0.15993333333333334,0.04961706695617278,0.206,-0.07879999999999998,0.5767960429858057,114.25755473313446,0.9581043441702248,14.545000000000016,123.79
2026-04-01 11:42:00,0.247,261.15,0.3378,280.74,0.2708,271.03,Safe,0.28519999999999995,0.0470816312376706,0.3378,0.07889999999999997,1.3047458294869467,270.9736113812843,0.9902815888679606,14.650000000000034,79.25999999999999
2026-04-01 11:42:05,0.3,78.71,0.5404,201.36,0.3,98.97,Danger,0.3801333333333334,0.13879500471318604,0.5404,0.2404,1.8013273289089038,119.06100922103658,0.6117480040765607,112.52000000000004,158.64
2026-04-01 11:42:10,0.4183,115.22,1.4217,174.69,0.4231,107.54,Danger,0.7543666666666665,0.5779326027603334,1.4217,1.001,3.3793596877592402,131.45574165541706,0.8676070880864293,63.31,174.69
2026-04-01 11:42:15,0.2563,276.18,0.1998,239.64,0.2339,279.93,Safe,0.22999999999999998,0.028451186267008256,0.2563,-0.04529999999999998,0.8151741526962355,265.466778765483,0.9503311151081267,38.41500000000002,120.36000000000001
2026-04-01 11:42:20,1.1814,336.19,1.2795,311.15,1.3832,230.31,Danger,1.2813666666666668,0.10091294928468462,1.3832,-0.0027999999999999137,0.9978156454685757,295.87527943486,0.7136106983656388,27.899999999999977,48.85000000000002
2026-04-01 11:42:25,0.4696,277.7,1.516,175.8,0.411,247.02,Danger,0.7988666666666666,0.621746454218545,1.516,1.0756999999999999,3.443099152625136,235.70689076151595,0.7417339264758694,86.56,175.8
2026-04-01 11:42:30,0.3,273.06,0.7242,167.55,0.3,232.85,Danger,0.4414,0.2449119841902392,0.7242,0.42419999999999997,2.4139919533601555,225.97794209692418,0.7324455049786968,85.40499999999997,167.55
2026-04-01 11:42:35,0.2397,281.98,0.2567,229.39,0.2515,270.24,Safe,0.2493,0.008710912696153022,0.2567,0.011099999999999999,1.0451911840749835,260.88587410551366,0.9241236127244818,46.72000000000003,130.61
2026-04-01 11:42:40,0.7611,111.23,1.0033,33.26,0.8973,20.28,Danger,0.8872333333333334,0.12141339849181944,1.0033,0.17410000000000014,1.2099599493970703,52.302332168324675,0.7697463477081813,32.495000000000005,33.25999999999999
2026-04-01 11:42:45,0.4096,270.29,1.3419,194.25,0.4849,256.4,Danger,0.7454666666666667,0.5178967689929465,1.3419,0.8946500000000001,3.0003286745026845,241.6002280401713,0.8405238105122543,69.09500000000003,165.75
2026-04-01 11:42:50,0.1966,99.35,0.2189,90.89,0.2735,62.68,Safe,0.22966666666666669,0.039564420042929156,0.2735,-0.016149999999999998,0.9312872525537012,84.41854005843446,0.9629155063735765,9.875,90.89
2026-04-01 11:42:55,0.2708,70.15,0.2212,81.16,0.2392,88.32,Safe,0.24373333333333333,0.025108829788210617,0.2708,-0.0338,0.8674475786369467,79.88205183465394,0.9915118965119452,1.9250000000000114,81.16
2026-04-01 11:43:00,0.957,189.87,0.983,293.99,0.8559,218.87,Danger,0.9319666666666667,0.06714613416521707,0.983,0.07655,1.0844491318339324,231.60378990161053,0.7283865899080603,89.62,66.00999999999999
2026-04-01 11:43:05,0.1113,252.19,0.1075,292.17,0.0469,278.36,Safe,0.08856666666666667,0.036134378828663063,0.1113,0.028399999999999995,1.3590220098355266,274.3253720245105,0.958569631553866,26.89500000000004,67.82999999999998
2026-04-01 11:43:10,0.3214,103.31,0.2563,81.86,0.2461,92.4,Safe,0.2746,0.0408496022012455,0.3214,-0.02745000000000003,0.9032567286106481,92.52260675342558,0.9883533088755988,15.995000000000005,81.86
2026-04-01 11:43:15,0.3,289.04,0.7834,155.92,0.3,276.26,Danger,0.46113333333333334,0.2790911201262651,0.7834,0.4834,2.6113246289179037,252.67421468978287,0.5346998656619442,126.73000000000005,155.92
2026-04-01 11:43:20,0.9021,220.94,0.9392,287.47,0.857,265.27,Danger,0.8994333333333332,0.041164831268126624,0.9392,0.05964999999999998,1.067817556912561,258.3415851463634,0.8868754608539334,44.365000000000066,72.52999999999997
2026-04-01 11:43:25,0.3,275.95,0.6595,178.22,0.3,289.64,Danger,0.41983333333333334,0.20755742177367045,0.6595,0.3595,2.1983260055799816,253.62862635043746,0.6619640196238741,104.57499999999996,178.22
2026-04-01 11:43:30,0.3278,69.68,0.2526,77.28,0.334,78.7,Safe,0.3048,0.0453126913789062,0.334,-0.07829999999999998,0.7633703131752398,75.22201993920083,0.9976129415517397,3.0900000000000034,77.28
2026-04-01 11:43:35,0.6705,21.86,0.8404,63.85,0.5484,29.17,Danger,0.6864333333333333,0.14665061654603892,0.8404,0.23095,1.3789459694052515,38.09107275374524,0.9495585590724436,38.33499999999998,63.849999999999994
2026-04-01 11:43:40,0.12,230.49,0.0652,270.77,0.0476,222.23,Safe,0.07759999999999999,0.03775923728043245,0.12,-0.018600000000000005,0.7780336750158112,240.84319659169188,0.9326923275075042,44.41,89.23000000000002
2026-04-01 11:43:45,0.1078,89.56,0.1235,77.43,0.119,102.05,Safe,0.11676666666666667,0.008084759324391372,0.1235,0.010099999999999998,1.0890556520665602,89.6790660407421,0.9846711644046022,18.375,77.43
2026-04-01 11:43:50,0.3372,249.73,1.1881,179.44,0.3707,247.39,Danger,0.632,0.4818879226542205,1.1881,0.83415,3.3566793143683733,226.92795523293012,0.8448328271799619,69.11999999999998,179.44
2026-04-01 11:43:55,0.4524,276.74,1.2542,189.4,0.3772,253.41,Danger,0.6946,0.48608423138382095,1.2542,0.8393999999999999,3.023618554439358,241.36430546513597,0.8031690706018582,75.67500000000004,170.6
2026-04-01 11:44:00,0.713,294.75,0.667,273.43,0.6126,201.42,Danger,0.6642,0.05025853161404536,0.713,0.0041999999999999815,1.0063352348593317,258.7354546262043,0.7720576578385567,25.345000000000027,86.57
2026-04-01 11:44:05,0.4046,271.36,1.0396,175.84,0.3436,298.43,Danger,0.5959333333333334,0.3854352518041563,1.0396,0.6655000000000001,2.778928685034256,254.6019895669242,0.6246126370644258,109.05499999999998,175.84
2026-04-01 11:44:10,0.3,261.02,1.3282,190.54,0.4726,254.71,Danger,0.7002666666666667,0.5506113814055548,1.3282,0.9419000000000001,3.4382515188932987,236.69413809609176,0.8516363486328087,67.32500000000002,169.46
2026-04-01 11:44:15,1.3122,171.29,1.3192,168.5,1.0642,229.52,Danger,1.2318666666666667,0.14524576872781292,1.3192,0.13099999999999978,1.110249865132246,188.89850604388437,0.8831546560642619,31.905,168.5
2026-04-01 11:44:20,0.5222,97.64,1.649,151.42,0.4775,55.71,Danger,0.8828999999999999,0.6638384065418331,1.649,1.1491500000000001,3.2989830969628953,101.03550850998131,0.7796517261844579,74.745,151.42
2026-04-01 11:44:25,0.0675,311.13,0.0134,278.02,0.0812,278.16,Safe,0.05403333333333333,0.035850011622499275,0.0812,-0.06095,0.18022622426060175,288.96384001070993,0.9633940039880902,16.625,81.98000000000002
2026-04-01 11:44:30,0.2118,57.82,0.2698,106.73,0.3117,94.78,Safe,0.2644333333333333,0.05016575857428384,0.3117,0.008050000000000002,1.0307505988515804,86.70185863161106,0.9350731214584374,30.430000000000007,106.73
2026-04-01 11:44:35,0.2301,121.45,0.278,65.21,0.2822,53.25,Safe,0.26343333333333335,0.028943796111314316,0.2822,0.021850000000000036,1.085297344144665,79.04692436521678,0.8699138770944377,22.139999999999986,65.21
2026-04-01 11:44:40,0.3616,278.5,1.2335,190.53,0.328,255.27,Danger,0.6410333333333333,0.5133661493839785,1.2335,0.8887,3.5774258195306863,243.004469383095,0.8001497509958112,76.35499999999999,169.47
2026-04-01 11:44:45,0.0414,88.41,0.0729,97.4,0.0887,101.69,Safe,0.06766666666666667,0.024080351603191625,0.0887,0.00785000000000001,1.120659175108761,95.83680350484589,0.9953417000210039,2.3500000000000227,97.4
2026-04-01 11:44:50,0.6898,316.96,0.6813,286.22,0.6315,313.34,Danger,0.6675333333333334,0.03149386183581389,0.6898,0.020650000000000057,1.0312555343138814,305.5964430623853,0.9715456323357297,28.92999999999995,73.77999999999997
2026-04-01 11:44:55,0.1485,297.6,0.1322,279.8,0.0888,263.26,Safe,0.12316666666666666,0.03085811616630758,0.1485,0.013550000000000006,1.1141920422078195,280.2135704684717,0.9702754811181591,0.6299999999999955,80.19999999999999
2026-04-01 11:45:00,0.2521,70.7,0.1951,58.74,0.2732,104.5,Safe,0.2401333333333333,0.04040177388844868,0.2732,-0.06755,0.7428108021671344,77.78298665276466,0.9436268580218545,28.859999999999985,58.74000000000001
2026-04-01 11:45:05,0.254,296.17,0.2664,248.95,0.2932,260.49,Safe,0.2712,0.020035967658189116,0.2932,-0.007199999999999984,0.973680651752004,268.30489217134993,0.9394156097526053,29.379999999999995,111.05000000000001
2026-04-01 11:45:10,1.0858,109.35,1.1223,133.2,1.0719,12.85,Danger,1.0933333333333335,0.026030815072397046,1.1223,0.04344999999999999,1.0402734019804403,91.23739451613427,0.6317740558962037,72.1,133.2
2026-04-01 11:45:15,0.3837,277.2,1.2311,178.98,0.3152,289.99,Danger,0.6433333333333333,0.5101718370640753,1.2311,0.88165,3.5229545773227153,254.44901161584923,0.6622659251490047,104.61500000000004,178.98
2026-04-01 11:45:20,0.3,236.58,0.64,213.88,0.3,279.97,Danger,0.41333333333333333,0.19629909152447278,0.64,0.34,2.133326222245926,243.06319069766545,0.8887611623651519,44.39500000000004,146.12
2026-04-01 11:45:25,0.0539,103.04,0.0211,103.58,0.0642,92.59,Safe,0.0464,0.022507554287394264,0.0642,-0.03795,0.3573182503259894,99.7412866286173,0.9961068240016897,5.764999999999986,103.58
2026-04-01 11:45:30,0.4316,279.88,1.5467,181.12,0.4688,249.6,Danger,0.8157,0.6333377534933473,1.5467,1.0965,3.435576553583844,238.7853203140741,0.7569091692545571,83.62,178.88
2026-04-01 11:45:35,0.3641,81.99,1.4039,184.13,0.381,65.3,Danger,0.7163333333333334,0.5955101538457034,1.4039,1.03135,3.7683431261760134,103.54834682864686,0.626340173768092,110.48500000000001,175.87
2026-04-01 11:45:40,0.2417,57.13,0.2072,107.5,0.1998,46.86,Safe,0.2162333333333333,0.022362990259205795,0.2417,-0.013550000000000006,0.9386140946133879,69.85168732669389,0.8959292231321704,55.504999999999995,107.5
2026-04-01 11:45:45,0.3804,278.76,1.1686,186.79,0.3046,274.61,Danger,0.6178666666666667,0.47845251941371714,1.1686,0.8261000000000001,3.4119608409902455,250.12595822098464,0.7455111290499773,89.89500000000001,173.21
2026-04-01 11:45:50,0.0526,113.75,0.0816,109.13,0.0407,88.99,Safe,0.0583,0.021037347741576173,0.0816,0.03495000000000001,1.7491586461169109,103.99567841448483,0.9824770301690853,7.759999999999991,109.13
2026-04-01 11:45:55,0.7891,40.45,0.9386,6.08,0.8272,64.33,Danger,0.8516333333333334,0.07768721473533036,0.9386,0.13044999999999995,1.1614166164491535,37.11381076834999,0.9148185546225364,46.31,6.0800000000000125
2026-04-01 11:46:00,0.2473,38.08,0.223,125.34,0.1666,68.72,Safe,0.21230000000000002,0.04140036231725515,0.2473,0.01605000000000001,1.0775497581553122,76.40774841166147,0.810812969920516,71.94,125.34
2026-04-01 11:46:05,0.3,75.73,1.2065,188.88,0.3,47.27,Danger,0.6021666666666666,0.5233680190203958,1.2065,0.9064999999999999,4.021653261155796,92.32768867474235,0.5168727544264216,127.38,171.12
2026-04-01 11:46:10,0.4064,96.75,1.0998,167.51,0.3691,97.01,Danger,0.6251000000000001,0.4115250782151679,1.0998,0.7120500000000001,2.836356321453717,118.9083820455088,0.8384274206720342,70.63,167.51
2026-04-01 11:46:15,0.3,283.32,1.1217,171.53,0.3433,282.58,Danger,0.5883333333333333,0.4624161797918984,1.1217,0.8000499999999999,3.487320107818723,253.29021943373323,0.6270793504215793,111.41999999999999,171.53
2026-04-01 11:46:20,0.0906,305.1,0.1555,288.99,0.0989,262.78,Safe,0.11499999999999999,0.035318691935008015,0.1555,0.06075,1.6411436290909858,285.70211026786865,0.9542080092265612,5.050000000000011,71.00999999999999
2026-04-01 11:46:25,0.3453,64.78,0.9564,183.52,0.3519,102.02,Danger,0.5512,0.3509290099151109,0.9564,0.6078,2.7435377408555914,113.19035464402018,0.6604848894496996,100.12,176.48
2026-04-01 11:46:30,0.3399,77.15,0.7019,191.44,0.3,118.39,Danger,0.44726666666666665,0.22141951886257302,0.7019,0.38195,2.193773421555176,126.66890650229467,0.6883372318359868,93.66999999999996,168.56
2026-04-01 11:46:35,0.2527,96.97,0.2301,105.44,0.2811,120.63,Safe,0.2546333333333333,0.025554908204361328,0.2811,-0.03680000000000003,0.8621174143221644,107.66405272544579,0.9854607882938778,3.3600000000000136,105.44
2026-04-01 11:46:40,0.1722,299.1,0.2161,280.35,0.1693,255.49,Safe,0.18586666666666665,0.026222954321230337,0.2161,0.045349999999999974,1.265585560260262,278.3642395320983,0.9519943219090855,3.055000000000007,79.64999999999998
2026-04-01 11:46:45,0.1747,67.94,0.2098,101.92,0.1771,67.37,Safe,0.1872,0.019608926538696596,0.2098,0.033899999999999986,1.1927163574965463,78.92083088776457,0.9606496441577397,34.264999999999986,101.92
2026-04-01 11:46:50,0.0999,283.77,0.1151,260.99,0.0851,229.97,Safe,0.10003333333333332,0.015000444437860276,0.1151,0.022599999999999995,1.244310872314894,258.3498701648391,0.9273129038944047,4.1200000000000045,99.00999999999999
2026-04-01 11:46:55,0.3109,38.95,1.0484,167.9,0.4159,82.68,Danger,0.5917333333333333,0.39895436246935984,1.0484,0.685,2.8849672950817418,92.27414121658333,0.6105176918965699,107.08499999999998,167.9
2026-04-01 11:47:00,0.1831,250.68,0.2246,230.4,0.2149,259.97,Safe,0.20753333333333335,0.021708600446213318,0.2246,0.025599999999999984,1.128637544534952,247.05740709383645,0.9769166147838503,24.924999999999983,129.6
2026-04-01 11:47:05,0.2038,93.51,0.2305,96.46,0.1603,115.68,Safe,0.19820000000000002,0.03543345876428098,0.2305,0.04845000000000002,1.2661287221712598,101.85117015759921,0.9853374647730156,8.13500000000002,96.46
2026-04-01 11:47:10,0.3975,280.14,1.3863,173.1,0.423,268.04,Danger,0.7355999999999999,0.5636669495366923,1.3863,0.9760500000000001,3.379150812551341,245.45961414276258,0.682907427299233,100.98999999999998,173.1
2026-04-01 11:47:15,0.9883,116.46,1.1207,116.33,1.0894,65.02,Danger,1.0661333333333334,0.06919857898348301,1.1207,0.08184999999999998,1.0787880071348057,99.81636835332912,0.9126807525692683,25.589999999999975,116.33
2026-04-01 11:47:20,0.7397,199.81,0.6869,229.59,0.6015,282.46,Danger,0.6760333333333334,0.06973789022714505,0.7397,0.01629999999999987,1.0243050636667703,236.52437830783958,0.8299256388973673,11.544999999999987,130.41
2026-04-01 11:47:25,0.0227,56.69,0.0441,89.38,0.0739,71.81,Safe,0.0469,0.02571458729981875,0.0739,-0.004199999999999995,0.9130245750605578,72.6153666631124,0.973006286985921,25.129999999999995,89.38
2026-04-01 11:47:30,0.1535,102.83,0.1961,86.01,0.2045,81.67,Safe,0.1847,0.027344469276254016,0.2045,0.017100000000000004,1.0955246060077877,90.14705447813577,0.9873564175948406,6.240000000000009,86.01
2026-04-01 11:47:35,0.3,101.9,0.8123,185.12,0.3,84.17,Danger,0.4707666666666667,0.2957765429058453,0.8123,0.5123,2.707657641141197,120.29231283634118,0.7273402411178864,92.08499999999998,174.88
2026-04-01 11:47:40,0.3,255.53,0.9954,194.15,0.3039,278.92,Danger,0.5331,0.40036829295037835,0.9954,0.6934499999999999,3.2965613626051913,244.18642822027184,0.8148587118615876,73.07499999999996,165.85
2026-04-01 11:47:45,0.6441,350.8,0.4866,298.6,0.5725,312.44,Danger,0.5677333333333333,0.07885812154327121,0.6441,-0.12170000000000009,0.7999329279419233,320.32139499992826,0.9271223673776535,33.01999999999998,61.39999999999998
2026-04-01 11:47:50,0.4213,28.59,0.6297,337.14,0.5507,358.86,Danger,0.5339,0.10521083594383233,0.6297,0.14370000000000005,1.2956763463449665,1.43576356149712,0.9334015185523967,36.585000000000036,22.860000000000014
2026-04-01 11:47:55,0.2492,262.08,0.2076,267.24,0.2469,264.29,Safe,0.23456666666666667,0.02338211567273871,0.2492,-0.040449999999999986,0.8369246646858912,264.5365834555231,0.999319597069054,4.055000000000007,92.75999999999999
2026-04-01 11:48:00,0.3,62.7,0.8893,186.05,0.3,108.01,Danger,0.49643333333333334,0.3402325136334465,0.8893,0.5892999999999999,2.9643234522551594,115.9766798446503,0.6430392091334033,100.695,173.95
2026-04-01 11:48:05,0.2161,101.8,0.2507,118.67,0.2209,52.81,Safe,0.22923333333333332,0.01874495487680173,0.2507,0.03219999999999998,1.1473631699626088,91.72295662114563,0.884700080274818,41.36500000000001,118.67
2026-04-01 11:48:10,0.658,217.08,0.5022,293.78,0.5374,295.11,Danger,0.5658666666666666,0.08170785355969974,0.658,-0.09550000000000003,0.8402194408240908,270.7042194933808,0.8079026118239322,37.684999999999945,66.22000000000003
2026-04-01 11:48:15,0.2017,257.19,0.198,281.42,0.1983,279.96,Safe,0.19933333333333333,0.002055075018906437,0.2017,-0.0020000000000000018,0.9899950500247499,272.90573806602663,0.9813422372979133,12.845000000000027,78.57999999999998
2026-04-01 11:48:20,0.3,50.3,0.4271,169.08,0.3,114.85,Danger,0.34236666666666665,0.07338121921400143,0.4271,0.1271,1.4236619211269297,112.24648567479511,0.672112498108299,86.505,169.08
2026-04-01 11:48:25,0.0592,116.06,0.1098,72.43,0.1045,92.0,Safe,0.09116666666666666,0.02781048962771661,0.1098,0.02794999999999999,1.3414619247168633,93.4591886130434,0.9520927437444936,31.599999999999994,72.43
2026-04-01 11:48:30,0.4551,277.3,1.2823,168.57,0.4331,271.08,Danger,0.7235,0.4840599962814527,1.2823,0.8382000000000001,2.8874062431744134,245.05486145614555,0.6593589973644606,105.62,168.57
2026-04-01 11:48:35,1.1459,170.65,0.9001,169.24,1.1621,238.93,Danger,1.0693666666666666,0.1468128513902421,1.1621,-0.2538999999999999,0.779981993083195,191.5388216562457,0.8454936246970524,35.55000000000001,169.24
2026-04-01 11:48:40,0.5567,120.37,0.37,171.47,0.4976,197.62,Danger,0.4747666666666666,0.0954213987181771,0.5567,-0.15715,0.7018861768259947,163.8581284386935,0.849353192753891,12.474999999999994,171.47
2026-04-01 11:48:45,0.0736,117.91,0.1062,115.47,0.1221,80.03,Safe,0.10063333333333334,0.024724549203844613,0.1221,0.00835000000000001,1.0853236042554497,104.65992667711609,0.9548839367764578,16.5,115.47
2026-04-01 11:48:50,0.8853,297.69,1.0182,6.17,0.9363,40.11,Danger,0.9466,0.06704602896518183,1.0182,0.10739999999999994,1.117917086169207,356.55824192111385,0.7425739690335611,17.27000000000004,6.1699999999999875
2026-04-01 11:48:55,0.1794,104.28,0.1905,72.75,0.1743,81.81,Safe,0.1814,0.008283115355951524,0.1905,0.013649999999999995,1.0771779633702947,86.2236007368622,0.9734212548864069,20.295000000000016,72.75
2026-04-01 11:49:00,0.6522,274.35,0.6839,327.31,0.5357,291.22,Danger,0.6239333333333333,0.07803885784231683,0.6839,0.08994999999999997,1.1514417856018424,297.3887194570977,0.9270539717208454,44.52499999999998,32.69
2026-04-01 11:49:05,0.7672,255.95,0.6733,204.69,0.7443,246.41,Danger,0.7282666666666667,0.04896022194938797,0.7672,-0.08244999999999991,0.8909018975826695,236.045841369463,0.9259665713864234,46.49000000000001,155.31
2026-04-01 11:49:10,0.3,285.44,0.9826,171.36,0.3,260.65,Danger,0.5275333333333333,0.39409929374883856,0.9826,0.6826000000000001,3.2753224155919485,243.82609558060165,0.6687019593844428,101.68499999999995,171.36
2026-04-01 11:49:15,0.3,107.04,0.8149,188.82,0.3,78.0,Danger,0.47163333333333335,0.29727765360573827,0.8149,0.5148999999999999,2.7163242789190707,121.0760407886926,0.6931124966677585,96.30000000000001,171.18
2026-04-01 11:49:20,0.1043,284.42,0.101,243.3,0.1151,248.2,Safe,0.1068,0.007374957626996911,0.1151,-0.008699999999999986,0.9206844057939308,258.4220389670228,0.949436473570136,23.00999999999999,116.69999999999999
2026-04-01 11:49:25,0.3566,255.99,1.1627,172.01,0.3518,265.98,Danger,0.6237,0.4667938624275174,1.1627,0.8085000000000001,3.2825994280083917,234.54107328106437,0.7484026716161503,88.97500000000002,172.01
2026-04-01 11:49:30,0.3361,101.38,0.949,178.9,0.3595,94.84,Danger,0.5481999999999999,0.34730011517418186,0.949,0.6012,2.728571798240948,122.70230259942984,0.7906506936577467,80.79000000000002,178.9
2026-04-01 11:49:35,0.9425,287.95,0.8111,217.77,0.9678,237.68,Danger,0.9071333333333333,0.08412385709971536,0.9678,-0.1440499999999999,0.8491851026696303,247.11252579984597,0.8715842052517234,45.04499999999999,142.23
2026-04-01 11:49:40,0.3,263.98,0.9771,180.62,0.3,281.1,Danger,0.5257,0.39092386726829564,0.9771,0.6771,3.2569891433695224,245.3342478075943,0.7286865887629134,91.92000000000002,179.38
2026-04-01 11:49:45,0.0399,272.62,0.0927,289.4,0.0986,245.9,Safe,0.07706666666666666,0.032322180206993054,0.0986,0.023450000000000013,1.3386088287533755,269.38878430823075,0.9517246559488651,30.139999999999986,70.60000000000002
2026-04-01 11:49:50,0.9723,316.16,0.9705,189.75,0.8096,339.88,Danger,0.9174666666666668,0.09341960893374228,0.9723,0.07955000000000001,1.0892854938150358,299.2250968908979,0.4606288541209289,138.26999999999998,170.25
2026-04-01 11:49:55,0.3,85.06,1.0198,162.22,0.3,94.29,Danger,0.5399333333333334,0.41557672376269267,1.0198,0.7198,3.399322002259993,112.2595063573293,0.8279856043773324,72.54499999999999,162.22
2026-04-01 11:50:00,0.2492,287.67,0.2157,244.46,0.2116,239.02,Safe,0.2255,0.020626924152669975,0.2492,-0.01469999999999999,0.9361938533252894,256.6770112041752,0.9291575850690843,18.88500000000002,115.53999999999999
2026-04-01 11:50:05,0.5211,279.53,1.4298,182.46,0.4724,255.15,Danger,0.8077666666666666,0.5392467184261146,1.4298,0.9330499999999999,2.8783032142864333,241.3623612684178,0.7579632703912134,84.87999999999997,177.54
2026-04-01 11:50:10,0.438,298.23,1.4005,184.8,0.4219,273.87,Danger,0.7534666666666667,0.5604051242925366,1.4005,0.97055,3.2573479303455515,256.9190957954559,0.6715776315011633,101.25,175.2
2026-04-01 11:50:15,0.1592,104.58,0.1593,84.63,0.2273,97.13,Safe,0.18193333333333336,0.039288717634116455,0.2273,-0.03395000000000001,0.8243165623981247,95.45517547610471,0.9897076031025963,16.225000000000023,84.63
2026-04-01 11:50:20,0.4852,265.69,1.2943,200.68,0.5079,262.68,Danger,0.7624666666666666,0.4607210037900739,1.2943,0.79775,2.606580190151666,244.0834900877332,0.8680184358946444,63.504999999999995,159.32
2026-04-01 11:50:25,0.3817,288.69,1.0513,207.18,0.3,240.73,Danger,0.5776666666666667,0.41220762163421154,1.0513,0.7104499999999999,3.0843389046826912,245.07113988173506,0.8367516421638298,57.52999999999997,152.82
2026-04-01 11:50:30,0.0914,77.85,0.117,109.03,0.1069,100.54,Safe,0.10510000000000001,0.01289457250163805,0.117,0.01785000000000002,1.180018355841091,95.86487777361039,0.9737889468127399,19.835000000000008,109.03
2026-04-01 11:50:35,1.2584,119.13,1.5336,41.95,1.4124,137.05,Danger,1.4014666666666666,0.13792539045923832,1.5336,0.19820000000000015,1.148419089097582,102.05973672967268,0.7578451376245438,86.14,41.94999999999999
2026-04-01 11:50:40,0.6771,297.35,0.598,245.9,0.6205,297.32,Danger,0.6318666666666667,0.04075663545158427,0.6771,-0.05080000000000007,0.9217001823363403,280.73838324030186,0.9124818382958905,51.434999999999974,114.1
2026-04-01 11:50:45,0.1931,83.26,0.2443,65.38,0.204,84.79,Safe,0.2138,0.026970168705441944,0.2443,0.045749999999999985,1.2304143519800956,77.83422106623796,0.9882093554457225,18.64500000000001,65.38
2026-04-01 11:50:50,0.125,83.61,0.0729,79.13,0.0372,115.28,Safe,0.07836666666666668,0.04415453921550233,0.125,-0.008199999999999999,0.8988791753492559,92.52816793560714,0.9609608842738667,20.314999999999998,79.13
2026-04-01 11:50:55,0.1572,78.22,0.1486,112.81,0.1539,139.98,Safe,0.15323333333333333,0.004338586559391585,0.1572,-0.006950000000000012,0.9553136913295317,110.4655747617249,0.9050545675681654,3.710000000000008,112.81
2026-04-01 11:51:00,0.4411,101.39,1.383,169.03,0.4868,41.57,Danger,0.7703000000000001,0.5311055356518137,1.383,0.91905,2.9809182435214066,103.22590725972212,0.6280367364042244,97.55000000000001,169.03
2026-04-01 11:51:05,0.4105,118.49,1.2362,145.1,0.3,84.12,Danger,0.6489,0.511608766539433,1.2362,0.88095,3.479793160328895,116.03448806322822,0.9073282104049081,43.79499999999999,145.1
2026-04-01 11:51:10,0.0419,270.7,0.0615,282.14,0.0943,296.22,Safe,0.0659,0.026475649189396655,0.0943,-0.006599999999999995,0.9030704394942806,283.0126429400754,0.9834773783095757,1.32000000000005,77.86000000000001
2026-04-01 11:51:15,0.3922,222.79,1.182,202.63,0.407,255.42,Danger,0.6604,0.45177945947110076,1.182,0.7824,2.9579505556792904,226.79223772004752,0.9292341130461153,36.474999999999994,157.37
2026-04-01 11:51:20,0.2752,105.12,0.2893,75.16,0.2695,81.64,Safe,0.278,0.010192644406629708,0.2893,0.01695000000000002,1.0622321930156307,87.24321841391749,0.9749284620223857,18.220000000000027,75.16
2026-04-01 11:51:25,0.1714,77.34,0.1593,117.37,0.143,77.08,Safe,0.1579,0.014251666569212182,0.1714,0.0020999999999999908,1.013352332364298,90.34273792396343,0.9461593339462603,40.16,117.37
2026-04-01 11:51:30,0.1136,266.18,0.0874,229.12,0.1117,288.65,Safe,0.10423333333333333,0.014609015481316094,0.1136,-0.025249999999999995,0.7758475290942823,261.5499354276967,0.9103322686328529,48.29499999999996,130.88
2026-04-01 11:51:35,0.1026,305.89,0.122,288.15,0.143,270.72,Safe,0.12253333333333333,0.02020527983803573,0.143,-0.0007999999999999952,0.9934772518139103,288.2516719937986,0.9688457301672024,0.15500000000002956,71.85000000000002
2026-04-01 11:51:40,0.2244,95.65,0.181,97.45,0.1935,121.98,Safe,0.19963333333333333,0.02234062070161286,0.2244,-0.027950000000000003,0.8662317959713043,104.96449495156362,0.9781507370333713,11.365000000000009,97.45
2026-04-01 11:51:45,0.0682,97.58,0.01,92.73,0.0957,90.51,Safe,0.057966666666666666,0.043756866127881384,0.0957,-0.07195,0.12202413637417482,93.6061184907118,0.9986730565244374,1.3149999999999977,92.73
2026-04-01 11:51:50,0.3,290.49,0.5682,183.92,0.3,229.88,Danger,0.3894,0.15484534219665766,0.5682,0.26820000000000005,1.8939936866877114,233.86933030121932,0.730407121475078,76.26500000000001,176.08
2026-04-01 11:51:55,0.1099,239.55,0.1808,256.93,0.1493,288.31,Safe,0.14666666666666664,0.035523278752577624,0.1808,0.051199999999999996,1.3950509641129312,261.45034870990753,0.9389464369417174,7.0,103.07
2026-04-01 11:52:00,1.1512,303.51,1.0607,12.39,0.9516,291.57,Danger,1.0545,0.09994433450676432,1.1512,0.009299999999999864,1.0088443895335841,320.75461169140067,0.8162548403500239,74.85000000000002,12.389999999999986
2026-04-01 11:52:05,1.0058,306.13,1.0352,290.28,0.954,5.15,Danger,0.9983333333333334,0.04111171771324243,1.0352,0.055299999999999905,1.056433251930552,319.4027342779149,0.8482306875342976,45.360000000000014,69.72000000000003
2026-04-01 11:52:10,0.3941,82.29,1.3255,195.49,0.4053,104.4,Danger,0.7082999999999999,0.5345402136415931,1.3255,0.9258,3.316228881088614,122.49960877973052,0.6689125673311407,102.14499999999998,164.51
2026-04-01 11:52:15,0.9827,274.02,0.9382,267.6,0.7752,304.89,Danger,0.8986999999999999,0.10924399296986541,0.9827,0.059250000000000025,1.0674087634009177,282.02876286301813,0.9600511398354645,21.85499999999996,92.39999999999998
2026-04-01 11:52:20,0.3,235.7,1.1045,179.37,0.3219,269.66,Danger,0.5754666666666667,0.4582871407025658,1.1045,0.79355,3.552006586246708,229.1519175487519,0.7998298525750752,73.31,179.37
2026-04-01 11:52:25,0.1186,66.73,0.1273,80.54,0.1663,75.77,Safe,0.1374,0.02540334623627368,0.1663,-0.015149999999999997,0.8936406202834659,74.35008826729657,0.9950106707964343,9.289999999999992,80.54
2026-04-01 11:52:30,1.4168,3.39,1.0145,1.35,1.3355,302.13,Danger,1.2556,0.21271889901933963,1.4168,-0.36165,0.7372010774980362,343.19261982811577,0.880901679852836,28.590000000000032,1.3499999999999943
2026-04-01 11:52:35,0.3,117.39,0.7226,182.4,0.3,74.83,Danger,0.4408666666666667,0.24398822375953588,0.7226,0.42260000000000003,2.408658637804541,123.47126343507503,0.7237493076055622,86.29000000000002,177.6
2026-04-01 11:52:40,0.7649,297.27,0.5639,238.18,0.5647,242.25,Danger,0.6311666666666667,0.1158171547454579,0.7649,-0.1009000000000001,0.8482237541760616,258.48081859620027,0.8924945751964471,31.579999999999984,121.82
2026-04-01 11:52:45,0.1702,296.73,0.1817,258.02,0.1685,292.17,Safe,0.17346666666666666,0.007180761333823407,0.1817,0.01235,1.0729195576052104,282.48825404398633,0.9550714533526056,36.430000000000064,101.98000000000002
2026-04-01 11:52:50,0.3,282.08,0.4572,177.17,0.3,295.38,Danger,0.3524,0.09075946231660918,0.4572,0.1572,1.5239949200169334,258.85587259890923,0.622391953131938,111.56000000000003,177.17
2026-04-01 11:52:55,0.3635,273.34,1.1534,182.73,0.359,296.39,Danger,0.6253,0.4573535503305949,1.1534,0.79215,3.1927939299822015,255.66711674427157,0.6680333978304513,102.13500000000002,177.27
2026-04-01 11:53:00,0.197,88.11,0.2636,103.98,0.2049,65.67,Safe,0.22183333333333333,0.036386032118566225,0.2636,0.06264999999999998,1.3117625689844787,85.96184048902937,0.9627313667283454,27.090000000000003,103.98
2026-04-01 11:53:05,0.2167,267.65,0.2032,255.93,0.2001,227.21,Safe,0.20666666666666667,0.008826286497351727,0.2167,-0.00520000000000001,0.9750433059342325,250.38256945668854,0.9565233451800436,8.5,104.07
2026-04-01 11:53:10,0.315,300.15,1.2205,197.88,0.4224,258.48,Danger,0.6526333333333333,0.4947101205082965,1.2205,0.8517999999999999,3.310270381691397,253.21118105217505,0.7491285856255667,81.435,162.12
2026-04-01 11:53:15,0.1977,48.28,0.1494,111.74,0.1216,96.3,Safe,0.1562333333333333,0.038507445167568995,0.1977,-0.010249999999999981,0.9357911945430972,86.0275608850829,0.8918898065531327,39.44999999999999,111.74
2026-04-01 11:53:20,0.3917,30.49,0.6271,76.24,0.667,114.29,Danger,0.5619333333333333,0.14877010228313126,0.667,0.09775,1.1846581946572312,73.93690342418121,0.82909093499102,3.8499999999999943,76.24
2026-04-01 11:53:25,0.2589,68.27,0.17,72.0,0.27,81.73,Safe,0.23296666666666668,0.05481243776127215,0.27,-0.09445,0.6428412068776447,73.99548593968396,0.9951023916739729,3.0,72.0
2026-04-01 11:53:30,0.8235,225.33,0.8573,191.22,0.9521,193.26,Danger,0.8776333333333334,0.06666763332632508,0.9521,-0.03049999999999997,0.965644327951872,203.13104195337706,0.9631809263489844,18.07499999999999,168.78
2026-04-01 11:53:35,0.4015,74.71,1.2777,201.43,0.4209,157.53,Danger,0.7000333333333333,0.5003680378814511,1.2777,0.8665,3.1072395251957077,148.33470040387516,0.6231876908634087,85.31,158.57
2026-04-01 11:53:40,0.3,88.58,0.6077,185.98,0.3,75.22,Danger,0.4025666666666667,0.17765067782964786,0.6077,0.30770000000000003,2.025659914466952,110.99333124076075,0.6649457105045514,104.07999999999998,174.02
2026-04-01 11:53:45,0.3884,243.91,1.3703,146.57,0.4358,277.51,Danger,0.7315,0.5537244531353117,1.3703,0.9582,3.3251557263874636,229.4910185823467,0.5868741774652015,114.13999999999999,146.57
2026-04-01 11:53:50,0.1251,267.05,0.1326,277.54,0.1792,264.95,Safe,0.1456333333333333,0.029310464570411258,0.1792,-0.019550000000000012,0.8715026519707395,269.84129923957204,0.9953860125285272,11.54000000000002,82.45999999999998
2026-04-01 11:53:55,0.6846,330.07,0.8804,285.0,0.843,293.1,Danger,0.8026666666666666,0.10394466476608279,0.8804,0.11659999999999993,1.1526562547050867,302.47568085879317,0.9422451353204349,26.58499999999998,75.0
2026-04-01 11:54:00,0.9716,128.22,1.1086,204.03,0.9682,287.94,Danger,1.0161333333333333,0.08009652510148825,1.1086,0.13870000000000005,1.1430032549713838,205.08436576971647,0.45048584295453087,4.049999999999983,155.97
2026-04-01 11:54:05,0.5119,101.66,1.4221,152.08,0.5111,74.7,Danger,0.8150333333333334,0.5257353072919235,1.4221,0.9105999999999999,2.7802487189663356,108.8141884025839,0.8494393092653276,63.900000000000006,152.08
2026-04-01 11:54:10,0.2516,97.14,0.226,104.46,0.2727,92.24,Safe,0.2501,0.023386106986841564,0.2727,-0.03614999999999999,0.8620985615160729,97.94514002957101,0.9961634619218702,9.769999999999982,104.46
2026-04-01 11:54:15,0.22,287.18,0.2552,272.94,0.3203,259.56,Safe,0.2651666666666666,0.05088735926861731,0.3203,-0.014950000000000019,0.9446568770798554,273.22385041804637,0.9807222254191449,0.4300000000000068,87.06
2026-04-01 11:54:20,0.2904,248.65,0.2638,272.73,0.2951,274.59,Safe,0.28309999999999996,0.01687868478288519,0.2951,-0.028949999999999976,0.9011070841773385,265.3823731279433,0.9788544766982902,11.110000000000014,87.26999999999998
2026-04-01 11:54:25,0.183,249.4,0.2319,262.68,0.1997,278.88,Safe,0.20486666666666667,0.024856052247558005,0.2319,0.04055,1.2119090049176644,263.64242777226247,0.9779889039168503,1.4599999999999795,97.32
2026-04-01 11:54:30,0.1541,76.6,0.2439,98.37,0.167,67.55,Safe,0.18833333333333335,0.048552480197548445,0.2439,0.08335000000000001,1.519143449744941,80.78887356889697,0.97468088281599,26.295000000000016,98.37
2026-04-01 11:54:35,0.1738,97.83,0.2137,97.84,0.2001,58.75,Safe,0.19586666666666666,0.020284065996080104,0.2137,0.026749999999999996,1.143080272370835,85.04024308822528,0.948967036177109,19.55000000000001,97.84
2026-04-01 11:54:40,0.1258,109.14,0.1301,95.76,0.1319,97.18,Safe,0.12926666666666667,0.003134219732777732,0.1319,0.0012500000000000011,1.0096933667569519,100.68586990673363,0.9945230154037101,7.400000000000006,95.76
2026-04-01 11:54:45,0.1411,293.25,0.0278,278.58,0.0767,286.63,Safe,0.08186666666666666,0.05682643164349961,0.1411,-0.0811,0.2552777293137804,286.15463934781616,0.9945271698678393,11.360000000000014,81.42000000000002
2026-04-01 11:54:50,0.1105,262.18,0.1053,305.58,0.118,273.26,Safe,0.11126666666666667,0.006384616929255292,0.118,-0.008949999999999986,0.9216549526918802,280.1686251901384,0.9490357370152264,37.85999999999996,54.420000000000016
2026-04-01 11:54:55,0.3304,268.17,1.0293,137.11,0.3,245.41,Danger,0.5532333333333334,0.41256592604495756,1.0293,0.7141000000000001,3.2655353250782837,226.12934265739403,0.5678990537677499,119.67999999999995,137.11
2026-04-01 11:55:00,0.1654,274.61,0.0799,275.13,0.168,268.25,Safe,0.13776666666666668,0.05013086208448179,0.168,-0.08680000000000002,0.4793012639396284,272.66441043794265,0.998510393880805,3.6999999999999886,84.87
2026-04-01 11:55:05,0.7134,292.86,0.4363,293.01,0.5071,325.18,Danger,0.5522666666666667,0.14396570193394445,0.7134,-0.17394999999999994,0.714951716588748,303.5538448813534,0.9651187484926704,16.00999999999999,66.99000000000001
2026-04-01 11:55:10,0.769,172.17,0.9663,72.19,0.8035,150.94,Danger,0.8462666666666667,0.10537344700318642,0.9663,0.18005000000000004,1.2289968470628336,134.72369007061835,0.7384548801259692,89.36500000000001,72.19
2026-04-01 11:55:15,0.1202,237.71,0.1215,293.55,0.1365,256.46,Safe,0.12606666666666666,0.009058881461490345,0.1365,-0.006850000000000023,0.9466229324274839,262.31869689873355,0.9196768944195348,46.46500000000003,66.44999999999999
2026-04-01 11:55:20,0.2636,124.73,0.162,76.05,0.2104,97.15,Safe,0.212,0.050818894124134574,0.2636,-0.07499999999999998,0.6835414196564572,99.24208741642524,0.9403997553389425,34.890000000000015,76.05
2026-04-01 11:55:25,0.1892,72.39,0.2055,113.44,0.2352,98.26,Safe,0.20996666666666666,0.023323021530953766,0.2352,-0.0067000000000000115,0.9684214494747904,94.7748646882646,0.9567341549830333,28.11500000000001,113.44
2026-04-01 11:55:30,0.3,292.46,0.4023,196.65,0.3,267.77,Danger,0.3341,0.05906293253809872,0.4023,0.1023,1.3409955300149001,254.44988161370492,0.7646260251549033,83.46499999999995,163.35
2026-04-01 11:55:35,0.1529,269.61,0.2052,286.8,0.1889,276.02,Safe,0.18233333333333332,0.026761228173111436,0.2052,0.0343,1.2006951392911684,277.4712112520567,0.9923519768364227,13.985000000000014,73.19999999999999
2026-04-01 11:55:40,0.3,270.66,0.9028,173.74,0.3,229.05,Danger,0.5009333333333333,0.34802674226750646,0.9028,0.6028,3.00932330225566,225.14404673424988,0.7740707484874682,76.11500000000001,173.74
2026-04-01 11:55:45,0.3,84.3,0.8067,163.79,0.3,112.32,Danger,0.46890000000000004,0.2925433813983834,0.8067,0.5066999999999999,2.6889910366965446,119.42900501074952,0.8417066155020013,65.48000000000002,163.79
2026-04-01 11:55:50,0.371,231.37,1.0808,167.24,0.3206,280.01,Danger,0.5908,0.42510003528581364,1.0808,0.735,3.1254970344215316,227.30016029355042,0.7008068210786287,88.44999999999999,167.24
2026-04-01 11:55:55,0.1058,97.77,0.1416,98.8,0.1392,113.55,Safe,0.12886666666666666,0.02001232953289879,0.1416,0.019100000000000006,1.1559089313556625,103.3600143003903,0.9921018471011506,6.860000000000014,98.8
2026-04-01 11:56:00,0.4909,272.25,1.2406,169.24,0.3174,284.74,Danger,0.6829666666666667,0.4906544235338486,1.2406,0.8364499999999999,3.0696447614876616,248.84327123037215,0.636082028376516,109.255,169.24
2026-04-01 11:56:05,0.4179,280.59,1.1285,151.94,0.3323,269.77,Danger,0.6262333333333333,0.4370763015004741,1.1285,0.7534000000000001,3.0085230377951544,245.08188487866784,0.5559397801574605,123.23999999999995,151.94
2026-04-01 11:56:10,0.3,83.26,0.6734,177.98,0.3,75.65,Danger,0.4244666666666667,0.21558259051540626,0.6734,0.3734,2.2446591844693855,107.61670037911952,0.6984688189072524,98.52499999999998,177.98
2026-04-01 11:56:15,0.1144,123.05,0.0386,78.82,0.0535,83.76,Safe,0.06883333333333333,0.04015897575055088,0.1144,-0.045349999999999994,0.45979202153637244,94.932368702666,0.9412499537538297,24.585000000000008,78.82
2026-04-01 11:56:20,0.162,108.67,0.2002,110.21,0.166,89.11,Safe,0.17606666666666668,0.0209955550851444,0.2002,0.03619999999999998,1.2207242638764397,102.69485690472001,0.9860001976339883,11.319999999999993,110.21
2026-04-01 11:56:25,0.3707,262.41,1.2815,184.35,0.4475,250.2,Danger,0.6999000000000001,0.5051420394304953,1.2815,0.8724000000000001,3.1324782877577912,233.8310425295631,0.8291083781713122,71.95500000000001,175.65
2026-04-01 11:56:30,0.3212,58.59,1.2735,192.17,0.3506,73.57,Danger,0.6484333333333333,0.5415231697105244,1.2735,0.9376000000000001,3.791295649611047,96.18273119574526,0.537061456514162,126.08999999999997,167.83
2026-04-01 11:56:35,0.3,63.94,0.7535,180.05,0.3,100.59,Danger,0.45116666666666666,0.26182834707749525,0.7535,0.45349999999999996,2.511658294472352,111.59875344648266,0.6741452018211042,97.78500000000003,179.95
2026-04-01 11:56:40,0.3,246.76,0.8238,157.83,0.3,259.78,Danger,0.47459999999999997,0.30241607100152595,0.8238,0.5238,2.745990846697178,225.52217256103472,0.7127267519501062,95.43999999999997,157.83
2026-04-01 11:56:45,0.383,86.53,0.8927,178.24,0.3,49.5,Danger,0.5252333333333333,0.320929997559177,0.8927,0.5512,2.6140479822899496,99.1923009407259,0.6041876537241803,110.22500000000002,178.24
2026-04-01 11:56:50,0.3,65.7,0.627,187.6,0.3,75.42,Danger,0.40900000000000003,0.18879353802500765,0.627,0.327,2.089993033356556,100.63288699630506,0.5924879157556331,117.03999999999996,172.4
2026-04-01 11:56:55,0.8774,344.62,0.6675,309.93,0.8789,318.76,Danger,0.8079333333333333,0.12162114673580962,0.8789,-0.21065,0.7601198427149772,324.35014526085797,0.9672703901193359,21.75999999999999,50.06999999999999
2026-04-01 11:57:00,0.2303,90.8,0.2149,106.61,0.2063,71.88,Safe,0.2171666666666667,0.01215949560357391,0.2303,-0.0033999999999999864,0.9844205935840881,89.77956286314281,0.9695346585946718,25.269999999999982,106.61
2026-04-01 11:57:05,0.4955,297.82,1.5298,187.78,0.4602,278.22,Danger,0.8285,0.6076000246872938,1.5298,1.0519500000000002,3.2014163410770307,259.26081186834347,0.6817790437814211,100.23999999999998,172.22
2026-04-01 11:57:10,0.0176,86.18,0.01,105.9,0.0983,116.98,Safe,0.04196666666666667,0.048933866936236844,0.0983,-0.04795,0.17255957619368087,103.05502178144165,0.9754397894733841,4.319999999999993,105.9
2026-04-01 11:57:15,0.1587,280.67,0.2304,225.97,0.1736,224.03,Safe,0.18756666666666666,0.03783547717861284,0.2304,0.06424999999999997,1.3866904201599748,242.85464870482093,0.8977975795505796,26.379999999999995,134.03
2026-04-01 11:57:20,0.5688,115.76,0.7097,166.99,0.5584,111.31,Danger,0.6123,0.08451100520050629,0.7097,0.1461,1.2592241674517965,130.74364670789703,0.9051697771986978,53.45500000000001,166.99
2026-04-01 11:57:25,0.3,99.12,0.9775,176.71,0.3,91.36,Danger,0.5258333333333334,0.3911548073759715,0.9775,0.6775,3.2583224722584263,120.00452869633372,0.786951485033135,81.47000000000003,176.71
2026-04-01 11:57:30,0.3,263.58,0.752,200.87,0.3,268.24,Danger,0.4506666666666667,0.26096232167371086,0.752,0.452,2.5066583111389633,245.3751656204945,0.8615190026978088,65.03999999999996,159.13
2026-04-01 11:57:35,0.4653,276.25,1.4632,174.81,0.3937,277.9,Danger,0.7740666666666667,0.5978797565843263,1.4632,1.0337,3.406744105368789,248.40892422635545,0.6790127481285261,102.26499999999999,174.81
2026-04-01 11:57:40,0.6848,201.1,0.7362,229.88,0.8195,207.53,Danger,0.7468333333333333,0.06797663814380155,0.8195,-0.01595000000000002,0.9787928221859705,212.78182267932715,0.9769638269794576,25.56499999999997,130.12
2026-04-01 11:57:45,0.4502,111.5,1.3991,180.17,0.4277,87.98,Danger,0.759,0.5544570046450851,1.3991,0.9601500000000001,3.187371711193277,124.64064031788976,0.7806616051150645,80.42999999999995,179.83
2026-04-01 11:57:50,0.3118,77.52,0.2099,79.51,0.252,99.79,Safe,0.2579,0.051205566103696205,0.3118,-0.07200000000000004,0.7445876389228843,85.57075035052091,0.9846392636785456,9.144999999999982,79.51
2026-04-01 11:57:55,0.3306,89.18,0.2312,100.02,0.2901,73.14,Safe,0.28396666666666665,0.04998303045367832,0.3306,-0.07915000000000003,0.7449629612922143,87.46271980531591,0.9815159057778913,18.859999999999985,100.02
2026-04-01 11:58:00,0.1392,286.23,0.1315,302.87,0.1039,277.21,Safe,0.12486666666666667,0.018561339750495735,0.1392,0.009950000000000014,1.081850416697518,288.7487063593416,0.9828683782340749,21.149999999999977,57.129999999999995
2026-04-01 11:58:05,0.3,295.38,0.4222,180.79,0.3,262.33,Danger,0.34073333333333333,0.07055220289497229,0.4222,0.12220000000000003,1.4073286422378595,249.73060801448315,0.6781005790686304,98.06499999999997,179.21
2026-04-01 11:58:10,0.1667,83.89,0.1657,91.27,0.229,82.56,Safe,0.18713333333333335,0.03626104429457781,0.229,-0.03215000000000001,0.8374989259594341,85.90482583730136,0.9977657401627051,8.045000000000016,91.27
2026-04-01 11:58:15,0.2288,281.93,0.2759,221.0,0.1875,308.67,Safe,0.23073333333333332,0.04423170054760875,0.2759,0.06774999999999998,1.325480060148642,271.82226748014216,0.8054798788423145,74.30000000000001,139.0
2026-04-01 11:58:20,1.1943,334.41,1.2557,328.58,1.2511,300.67,Danger,1.2337,0.03419883038935697,1.2557,0.03299999999999992,1.0269886096437313,321.3238510629808,0.9672501884675072,11.039999999999964,31.420000000000016
2026-04-01 11:58:25,0.2464,263.1,0.2103,258.01,0.1687,284.54,Safe,0.20846666666666666,0.03888242962230285,0.2464,0.0027499999999999747,1.0132449373888825,268.502653417925,0.9799725656557648,15.810000000000002,101.99000000000001
2026-04-01 11:58:30,0.1005,281.77,0.0812,285.18,0.0893,281.68,Safe,0.09033333333333333,0.009691405126880902,0.1005,-0.013700000000000018,0.8556284970653627,282.8765117557642,0.9995958101515569,3.454999999999984,74.82
2026-04-01 11:58:35,0.087,82.4,0.1084,80.22,0.1249,84.43,Safe,0.10676666666666666,0.01900271910367917,0.1249,0.0024500000000000077,1.0231144585704712,82.35001125027297,0.9995499377947418,3.194999999999993,80.22
2026-04-01 11:58:40,0.3,268.38,0.6688,194.04,0.3,295.58,Danger,0.42293333333333333,0.21292677927713397,0.6688,0.36879999999999996,2.2293259022469925,255.19728500119646,0.7392627957746124,87.93999999999997,165.96
2026-04-01 11:58:45,0.1907,68.47,0.2297,90.92,0.2238,115.13,Safe,0.21473333333333333,0.021021496933694636,0.2297,0.022449999999999998,1.1083179333272215,91.48975846034317,0.9454673105788644,0.8799999999999955,90.92
2026-04-01 11:58:50,0.2114,264.75,0.2174,259.48,0.1849,230.71,Safe,0.20456666666666667,0.017294025943467684,0.2174,0.019250000000000017,1.0971430878471469,251.75862762939704,0.9662043391682098,11.75,100.51999999999998
2026-04-01 11:58:55,0.3,265.61,0.8618,170.22,0.3,272.32,Danger,0.4872666666666667,0.32435538123073177,0.8618,0.5618000000000001,2.87265709114303,240.7808348742522,0.6975508193479903,98.74500000000003,170.22
2026-04-01 11:59:00,1.0622,241.27,1.1949,191.49,1.04,187.1,Danger,1.0990333333333335,0.08376170564961853,1.1949,0.14380000000000015,1.136807975636975,206.06218880201877,0.9102103123696406,22.694999999999965,168.51
2026-04-01 11:59:05,0.0533,95.58,0.0501,90.74,0.1462,92.44,Safe,0.0832,0.0545830559789391,0.1462,-0.04965000000000001,0.5022506040039698,92.91985862184873,0.9993878939116865,3.2700000000000102,90.74
2026-04-01 11:59:10,0.488,347.06,0.4449,327.71,0.6266,17.93,Danger,0.5198333333333334,0.09494073590052553,0.6266,-0.1124,0.798311863786356,350.77154160308396,0.9359115960910751,34.785000000000025,32.29000000000002
2026-04-01 11:59:15,0.2341,270.32,0.2348,256.3,0.2384,305.86,Safe,0.23576666666666668,0.0023072349974229594,0.2384,-0.0014500000000000068,0.9938582270551235,277.2629801893445,0.9348288649628441,31.789999999999964,103.69999999999999
2026-04-01 11:59:20,0.4105,144.64,0.7366,80.65,0.6067,75.58,Danger,0.5846,0.1641694551370626,0.7366,0.2280000000000001,1.4482865743480648,99.05966137446515,0.8553109367260486,29.45999999999998,80.65
2026-04-01 11:59:25,0.111,83.85,0.1735,78.05,0.1488,86.61,Safe,0.14443333333333333,0.03147798172267931,0.1735,0.0436,1.3356325201499604,82.83759722990536,0.9980627058663402,7.180000000000007,78.05
2026-04-01 11:59:30,1.3111,220.1,1.3006,206.73,1.3698,224.89,Danger,1.3271666666666666,0.0372929394568641,1.3698,-0.03984999999999994,0.9702704537502678,217.2517536280151,0.9910257769155155,15.764999999999986,153.27
2026-04-01 11:59:35,0.7196,110.19,0.6486,44.09,0.5266,147.62,Danger,0.6315999999999999,0.09761659694949423,0.7196,0.025499999999999967,1.040922739652159,102.2569596261531,0.7401626868698774,84.815,44.09
2026-04-01 11:59:40,0.3,264.95,0.8504,165.85,0.3,258.39,Danger,0.4834666666666667,0.31777358816197004,0.8504,0.5504,2.8346572178092746,233.9752124217014,0.7135167760413255,95.82000000000002,165.85
2026-04-01 11:59:45,0.3,99.14,1.2087,196.23,0.398,69.37,Danger,0.6355666666666667,0.49876082778555636,1.2087,0.8597000000000001,3.463313858699546,115.0057398687457,0.6045632905491847,111.97500000000002,163.77
2026-04-01 11:59:50,0.3559,86.14,1.3551,167.23,0.3495,65.56,Danger,0.6868333333333333,0.5787447566357153,1.3551,1.0024,3.8420645249092007,103.06768478537022,0.7285892856690221,91.38,167.23
2026-04-01 11:59:55,0.1193,272.87,0.1051,257.35,0.1114,232.44,Safe,0.11193333333333333,0.007115007613020056,0.1193,-0.010250000000000009,0.9111321098213279,254.28665537748367,0.9582050899644511,4.695000000000022,102.64999999999998
2026-04-01 12:00:00,0.4694,74.89,1.4503,165.6,0.3784,95.24,Danger,0.7660333333333332,0.5943365236407177,1.4503,1.0264,3.42131771333401,109.88284301440537,0.7833409172159319,80.53499999999997,165.6
2026-04-01 12:00:05,0.4614,105.05,1.3109,181.48,0.3907,68.04,Danger,0.721,0.5120899627995065,1.3109,0.8848499999999999,3.076861690267128,115.36748892501588,0.6888597853220579,94.93499999999995,178.52
2026-04-01 12:00:10,0.1784,93.88,0.2267,71.12,0.1969,80.28,Safe,0.20066666666666666,0.024369311301990743,0.2267,0.03905000000000003,1.208093748501207,81.75021263434101,0.9867277128680743,15.95999999999998,71.12
2026-04-01 12:00:15,0.2444,122.26,0.2074,68.89,0.1965,82.93,Safe,0.2161,0.025107170290576356,0.2444,-0.013050000000000006,0.9407986355244475,91.04452485721679,0.923794134133822,33.704999999999984,68.89
2026-04-01 12:00:20,0.3,95.75,0.5829,188.86,0.3,116.22,Danger,0.39430000000000004,0.16333239115374512,0.5829,0.2829,1.9429935233549223,131.35871580041078,0.7718630957084871,82.875,171.14
2026-04-01 12:00:25,0.2111,85.79,0.2475,85.23,0.2534,74.42,Safe,0.2373333333333333,0.02290945947274473,0.2534,0.015249999999999986,1.0656574137463348,81.81844927857209,0.9958336877335563,5.125,85.23
2026-04-01 12:00:30,0.3,300.05,0.5552,188.6,0.3,283.46,Danger,0.38506666666666667,0.14733978869719253,0.5552,0.25520000000000004,1.850660497798341,262.6827105981066,0.6679923411034862,103.155,171.4
2026-04-01 12:00:35,0.3,64.06,0.875,185.33,0.3,113.4,Danger,0.4916666666666667,0.33197640478403484,0.875,0.575,2.916656944476852,118.99241571225002,0.6570432115761937,96.60000000000002,174.67
2026-04-01 12:00:40,0.3,260.91,1.0676,185.95,0.3,262.68,Danger,0.5558666666666667,0.4431740666299568,1.0676,0.7676000000000001,3.558654804483986,238.42856978680578,0.8149378089175865,75.84499999999997,174.05
2026-04-01 12:00:45,1.1771,208.77,0.8971,90.59,1.1395,198.46,Danger,1.0712333333333335,0.15197122534655477,1.1771,-0.2612000000000001,0.77449643918118,173.7191368729919,0.6154948128496422,113.025,90.59
2026-04-01 12:00:50,0.0787,118.63,0.0759,85.28,0.0899,79.44,Safe,0.0815,0.007408103670980851,0.0899,-0.008400000000000005,0.9003451916347374,94.27508941757822,0.9551256616560017,13.754999999999995,85.28
2026-04-01 12:00:55,1.1751,4.98,1.2789,10.03,1.1717,359.89,Danger,1.2085666666666666,0.06093417213135277,1.2789,0.10549999999999993,1.0899087353769086,4.966684101117189,0.9973916356914752,7.594999999999999,10.030000000000001
2026-04-01 12:01:00,0.1842,68.87,0.1907,94.53,0.1931,95.1,Safe,0.18933333333333335,0.004604707735929969,0.1931,0.002050000000000024,1.0108613259404935,86.23341462153205,0.9773384655322036,12.545000000000016,94.53
2026-04-01 12:01:05,0.8628,126.05,0.9656,160.08,0.8926,191.9,Danger,0.907,0.05289120909943354,0.9656,0.08790000000000009,1.1001468609469514,159.38749937603717,0.8928830044102342,1.1049999999999898,160.08
2026-04-01 12:01:10,0.2929,291.81,0.2401,260.88,0.2632,273.63,Safe,0.2654,0.026468660714135114,0.2929,-0.03795000000000001,0.8635106509237515,275.4176875210069,0.9756159579297968,21.839999999999975,99.12
2026-04-01 12:01:15,0.3279,125.22,1.2606,198.49,0.3458,80.63,Danger,0.6447666666666666,0.5334024028192349,1.2606,0.92375,3.742307429694435,132.5040992431567,0.6720942168768462,95.565,161.51
2026-04-01 12:01:20,0.3525,66.3,1.109,170.33,0.3,105.87,Danger,0.5871666666666667,0.45268265190233803,1.109,0.7827500000000001,3.399223297399855,112.73907638826564,0.7393026892861945,84.245,170.33
2026-04-01 12:01:25,0.1568,285.85,0.0997,252.83,0.1092,274.62,Safe,0.12190000000000001,0.03059526107095672,0.1568,-0.03330000000000001,0.7496184239216246,271.1492138065005,0.9715833984490798,27.405,107.16999999999999
2026-04-01 12:01:30,0.1635,75.33,0.1206,90.92,0.1689,104.98,Safe,0.151,0.026465260248106387,0.1689,-0.045600000000000016,0.7256274029638811,90.4157857976827,0.9777883086797511,0.7649999999999864,90.92
2026-04-01 12:01:35,1.1195,198.34,1.1403,189.94,1.2511,169.16,Danger,1.1703000000000001,0.07074348026496864,1.2511,-0.04499999999999993,0.9620341162287049,185.8578024318821,0.9772198919325688,6.189999999999998,170.06
2026-04-01 12:01:40,0.3,312.86,0.9263,165.6,0.3,265.5,Danger,0.5087666666666667,0.36159447359346264,0.9263,0.6263000000000001,3.087656374478752,256.09045857538405,0.5086643029895332,123.58000000000001,165.6
2026-04-01 12:01:45,0.1795,303.72,0.2006,307.75,0.1998,247.06,Safe,0.1933,0.011957842614786338,0.2006,0.010950000000000015,1.0577323610210334,287.0000177933329,0.8865248290037673,32.360000000000014,52.25
2026-04-01 12:01:50,0.2235,78.81,0.2083,80.85,0.2173,111.43,Safe,0.21636666666666668,0.007642861593234124,0.2235,-0.012099999999999972,0.9450955304195535,90.24271722203419,0.9663850350397856,14.27000000000001,80.85
2026-04-01 12:01:55,0.3,253.89,0.957,175.0,0.3,275.69,Danger,0.519,0.3793191268575841,0.957,0.657,3.189989366702111,237.8487535416843,0.7357058506525754,89.78999999999996,175.0
2026-04-01 12:02:00,0.1143,263.61,0.0831,242.69,0.1535,280.08,Safe,0.11696666666666666,0.03527567622786746,0.1535,-0.0508,0.6206077624513633,262.1536664127883,0.9646610022164867,29.15500000000003,117.31
2026-04-01 12:02:05,0.3759,98.04,0.6293,179.66,0.3,86.07,Danger,0.43506666666666666,0.17243881040338144,0.6293,0.29135,1.8621042695538705,118.2505987253747,0.7544501599597877,87.60500000000002,179.66
2026-04-01 12:02:10,0.1726,96.25,0.1648,140.71,0.1692,88.34,Safe,0.1688666666666667,0.003910669166949991,0.1726,-0.006099999999999994,0.9643009695671764,108.00637903846403,0.9207225404192045,48.41499999999999,140.71
2026-04-01 12:02:15,0.2934,101.91,0.2678,117.32,0.2634,104.9,Safe,0.27486666666666665,0.01620041151740699,0.2934,-0.010599999999999998,0.9619218321773271,108.03420700941452,0.9932309742809892,13.91500000000002,117.32
2026-04-01 12:02:20,0.0227,247.82,0.087,310.25,0.0547,290.47,Safe,0.054799999999999995,0.03215011664053491,0.087,0.048299999999999996,2.2480039275470918,283.2491960924875,0.8993005962894491,41.10500000000002,49.75
2026-04-01 12:02:25,1.0594,273.23,1.1731,260.89,1.2531,338.93,Danger,1.1618666666666666,0.09733736863781223,1.2531,0.01685000000000003,1.0145720955052149,289.5138791973259,0.8294093930884088,45.19,99.11000000000001
2026-04-01 12:02:30,0.1481,254.09,0.0876,258.59,0.0935,246.42,Safe,0.10973333333333335,0.033357208116587544,0.1481,-0.03320000000000001,0.7251595599374177,253.03531044013704,0.9961589523218359,8.33499999999998,101.41000000000003
2026-04-01 12:02:35,0.4515,294.89,1.3531,169.47,0.4786,281.95,Danger,0.7610666666666667,0.5128949242616203,1.3531,0.88805,2.9095733586208823,258.2157305608597,0.5797851161503207,118.94999999999996,169.47
2026-04-01 12:02:40,0.0992,141.95,0.0955,124.32,0.1287,88.05,Safe,0.1078,0.01819422985454455,0.1287,-0.018449999999999994,0.8380795254100447,118.34647112272123,0.9247782584817761,9.319999999999993,124.32
2026-04-01 12:02:45,0.1097,102.57,0.1533,131.29,0.1202,91.53,Safe,0.12773333333333334,0.02275529242469393,0.1533,0.038349999999999995,1.3336117128167653,108.3438578069783,0.9576826698146014,34.24000000000001,131.29
2026-04-01 12:02:50,0.1956,102.85,0.2287,70.33,0.2299,87.21,Safe,0.21806666666666666,0.019465953183271892,0.2299,0.015949999999999992,1.0749655700795766,86.80232776316883,0.9733211679725468,24.69999999999999,70.33
2026-04-01 12:02:55,0.1519,96.9,0.1895,88.33,0.1408,93.71,Safe,0.16073333333333337,0.025523387967378724,0.1895,0.043149999999999994,1.2948322867626458,92.98067652871742,0.998095941463063,6.975000000000023,88.33
2026-04-01 12:03:00,0.9955,339.02,0.997,335.57,1.1849,55.28,Danger,1.0591333333333335,0.10891971049049541,1.1849,-0.09320000000000006,0.9145102600346174,1.1943386032427967,0.8047545578689368,41.579999999999984,24.430000000000007
2026-04-01 12:03:05,0.3727,283.95,1.1741,180.59,0.4794,248.81,Danger,0.6753999999999999,0.4351694957140263,1.1741,0.7480499999999999,2.755773369854783,239.6474442895819,0.7390268492381004,85.78999999999999,179.41
2026-04-01 12:03:10,0.2969,87.69,0.2785,95.52,0.2712,54.76,Safe,0.2822,0.013243488966280748,0.2969,-0.005549999999999999,0.9804577347025711,79.49855387732465,0.9530609206262118,24.295000000000016,95.52
2026-04-01 12:03:15,0.1604,287.02,0.0945,244.74,0.1457,245.41,Safe,0.13353333333333334,0.034593689212533155,0.1604,-0.05854999999999999,0.6174412450751711,258.7663690531771,0.9413323662793687,21.474999999999966,115.25999999999999
2026-04-01 12:03:20,0.0814,97.77,0.07,68.58,0.0921,128.23,Safe,0.08116666666666666,0.011051847507694506,0.0921,-0.016749999999999987,0.8069071249899138,98.17283354594638,0.9116860298945141,44.420000000000016,68.58
2026-04-01 12:03:25,0.1891,302.09,0.1855,223.92,0.1782,262.78,Safe,0.18426666666666666,0.005553677460326022,0.1891,0.0018500000000000183,1.0100680094309316,262.9168484963269,0.8508060974330718,58.51499999999996,136.08
2026-04-01 12:03:30,0.3851,85.67,1.5048,147.06,0.4742,78.52,Danger,0.7880333333333334,0.6223347518284137,1.5048,1.0751499999999998,3.502377511049666,102.62653039655882,0.8611259255520453,64.965,147.06
2026-04-01 12:03:35,0.108,280.18,0.1962,276.86,0.1802,294.87,Safe,0.16146666666666668,0.0469895023737572,0.1962,0.05210000000000001,1.3615450274460275,283.9549828935212,0.9906940616990224,10.66500000000002,83.13999999999999
2026-04-01 12:03:40,0.9601,107.49,1.0944,158.35,0.9882,164.6,Danger,1.0142333333333333,0.07083377254765795,1.0944,0.12025000000000008,1.1234397952678794,144.09990883672643,0.9028721670170365,22.305000000000007,158.35
2026-04-01 12:03:45,0.1431,266.67,0.1655,274.21,0.186,266.71,Safe,0.16486666666666666,0.021457011286135197,0.186,0.0009500000000000064,1.0057672089504166,269.1950651943728,0.9980868491468435,7.519999999999982,85.79000000000002
2026-04-01 12:03:50,0.1227,265.35,0.2402,291.79,0.1884,300.68,Safe,0.18376666666666666,0.05888686893810311,0.2402,0.08464999999999998,1.544188079793765,286.0325142836539,0.9660024032089142,8.775000000000034,68.20999999999998
2026-04-01 12:03:55,1.2018,282.63,1.3534,270.92,1.147,342.63,Danger,1.2340666666666669,0.10691629124381992,1.3534,0.17900000000000005,1.1524172748490509,297.60349505902343,0.8554419452771082,41.70999999999998,89.07999999999998
2026-04-01 12:04:00,0.4489,291.49,1.4202,165.34,0.3774,267.96,Danger,0.7488333333333334,0.5825186377561951,1.4202,1.00705,3.437484115976967,249.20717574279874,0.5978602660494859,114.38500000000002,165.34
2026-04-01 12:04:05,0.3409,97.91,1.292,177.85,0.3242,91.61,Danger,0.6523666666666667,0.5540016456052576,1.292,0.95945,3.8851183728210112,119.88054681927721,0.7794895214829364,83.09000000000003,177.85
2026-04-01 12:04:10,0.1912,260.93,0.1416,275.78,0.1543,284.04,Safe,0.16236666666666666,0.025765157351224026,0.1912,-0.03115000000000001,0.8196768759659857,273.5982448594374,0.9861236610694049,3.294999999999959,84.22000000000003
2026-04-01 12:04:15,0.3,251.93,0.5523,214.44,0.3,295.7,Danger,0.38410000000000005,0.1456654729165426,0.5523,0.2523,1.840993863353789,253.82298709295316,0.8389852327969759,59.375,145.56
2026-04-01 12:04:20,0.2279,83.63,0.2421,84.79,0.2163,97.41,Safe,0.22876666666666665,0.012921816177818565,0.2421,0.020000000000000018,1.0900446193398499,88.6014628163477,0.9940772495307336,5.730000000000018,84.79
2026-04-01 12:04:25,1.2352,125.96,1.4126,114.06,1.1881,103.88,Danger,1.2786333333333333,0.11838455698837305,1.4126,0.20094999999999996,1.1658472612988393,114.62975474725356,0.9876376133434982,0.8600000000000136,114.06
2026-04-01 12:04:30,0.2229,275.19,0.2437,263.5,0.3052,268.67,Safe,0.2572666666666667,0.04279443110187744,0.3052,-0.020350000000000007,0.9229277677418378,269.1192185931096,0.9965186273271136,8.430000000000007,96.5
2026-04-01 12:04:35,1.1535,143.2,1.1026,144.91,1.0008,282.29,Danger,1.0856333333333332,0.07775103429108413,1.1535,0.025449999999999973,1.023626213966287,172.0325362237609,0.47327575127203064,67.83500000000004,144.91
2026-04-01 12:04:40,0.4683,290.64,1.5455,188.75,0.5215,283.52,Danger,0.8451000000000001,0.6071471650267339,1.5455,1.0506000000000002,3.1228467915805385,258.9567430697547,0.6996982306218957,98.32999999999998,171.25
2026-04-01 12:04:45,0.6692,43.32,0.6956,320.28,0.7954,44.07,Danger,0.7200666666666667,0.06656255203440845,0.7954,-0.036699999999999955,0.9498826302299191,18.532023917390227,0.7787830363300745,83.41500000000002,39.72000000000003
2026-04-01 12:04:50,0.071,282.68,0.0501,243.84,0.1339,230.19,Safe,0.085,0.043618917914134456,0.1339,-0.05234999999999999,0.48901426047573965,251.93349186526876,0.9261096214671213,12.594999999999999,116.16
2026-04-01 12:04:55,0.1435,98.09,0.194,85.46,0.169,87.16,Safe,0.16883333333333336,0.025250412537884088,0.194,0.037750000000000006,1.2415920538108556,90.23078610166802,0.9952355206132494,7.1650000000000205,85.46
2026-04-01 12:05:00,1.1535,328.6,1.3237,30.2,1.2534,289.88,Danger,1.2435333333333334,0.08552790967475674,1.3237,0.12024999999999997,1.0999201463125627,335.0276139318215,0.7567020069755003,80.95999999999998,30.19999999999999
2026-04-01 12:05:05,0.2349,106.71,0.2322,127.97,0.2408,92.08,Safe,0.23596666666666666,0.0043981056528161425,0.2408,-0.005650000000000016,0.9762414284573114,108.88309188869327,0.9672027963538633,28.57499999999999,127.97
2026-04-01 12:05:10,0.0402,306.62,0.1113,319.43,0.1179,248.95,Safe,0.08979999999999999,0.04308143451650606,0.1179,0.03224999999999999,1.4079518285663684,292.67431174284167,0.8620442640056661,41.64500000000004,40.56999999999999
2026-04-01 12:05:15,1.1728,178.39,1.033,159.57,1.055,199.32,Danger,1.0869333333333333,0.07517189191003074,1.1728,-0.0809000000000002,0.9273714629935693,179.07879570792775,0.9602541447462395,29.284999999999997,159.57
2026-04-01 12:05:20,0.1757,221.05,0.1942,267.64,0.1643,246.86,Safe,0.17806666666666668,0.015089842057932,0.1942,0.024200000000000027,1.1423462214928148,245.23145737119995,0.9454460067113585,33.685,92.36000000000001
2026-04-01 12:05:25,0.6096,328.0,0.5306,354.65,0.5435,51.12,Danger,0.5612333333333334,0.04238045933367566,0.6096,-0.045950000000000046,0.9203001989416373,3.5957810612588457,0.8254193517330443,14.910000000000082,5.350000000000023
2026-04-01 12:05:30,0.3,86.64,0.7094,189.13,0.3,88.98,Danger,0.4364666666666667,0.2363672002062328,0.7094,0.40940000000000004,2.364658784470719,116.34525347556381,0.6842142483154637,101.32,170.87
2026-04-01 12:05:35,0.3,267.95,0.6643,185.52,0.3,255.71,Danger,0.4214333333333333,0.21032870306578066,0.6643,0.3643,2.214325952246826,238.24310760390162,0.8093766636169171,76.30999999999997,174.48
2026-04-01 12:05:40,0.1201,69.73,0.0977,86.25,0.1301,71.15,Safe,0.11596666666666666,0.01659076048086203,0.1301,-0.027399999999999994,0.7809689770665302,75.69531445331293,0.9915068294395805,15.810000000000002,86.25
2026-04-01 12:05:45,0.39,80.97,1.1716,196.59,0.3077,91.56,Danger,0.6231,0.4767939911534121,1.1716,0.82275,3.35845389578932,115.96362211361568,0.6309150587582308,110.32499999999999,163.41
2026-04-01 12:05:50,0.3,250.94,0.7574,170.02,0.3,283.77,Danger,0.45246666666666663,0.2640800131273348,0.7574,0.4574,2.524658251139163,238.37569246788001,0.6823732354164177,97.33500000000001,170.02
2026-04-01 12:05:55,0.2157,95.42,0.2544,83.89,0.3308,81.39,Safe,0.26696666666666663,0.05856998662568852,0.3308,-0.018849999999999978,0.9310121463416421,86.89279528359387,0.994321357212777,4.515000000000015,83.89
2026-04-01 12:06:00,0.4573,99.8,0.5735,95.83,0.5367,31.49,Danger,0.5225,0.05938720400894456,0.5735,0.07650000000000001,1.1539212194744075,76.93095709054165,0.8563767257542507,30.185000000000002,95.83
2026-04-01 12:06:05,0.151,285.73,0.1839,305.17,0.1936,306.55,Safe,0.17616666666666667,0.022328083960190884,0.1936,0.0116,1.0673182395923413,299.18066813747004,0.9862839524576301,9.03000000000003,54.829999999999984
2026-04-01 12:06:10,0.4016,83.49,1.2728,196.09,0.4192,95.54,Danger,0.6978666666666666,0.49798463162364087,1.2728,0.8623999999999999,3.10135696550447,118.87597000403585,0.6515924016845839,106.57499999999999,163.91
2026-04-01 12:06:15,0.4283,251.19,1.3133,155.91,0.4906,281.31,Danger,0.7440666666666668,0.49395370565806396,1.3133,0.8538499999999999,2.858411451928497,235.6221813347501,0.6134913069950171,110.34,155.91
2026-04-01 12:06:20,0.3689,236.86,1.0852,185.99,0.3234,228.01,Danger,0.5924999999999999,0.42729677040670455,1.0852,0.73905,3.13504799928355,217.3198669420403,0.9264133667380363,46.44499999999999,174.01
2026-04-01 12:06:25,0.1832,68.4,0.1801,68.27,0.1388,90.0,Safe,0.16736666666666666,0.024787967511140024,0.1832,0.019100000000000006,1.1186265923814138,75.51796655802374,0.9841762214723526,10.930000000000007,68.27
2026-04-01 12:06:30,1.1725,8.97,1.1597,353.43,1.017,0.31,Danger,1.1164,0.0863205074127812,1.1725,0.06495000000000006,1.059327646195345,0.9015089327955437,0.9938524497919871,11.210000000000036,6.569999999999993
2026-04-01 12:06:35,0.3,285.97,0.6332,210.37,0.3,264.76,Danger,0.4110666666666667,0.1923731096939833,0.6332,0.3332,2.110659631134563,254.58698880607653,0.8515626724415635,64.995,149.63
2026-04-01 12:06:40,0.0832,289.19,0.091,274.33,0.0746,275.91,Safe,0.08293333333333333,0.00820325138791524,0.091,0.0121,1.1533440640803032,279.79977038139936,0.9932476778489095,8.220000000000027,85.67000000000002
2026-04-01 12:06:45,0.3,275.45,0.5695,191.76,0.3,287.21,Danger,0.3898333333333333,0.15559589754660413,0.5695,0.2695,1.8983270055766484,254.73097069360733,0.7444521676493961,89.57,168.24
2026-04-01 12:06:50,0.1507,105.02,0.1873,85.09,0.1421,107.23,Safe,0.16003333333333333,0.024001944365682818,0.1873,0.04089999999999999,1.2793628458822002,99.14785705176182,0.9849570467886332,21.034999999999997,85.09
2026-04-01 12:06:55,0.9915,212.43,1.1183,292.1,1.0127,264.19,Danger,1.0408333333333333,0.06792034550363638,1.1183,0.11620000000000008,1.1159553777513447,256.9633239228924,0.8408934633634938,53.79000000000002,67.89999999999998
2026-04-01 12:07:00,0.1049,143.99,0.1835,107.57,0.0848,105.24,Safe,0.1244,0.05215946702181685,0.1835,0.08865,1.9346132354956722,118.72802469386262,0.9526272833401718,17.044999999999987,107.57
2026-04-01 12:07:05,0.3,251.73,0.9431,199.41,0.3,238.62,Danger,0.5143666666666667,0.37129395811584837,0.9431,0.6431,3.143656187812708,230.2314213172278,0.9261654969853339,45.765000000000015,160.59
2026-04-01 12:07:10,0.1167,287.38,0.1347,234.12,0.0411,291.66,Safe,0.09749999999999999,0.0496660850077797,0.1347,0.05579999999999999,1.7072026970507344,271.7374114483268,0.8984068208316494,55.39999999999998,125.88
2026-04-01 12:07:15,0.3,92.64,0.8163,189.58,0.3,94.35,Danger,0.4721,0.2980859439826038,0.8163,0.5163,2.7209909300302337,121.19766523741615,0.7129860167997006,96.08500000000004,170.42
2026-04-01 12:07:20,0.35,91.55,1.254,197.96,0.328,103.91,Danger,0.644,0.5283900074755389,1.254,0.915,3.699104132436188,126.25274554335685,0.6869717903807205,100.23000000000002,162.04
2026-04-01 12:07:25,1.2267,64.66,0.8603,113.99,1.3055,73.49,Danger,1.1308333333333334,0.23757856244479078,1.3055,-0.40580000000000005,0.6794876554082179,83.71830389504986,0.9309798260900052,44.91499999999999,113.99
2026-04-01 12:07:30,0.1885,84.01,0.2381,97.68,0.1854,118.55,Safe,0.204,0.029572115243925313,0.2381,0.05115,1.2735957550374162,100.04298260360493,0.9695124422421943,3.5999999999999943,97.68
2026-04-01 12:07:35,0.1359,92.62,0.157,78.61,0.1637,74.68,Safe,0.1522,0.014508273501695515,0.1637,0.007200000000000012,1.0480570890715015,81.95666571560366,0.9909907067751639,5.0400000000000205,78.61
2026-04-01 12:07:40,0.3943,279.87,1.3221,197.32,0.4313,265.06,Danger,0.7159000000000001,0.5253104605849763,1.3221,0.9093,3.2027538692977977,249.1215682198664,0.8131215411172229,75.14499999999998,162.68
2026-04-01 12:07:45,0.0879,89.83,0.0587,86.13,0.049,100.81,Safe,0.0652,0.020248209797411723,0.0879,-0.009750000000000009,0.8575477348760426,92.25018174259036,0.9940898259095612,9.189999999999998,86.13
2026-04-01 12:07:50,0.3,103.06,0.6166,230.58,0.3,83.81,Danger,0.40553333333333336,0.18278909522543554,0.6166,0.31660000000000005,2.0553264822450594,122.20395813423855,0.4710681008993926,137.14499999999998,129.42
2026-04-01 12:07:55,0.1543,259.55,0.11,297.28,0.0793,320.78,Safe,0.11453333333333332,0.0377049510453645,0.1543,-0.006799999999999987,0.9417727587948734,292.77851044120484,0.905447474282285,7.114999999999952,62.72000000000003
2026-04-01 12:08:00,0.1452,92.88,0.2065,113.73,0.1843,118.73,Safe,0.17866666666666667,0.031035839497802104,0.2065,0.04174999999999998,1.253406656105274,108.49022761892604,0.9810027463023325,7.925000000000011,113.73
2026-04-01 12:08:05,0.1391,251.45,0.096,263.36,0.1755,261.04,Safe,0.13686666666666666,0.03979702668960751,0.1755,-0.06129999999999999,0.6102949123018926,258.62086172252293,0.9959560939754507,7.115000000000009,96.63999999999999
2026-04-01 12:08:10,0.9472,75.78,1.121,355.98,0.8477,348.87,Danger,0.9719666666666668,0.1383230397776644,1.121,0.22354999999999992,1.2490932652590503,17.61416344528786,0.7779316772627572,36.34499999999997,4.019999999999982
2026-04-01 12:08:15,0.1697,85.83,0.2652,71.79,0.1895,103.9,Safe,0.2081333333333333,0.05040300916942691,0.2652,0.08560000000000001,1.4766064776922179,87.15543176301135,0.9738621884647006,23.07499999999999,71.79
2026-04-01 12:08:20,0.1211,74.02,0.0555,83.5,0.1116,107.19,Safe,0.09606666666666668,0.03545142216235243,0.1211,-0.06085000000000001,0.47700492475354744,88.17039810761825,0.9705813594178732,7.105000000000018,83.5
2026-04-01 12:08:25,0.3787,51.08,0.998,152.4,0.3,123.26,Danger,0.5589000000000001,0.3823022756929391,0.998,0.65865,2.940907791637567,111.2142601067959,0.742843141029372,65.22999999999999,152.4
2026-04-01 12:08:30,0.3,90.51,1.0453,169.92,0.3,61.62,Danger,0.5484333333333333,0.43029915562702803,1.0453,0.7452999999999999,3.4843217189276037,104.15293602980408,0.7063735555035432,93.85500000000002,169.92
2026-04-01 12:08:35,0.3,291.63,0.7708,161.32,0.3,279.39,Danger,0.45693333333333336,0.2718165067344758,0.7708,0.47080000000000005,2.569324768917437,255.40485098636708,0.5497060440810942,124.19,161.32
2026-04-01 12:08:40,0.4649,248.11,1.7232,165.35,0.4018,262.17,Danger,0.8633000000000001,0.7453632738470551,1.7232,1.28985,3.976453267674472,228.44421293784285,0.7419669223736856,89.79000000000002,165.35
2026-04-01 12:08:45,0.1491,293.21,0.1654,289.14,0.1088,258.34,Safe,0.1411,0.029135716912408387,0.1654,0.03644999999999998,1.2826577537204054,280.362181439154,0.9634301355540265,13.365000000000009,70.86000000000001
2026-04-01 12:08:50,0.4641,257.71,1.6598,193.89,0.4446,244.06,Danger,0.8561666666666666,0.6960351739196327,1.6598,1.20545,3.6531228059363796,232.54975926760613,0.8886268980828159,56.995000000000005,166.11
2026-04-01 12:08:55,0.1091,79.96,0.0866,106.68,0.1658,80.11,Safe,0.1205,0.04081213054962949,0.1658,-0.05085000000000002,0.6300427061280018,88.84422730978282,0.9761147047135894,26.644999999999982,106.68
2026-04-01 12:09:00,0.3,253.84,0.8611,173.73,0.3,244.36,Danger,0.4870333333333334,0.32395123604229903,0.8611,0.5610999999999999,2.8703237655874485,225.7911686318028,0.8151029292502938,75.37,173.73
2026-04-01 12:09:05,0.3415,85.93,1.2696,187.16,0.4788,64.13,Danger,0.6966333333333333,0.5009300583248458,1.2696,0.85945,3.0954453359860152,105.29882856122151,0.6125828357902752,112.13,172.84
2026-04-01 12:09:10,0.2274,84.75,0.2308,86.32,0.2332,116.38,Safe,0.23046666666666668,0.0029143323992525867,0.2332,0.0005000000000000004,1.002166729627748,95.70423062010448,0.9679966008925702,14.245000000000005,86.32
2026-04-01 12:09:15,0.1694,72.74,0.2669,109.35,0.2196,78.78,Safe,0.21863333333333335,0.048757187504339654,0.2669,0.07240000000000002,1.3722294486917805,86.8205219313327,0.9612688978566091,33.59,109.35
2026-04-01 12:09:20,0.2857,242.68,0.2583,260.93,0.3043,290.44,Safe,0.28276666666666667,0.02313986459194034,0.3043,-0.036700000000000066,0.8755902522364329,264.5703573591937,0.9418901173846688,5.6299999999999955,99.07
2026-04-01 12:09:25,0.3036,278.99,0.2507,254.92,0.2153,290.96,Safe,0.25653333333333334,0.04443808426713884,0.3036,-0.00874999999999998,0.9662710877969252,275.0240530730023,0.966081504281212,30.05499999999998,105.08000000000001
2026-04-01 12:09:30,0.3,84.72,1.3416,181.07,0.3993,96.04,Danger,0.6802999999999999,0.5748507545441686,1.3416,0.9919499999999999,3.836968863237914,117.1953039602741,0.7388547686845556,90.69,178.93
2026-04-01 12:09:35,0.3,122.74,0.4598,210.96,0.3,82.0,Danger,0.3532666666666667,0.0922605730165022,0.4598,0.1598,1.5326615577948075,133.71511931473117,0.6073554838583636,108.59000000000003,149.04
2026-04-01 12:09:40,0.0295,287.24,0.1065,302.79,0.1319,231.54,Safe,0.0893,0.053322790624647544,0.1319,0.025800000000000003,1.3196862492410255,274.7872573226636,0.8626010267503212,43.400000000000034,57.20999999999998
2026-04-01 12:09:45,0.2923,75.87,0.2874,63.32,0.2449,99.07,Safe,0.27486666666666665,0.02606728473265547,0.2923,0.018799999999999983,1.0699885704074072,79.36151828342058,0.9668753886645449,24.150000000000006,63.31999999999999
2026-04-01 12:09:50,0.1561,88.69,0.1449,91.03,0.2047,99.37,Safe,0.16856666666666667,0.0317895160915251,0.2047,-0.035500000000000004,0.8032106252182637,93.02719936906436,0.996802493441598,3.0,91.03
2026-04-01 12:09:55,0.269,254.55,0.2181,299.45,0.249,272.85,Safe,0.24536666666666665,0.025643777672826096,0.269,-0.04090000000000002,0.8420816908042826,275.5433014912296,0.9489080920494064,35.75,60.55000000000001
