timestamp,b1_kecepatan_arus,b1_arah_arus,b2_kecepatan_arus,b2_arah_arus,b3_kecepatan_arus,b3_arah_arus,label
2026-04-01 08:00:00,0.3,259.51,0.7784,216.79,0.3,290.77,Danger
2026-04-01 08:00:05,0.1737,243.5,0.1823,250.94,0.2407,289.9,Safe
2026-04-01 08:00:10,1.0096,303.26,1.0834,279.3,1.1207,291.0,Danger
2026-04-01 08:00:15,0.044,243.14,0.0723,266.8,0.1008,283.43,Safe
2026-04-01 08:00:20,0.3,269.15,1.0377,199.14,0.3398,253.69,Danger
2026-04-01 08:00:25,0.2033,265.35,0.2264,309.46,0.1822,284.43,Safe
2026-04-01 08:00:30,0.2218,67.31,0.2095,101.26,0.2191,87.85,Safe
2026-04-01 08:00:35,0.4218,72.82,1.5006,179.0,0.4638,64.95,Danger
2026-04-01 08:00:40,0.1655,260.26,0.1735,271.98,0.2266,257.13,Safe
2026-04-01 08:00:45,0.4199,44.45,1.3318,184.99,0.3733,92.03,Danger
2026-04-01 08:00:50,1.2074,105.92,1.1973,153.59,1.2587,153.03,Danger
2026-04-01 08:00:55,0.0812,278.12,0.0686,252.06,0.1352,300.52,Safe
2026-04-01 08:01:00,0.099,256.74,0.1475,279.5,0.1049,217.13,Safe
2026-04-01 08:01:05,0.3,265.56,0.6695,164.6,0.3,273.41,Danger
2026-04-01 08:01:10,0.4415,259.17,1.1587,174.49,0.3553,251.25,Danger
2026-04-01 08:01:15,0.2398,69.35,0.2315,108.79,0.2735,59.24,Safe
2026-04-01 08:01:20,0.1794,265.45,0.2637,270.26,0.175,254.63,Safe
2026-04-01 08:01:25,0.1563,70.42,0.1886,111.33,0.2305,79.57,Safe
2026-04-01 08:01:30,0.3,298.59,1.0189,163.99,0.3,257.51,Danger
2026-04-01 08:01:35,0.3555,268.14,1.056,172.12,0.3313,277.45,Danger
2026-04-01 08:01:40,0.175,95.23,0.1152,83.48,0.1161,155.08,Safe
2026-04-01 08:01:45,0.2105,99.21,0.2312,88.69,0.2724,129.63,Safe
2026-04-01 08:01:50,0.161,103.19,0.1857,87.79,0.1802,80.7,Safe
2026-04-01 08:01:55,0.7843,145.97,1.0193,137.96,0.6874,74.85,Danger
2026-04-01 08:02:00,0.0427,283.07,0.0938,290.14,0.1014,296.13,Safe
2026-04-01 08:02:05,0.8939,184.88,0.7011,149.14,0.7063,190.66,Danger
2026-04-01 08:02:10,1.0242,22.03,0.7841,332.75,1.0504,19.32,Danger
2026-04-01 08:02:15,0.2461,232.39,0.2557,302.87,0.2685,276.46,Safe
2026-04-01 08:02:20,0.01,37.22,0.0194,103.18,0.0468,84.49,Safe
2026-04-01 08:02:25,0.1007,267.45,0.0621,254.43,0.0693,307.05,Safe
2026-04-01 08:02:30,0.1775,285.77,0.1459,285.75,0.1837,288.62,Safe
2026-04-01 08:02:35,1.2885,84.89,1.247,75.37,1.1581,141.28,Danger
2026-04-01 08:02:40,0.1416,70.43,0.1199,117.99,0.1227,97.33,Safe
2026-04-01 08:02:45,0.4604,227.18,0.5457,179.6,0.5363,104.72,Danger
2026-04-01 08:02:50,0.2727,269.4,0.1932,241.12,0.1327,224.08,Safe
2026-04-01 08:02:55,0.1732,102.34,0.1509,111.1,0.1855,89.28,Safe
2026-04-01 08:03:00,0.7539,342.58,0.9053,29.32,1.0113,49.77,Danger
2026-04-01 08:03:05,0.1555,279.24,0.0902,242.47,0.1057,260.72,Safe
2026-04-01 08:03:10,0.2409,281.84,0.2284,264.78,0.248,244.24,Safe
2026-04-01 08:03:15,0.1627,103.47,0.1214,101.59,0.1164,95.71,Safe
2026-04-01 08:03:20,0.3081,275.99,0.2252,277.33,0.2657,264.86,Safe
2026-04-01 08:03:25,0.1412,48.75,0.0888,97.33,0.1445,71.2,Safe
2026-04-01 08:03:30,0.2663,245.65,0.2858,246.69,0.2385,270.36,Safe
2026-04-01 08:03:35,0.142,281.49,0.2363,280.99,0.1562,306.03,Safe
2026-04-01 08:03:40,1.2252,298.25,1.1576,342.36,1.2183,311.13,Danger
2026-04-01 08:03:45,0.3,119.41,0.8418,163.33,0.3,90.94,Danger
2026-04-01 08:03:50,0.9599,297.85,1.1336,254.05,0.7376,300.52,Danger
2026-04-01 08:03:55,0.1571,85.31,0.1561,128.9,0.1484,86.93,Safe
2026-04-01 08:04:00,0.3,110.55,0.5727,172.47,0.3,74.86,Danger
2026-04-01 08:04:05,0.3,259.77,0.813,162.23,0.3,302.1,Danger
2026-04-01 08:04:10,0.1397,235.52,0.0947,286.77,0.1736,250.77,Safe
2026-04-01 08:04:15,0.6053,332.58,0.5618,18.37,0.5912,309.09,Danger
2026-04-01 08:04:20,0.0871,288.19,0.0806,277.99,0.0667,256.97,Safe
2026-04-01 08:04:25,0.3958,88.0,1.571,167.76,0.4125,93.04,Danger
2026-04-01 08:04:30,0.1138,268.21,0.1251,291.9,0.1249,266.78,Safe
2026-04-01 08:04:35,0.3,107.5,0.5716,182.57,0.3,70.69,Danger
2026-04-01 08:04:40,0.2269,267.45,0.1806,279.09,0.2464,268.68,Safe
2026-04-01 08:04:45,0.2128,87.66,0.2295,85.65,0.2275,110.62,Safe
2026-04-01 08:04:50,0.4162,87.99,1.3182,163.99,0.5271,106.99,Danger
2026-04-01 08:04:55,0.1914,248.31,0.1596,264.04,0.1338,236.95,Safe
2026-04-01 08:05:00,0.0447,140.79,0.0794,97.97,0.0625,88.4,Safe
2026-04-01 08:05:05,0.2235,98.91,0.2444,74.4,0.2669,107.62,Safe
2026-04-01 08:05:10,0.1165,245.65,0.0958,278.41,0.1252,275.99,Safe
2026-04-01 08:05:15,0.2895,98.95,0.2654,89.63,0.2511,97.94,Safe
2026-04-01 08:05:20,0.01,281.98,0.1033,274.48,0.0122,270.25,Safe
2026-04-01 08:05:25,0.1813,286.22,0.2304,263.52,0.1775,274.24,Safe
2026-04-01 08:05:30,0.0208,87.7,0.0525,59.67,0.0677,75.22,Safe
2026-04-01 08:05:35,0.2063,92.93,0.1991,58.46,0.2106,73.0,Safe
2026-04-01 08:05:40,0.3,272.84,0.8537,170.37,0.3,229.47,Danger
2026-04-01 08:05:45,0.0686,82.7,0.0127,90.3,0.0518,110.96,Safe
2026-04-01 08:05:50,1.117,251.51,1.3165,267.58,1.2431,218.24,Danger
2026-04-01 08:05:55,0.3,241.43,0.674,178.43,0.3,248.7,Danger
2026-04-01 08:06:00,0.3819,283.23,1.251,176.95,0.3167,293.49,Danger
2026-04-01 08:06:05,0.3,87.46,0.6878,179.72,0.3,67.52,Danger
2026-04-01 08:06:10,0.2083,289.65,0.1916,268.02,0.1851,315.96,Safe
2026-04-01 08:06:15,0.1715,96.55,0.1932,94.8,0.1863,115.06,Safe
2026-04-01 08:06:20,0.3163,261.91,1.0583,172.2,0.3024,273.77,Danger
2026-04-01 08:06:25,1.2197,281.84,1.3392,269.08,1.2215,240.47,Danger
2026-04-01 08:06:30,0.5383,262.19,1.5244,174.9,0.48,273.64,Danger
2026-04-01 08:06:35,0.3,39.45,0.6819,172.3,0.3,82.01,Danger
2026-04-01 08:06:40,0.3,112.48,1.0828,172.16,0.3253,88.34,Danger
2026-04-01 08:06:45,0.3,79.66,0.7207,199.09,0.3,88.74,Danger
2026-04-01 08:06:50,0.1542,235.14,0.28,212.1,0.2621,269.59,Safe
2026-04-01 08:06:55,0.8221,162.87,0.8305,106.39,0.891,63.52,Danger
2026-04-01 08:07:00,0.3,282.68,0.4671,179.54,0.3,274.49,Danger
2026-04-01 08:07:05,0.0808,87.79,0.1022,112.63,0.1286,84.51,Safe
2026-04-01 08:07:10,1.1913,340.56,1.0769,61.55,0.9337,315.71,Danger
2026-04-01 08:07:15,0.0783,97.85,0.0706,97.27,0.059,134.18,Safe
2026-04-01 08:07:20,0.3,85.95,0.756,148.12,0.3,89.45,Danger
2026-04-01 08:07:25,0.9494,103.41,0.9861,83.87,0.9095,187.9,Danger
2026-04-01 08:07:30,0.0441,116.76,0.033,84.97,0.0863,112.67,Safe
2026-04-01 08:07:35,0.1766,130.42,0.1844,87.4,0.1773,89.51,Safe
2026-04-01 08:07:40,0.3,103.67,0.6599,197.21,0.3,77.56,Danger
2026-04-01 08:07:45,0.2593,70.81,0.2129,93.4,0.1968,89.3,Safe
2026-04-01 08:07:50,0.321,287.24,1.0046,180.16,0.3,242.0,Danger
2026-04-01 08:07:55,0.227,93.33,0.2267,86.09,0.2282,119.57,Safe
2026-04-01 08:08:00,0.3307,64.0,1.0211,184.43,0.4283,106.35,Danger
2026-04-01 08:08:05,0.3562,270.83,1.1696,206.71,0.3494,295.52,Danger
2026-04-01 08:08:10,0.1327,238.88,0.1085,303.79,0.1387,287.41,Safe
2026-04-01 08:08:15,0.3,76.84,0.6441,188.85,0.3,104.1,Danger
2026-04-01 08:08:20,1.2202,145.55,1.0361,110.63,0.9861,61.05,Danger
2026-04-01 08:08:25,0.1219,289.68,0.1307,308.25,0.1273,291.3,Safe
2026-04-01 08:08:30,0.2023,252.36,0.3379,281.68,0.2088,282.28,Safe
2026-04-01 08:08:35,0.3698,44.3,1.3437,155.82,0.3443,123.43,Danger
2026-04-01 08:08:40,0.1858,296.77,0.104,293.14,0.1835,266.57,Safe
2026-04-01 08:08:45,0.0886,289.12,0.0388,241.75,0.0572,287.68,Safe
2026-04-01 08:08:50,0.3093,252.99,0.9862,174.23,0.319,298.71,Danger
2026-04-01 08:08:55,0.1592,272.04,0.1512,262.61,0.1662,272.87,Safe
2026-04-01 08:09:00,0.1929,306.36,0.2634,228.43,0.2495,245.19,Safe
2026-04-01 08:09:05,0.9063,212.59,0.8834,148.69,0.9003,217.22,Danger
2026-04-01 08:09:10,0.3772,141.02,0.9784,195.68,0.3,92.61,Danger
2026-04-01 08:09:15,0.2176,290.14,0.2142,241.84,0.1507,291.64,Safe
2026-04-01 08:09:20,0.8007,302.32,0.671,310.13,0.7574,326.85,Danger
2026-04-01 08:09:25,0.3745,92.0,1.2255,198.68,0.4565,99.33,Danger
2026-04-01 08:09:30,0.1021,302.61,0.0826,258.36,0.0789,246.52,Safe
2026-04-01 08:09:35,0.3184,275.03,1.1003,179.57,0.3643,243.87,Danger
2026-04-01 08:09:40,0.1028,290.21,0.1457,260.35,0.1445,273.28,Safe
2026-04-01 08:09:45,0.0486,284.62,0.1345,253.92,0.0714,284.92,Safe
2026-04-01 08:09:50,0.1624,293.26,0.2242,265.04,0.2012,267.26,Safe
2026-04-01 08:09:55,0.4192,113.12,1.1449,210.67,0.3822,79.49,Danger
2026-04-01 08:10:00,0.3023,63.3,0.8634,154.84,0.3,95.84,Danger
2026-04-01 08:10:05,0.1502,278.96,0.2044,250.72,0.1908,276.04,Safe
2026-04-01 08:10:10,0.2685,252.43,0.2697,266.2,0.2848,240.05,Safe
2026-04-01 08:10:15,0.5048,104.42,1.3503,212.84,0.4964,91.68,Danger
2026-04-01 08:10:20,0.2794,262.14,0.244,277.82,0.2256,253.75,Safe
2026-04-01 08:10:25,0.3,137.22,0.6697,182.19,0.3,101.83,Danger
2026-04-01 08:10:30,0.346,112.91,0.8417,186.33,0.3609,101.14,Danger
2026-04-01 08:10:35,0.1333,101.87,0.1128,69.93,0.0958,83.37,Safe
2026-04-01 08:10:40,0.1858,282.88,0.1734,278.37,0.2002,277.19,Safe
2026-04-01 08:10:45,0.0724,110.49,0.1026,73.81,0.1019,93.76,Safe
2026-04-01 08:10:50,1.017,147.1,0.9803,110.39,0.9458,85.4,Danger
2026-04-01 08:10:55,0.2056,239.32,0.216,294.15,0.2245,282.31,Safe
2026-04-01 08:11:00,0.3931,264.55,1.2188,215.0,0.3821,278.08,Danger
2026-04-01 08:11:05,0.3182,66.2,1.2163,198.85,0.3335,112.47,Danger
2026-04-01 08:11:10,0.1602,109.83,0.1209,91.22,0.1221,57.55,Safe
2026-04-01 08:11:15,0.1043,246.42,0.0383,248.56,0.0983,266.53,Safe
2026-04-01 08:11:20,0.1508,81.28,0.1652,115.1,0.1169,93.77,Safe
2026-04-01 08:11:25,0.5684,352.96,0.3408,294.57,0.358,12.24,Danger
2026-04-01 08:11:30,0.1092,75.25,0.0397,90.87,0.0741,107.8,Safe
2026-04-01 08:11:35,0.8585,86.39,0.8954,142.2,0.6243,102.5,Danger
2026-04-01 08:11:40,0.3,244.34,0.7805,189.18,0.3,259.16,Danger
2026-04-01 08:11:45,0.073,213.55,0.1255,256.53,0.0943,303.51,Safe
2026-04-01 08:11:50,0.3,264.79,0.6833,163.19,0.3,269.71,Danger
2026-04-01 08:11:55,0.3757,268.03,1.0775,174.76,0.3477,243.97,Danger
2026-04-01 08:12:00,0.5456,350.43,0.7029,10.21,0.7513,94.13,Danger
2026-04-01 08:12:05,0.1706,257.65,0.2043,312.29,0.2513,250.93,Safe
2026-04-01 08:12:10,0.3,119.69,0.7998,164.21,0.3,48.26,Danger
2026-04-01 08:12:15,1.2274,180.45,1.3041,210.03,1.2457,151.29,Danger
2026-04-01 08:12:20,0.3601,259.28,1.3324,176.58,0.4399,237.27,Danger
2026-04-01 08:12:25,0.1441,87.88,0.1959,100.48,0.167,95.43,Safe
2026-04-01 08:12:30,0.3,86.21,0.764,194.48,0.3,111.35,Danger
2026-04-01 08:12:35,0.3,82.79,0.4173,158.88,0.3,64.73,Danger
2026-04-01 08:12:40,0.0948,263.16,0.0683,266.09,0.0763,265.35,Safe
2026-04-01 08:12:45,0.3214,110.55,1.1864,198.78,0.3131,88.79,Danger
2026-04-01 08:12:50,0.2216,84.1,0.1774,102.39,0.1924,98.21,Safe
2026-04-01 08:12:55,0.3,253.23,0.9881,197.3,0.4338,263.87,Danger
2026-04-01 08:13:00,0.0144,250.15,0.0921,289.02,0.0791,202.23,Safe
2026-04-01 08:13:05,0.8733,311.4,0.963,304.54,0.9213,232.69,Danger
2026-04-01 08:13:10,0.8067,318.93,0.6746,292.9,0.7273,237.44,Danger
2026-04-01 08:13:15,1.2843,90.23,1.1404,142.24,1.2167,177.98,Danger
2026-04-01 08:13:20,0.7211,11.39,0.6109,7.94,0.5192,359.89,Danger
2026-04-01 08:13:25,0.9767,52.47,0.9533,102.88,0.8725,128.1,Danger
2026-04-01 08:13:30,0.2811,94.77,0.3138,79.73,0.2511,90.55,Safe
2026-04-01 08:13:35,0.1752,258.44,0.1969,261.76,0.1337,288.27,Safe
2026-04-01 08:13:40,0.5093,275.88,1.631,165.35,0.4016,289.51,Danger
2026-04-01 08:13:45,0.2636,79.18,0.185,96.6,0.2321,82.55,Safe
2026-04-01 08:13:50,0.0559,271.38,0.0517,239.7,0.0746,297.34,Safe
2026-04-01 08:13:55,0.3221,66.34,0.86,198.2,0.3295,92.01,Danger
2026-04-01 08:14:00,0.4422,79.71,1.0894,182.62,0.3,90.76,Danger
2026-04-01 08:14:05,0.0618,271.37,0.0745,263.17,0.115,270.03,Safe
2026-04-01 08:14:10,0.3,66.22,1.1329,203.45,0.3616,97.38,Danger
2026-04-01 08:14:15,0.3,255.04,0.4054,173.17,0.3,305.95,Danger
2026-04-01 08:14:20,0.3706,283.35,0.8704,185.85,0.3,271.5,Danger
2026-04-01 08:14:25,0.2337,72.07,0.2709,96.11,0.2701,64.92,Safe
2026-04-01 08:14:30,0.3032,91.41,1.1067,192.23,0.3449,93.35,Danger
2026-04-01 08:14:35,0.2767,113.01,0.2545,120.31,0.2711,112.93,Safe
2026-04-01 08:14:40,0.3448,91.48,1.081,181.79,0.3162,83.39,Danger
2026-04-01 08:14:45,1.3052,88.77,1.0268,55.74,1.1767,48.84,Danger
2026-04-01 08:14:50,0.1953,103.29,0.1743,82.34,0.1836,87.53,Safe
2026-04-01 08:14:55,0.3,241.08,0.9481,173.4,0.3,272.93,Danger
2026-04-01 08:15:00,0.1221,268.75,0.098,298.37,0.1044,220.24,Safe
2026-04-01 08:15:05,0.3915,285.39,1.3589,176.37,0.414,241.71,Danger
2026-04-01 08:15:10,0.3219,82.54,1.0468,170.91,0.4075,86.86,Danger
2026-04-01 08:15:15,0.3,283.17,0.5644,193.56,0.3,296.77,Danger
2026-04-01 08:15:20,0.2578,287.15,0.2671,276.36,0.2607,257.41,Safe
2026-04-01 08:15:25,0.3132,83.82,0.2555,93.11,0.2494,139.31,Safe
2026-04-01 08:15:30,0.0368,252.74,0.0714,278.86,0.1076,294.12,Safe
2026-04-01 08:15:35,0.4287,274.27,1.2267,194.33,0.4124,247.53,Danger
2026-04-01 08:15:40,0.1674,123.92,0.2017,81.58,0.0803,60.05,Safe
2026-04-01 08:15:45,0.3,255.84,0.6765,168.32,0.3,282.88,Danger
2026-04-01 08:15:50,0.2218,100.48,0.1917,112.26,0.2003,68.14,Safe
2026-04-01 08:15:55,0.1258,78.89,0.1685,105.48,0.1804,85.32,Safe
2026-04-01 08:16:00,0.5129,72.55,1.4588,190.01,0.4516,83.83,Danger
2026-04-01 08:16:05,0.1366,101.4,0.0563,101.92,0.0832,69.65,Safe
2026-04-01 08:16:10,0.157,255.49,0.1097,249.0,0.0757,250.55,Safe
2026-04-01 08:16:15,0.332,42.6,1.4977,181.67,0.3866,147.52,Danger
2026-04-01 08:16:20,0.2682,282.48,0.2387,283.37,0.2488,251.64,Safe
2026-04-01 08:16:25,1.1396,241.57,1.1662,227.31,1.3509,118.73,Danger
2026-04-01 08:16:30,0.1272,70.94,0.1035,57.29,0.1414,109.36,Safe
2026-04-01 08:16:35,0.3034,235.32,0.3013,247.18,0.3019,270.14,Safe
2026-04-01 08:16:40,0.2807,278.18,0.2482,231.75,0.2345,262.13,Safe
2026-04-01 08:16:45,0.3,302.4,0.5479,198.17,0.3,249.35,Danger
2026-04-01 08:16:50,0.0945,83.22,0.1052,105.57,0.1772,78.98,Safe
2026-04-01 08:16:55,0.3,233.92,0.9605,176.5,0.3,286.48,Danger
2026-04-01 08:17:00,0.3516,101.49,1.0976,181.09,0.4285,75.95,Danger
2026-04-01 08:17:05,0.1625,267.13,0.0871,267.16,0.1652,274.23,Safe
2026-04-01 08:17:10,1.0192,253.63,0.9625,168.64,0.9715,256.47,Danger
2026-04-01 08:17:15,0.4783,79.95,1.2954,174.68,0.4192,93.74,Danger
2026-04-01 08:17:20,0.1833,111.21,0.2043,121.97,0.1975,106.04,Safe
2026-04-01 08:17:25,1.1498,130.08,0.8851,191.8,0.9771,248.21,Danger
2026-04-01 08:17:30,0.3,68.74,1.1241,175.4,0.3,101.69,Danger
2026-04-01 08:17:35,1.1066,117.81,0.9213,137.2,1.092,149.43,Danger
2026-04-01 08:17:40,0.1891,136.25,0.1451,39.58,0.1471,92.98,Safe
2026-04-01 08:17:45,0.6004,63.02,0.4602,5.24,0.4338,55.17,Danger
2026-04-01 08:17:50,0.1699,90.4,0.2739,83.47,0.1496,100.66,Safe
2026-04-01 08:17:55,0.188,90.32,0.1311,103.74,0.109,43.21,Safe
2026-04-01 08:18:00,0.1413,79.31,0.1107,81.74,0.1352,101.91,Safe
2026-04-01 08:18:05,0.1399,266.19,0.096,260.05,0.1293,257.18,Safe
2026-04-01 08:18:10,0.5,63.77,1.7297,168.15,0.4536,112.72,Danger
2026-04-01 08:18:15,1.1839,292.19,1.0918,317.87,1.1631,238.13,Danger
2026-04-01 08:18:20,0.0723,79.69,0.1135,80.71,0.0937,106.95,Safe
2026-04-01 08:18:25,0.7665,328.79,0.9154,330.35,0.9306,295.04,Danger
2026-04-01 08:18:30,0.133,55.74,0.1421,95.46,0.1278,70.04,Safe
2026-04-01 08:18:35,0.3,100.39,0.6326,181.76,0.3,62.76,Danger
2026-04-01 08:18:40,0.3006,230.82,0.2328,303.52,0.2925,266.34,Safe
2026-04-01 08:18:45,0.0864,273.34,0.0822,282.57,0.1246,265.21,Safe
2026-04-01 08:18:50,0.1517,264.52,0.1407,297.99,0.1271,288.49,Safe
2026-04-01 08:18:55,1.0805,264.68,1.0849,5.38,1.0184,319.41,Danger
2026-04-01 08:19:00,0.1111,59.02,0.1466,62.23,0.1361,85.41,Safe
2026-04-01 08:19:05,0.1684,78.34,0.182,71.7,0.2181,94.92,Safe
2026-04-01 08:19:10,0.1459,268.66,0.0845,238.97,0.095,283.27,Safe
2026-04-01 08:19:15,0.3,116.89,0.6938,168.92,0.3645,103.1,Danger
2026-04-01 08:19:20,0.4062,264.68,1.3629,181.19,0.3268,276.76,Danger
2026-04-01 08:19:25,0.1067,287.94,0.1256,291.53,0.1695,281.85,Safe
2026-04-01 08:19:30,0.1363,85.15,0.1404,95.87,0.1125,88.66,Safe
2026-04-01 08:19:35,0.221,256.09,0.1937,273.87,0.2282,265.85,Safe
2026-04-01 08:19:40,0.0937,267.74,0.1801,251.0,0.1642,266.03,Safe
2026-04-01 08:19:45,0.4061,231.56,1.3944,180.36,0.4975,297.74,Danger
2026-04-01 08:19:50,0.8215,22.47,0.8387,324.07,0.6582,35.55,Danger
2026-04-01 08:19:55,0.1132,266.64,0.0435,284.12,0.104,274.56,Safe
2026-04-01 08:20:00,0.3,102.78,0.6589,174.03,0.3,89.22,Danger
2026-04-01 08:20:05,0.097,75.49,0.1034,87.17,0.0791,73.14,Safe
2026-04-01 08:20:10,0.3,250.14,0.6003,196.24,0.3,302.32,Danger
2026-04-01 08:20:15,0.3625,290.54,1.119,165.43,0.3387,285.57,Danger
2026-04-01 08:20:20,0.181,99.28,0.2207,98.03,0.202,133.65,Safe
2026-04-01 08:20:25,0.0366,248.65,0.0622,267.79,0.0504,252.07,Safe
2026-04-01 08:20:30,0.1213,289.11,0.1315,271.89,0.1742,256.86,Safe
2026-04-01 08:20:35,0.1938,66.57,0.1499,90.97,0.1617,81.41,Safe
2026-04-01 08:20:40,0.2841,101.21,0.2369,137.84,0.2137,74.65,Safe
2026-04-01 08:20:45,0.3,312.48,0.8927,169.74,0.4627,250.92,Danger
2026-04-01 08:20:50,0.2123,79.89,0.176,97.24,0.1653,129.29,Safe
2026-04-01 08:20:55,0.2535,85.25,0.2243,81.51,0.2815,97.95,Safe
2026-04-01 08:21:00,0.0624,259.43,0.0974,303.45,0.0988,278.38,Safe
2026-04-01 08:21:05,0.1952,53.33,0.2258,65.65,0.2397,95.92,Safe
2026-04-01 08:21:10,0.3995,234.54,1.1897,189.47,0.3417,303.42,Danger
2026-04-01 08:21:15,0.8502,256.05,0.5835,234.71,0.8388,244.95,Danger
2026-04-01 08:21:20,0.3,109.91,0.5062,204.74,0.3,107.22,Danger
2026-04-01 08:21:25,0.3,289.94,0.9602,190.9,0.3121,277.14,Danger
2026-04-01 08:21:30,0.3,98.56,1.051,193.23,0.3852,60.5,Danger
2026-04-01 08:21:35,0.3,284.8,0.7398,174.71,0.3,253.0,Danger
2026-04-01 08:21:40,1.2123,149.78,1.3366,210.28,1.1933,65.17,Danger
2026-04-01 08:21:45,0.3484,98.87,1.2253,196.53,0.426,110.55,Danger
2026-04-01 08:21:50,0.2384,84.36,0.2505,91.46,0.2116,105.6,Safe
2026-04-01 08:21:55,0.0956,252.48,0.01,294.44,0.081,280.77,Safe
2026-04-01 08:22:00,0.3047,248.17,0.2787,285.58,0.2787,268.17,Safe
2026-04-01 08:22:05,0.3,123.97,0.9622,164.89,0.3,66.49,Danger
2026-04-01 08:22:10,0.3564,133.24,1.0683,168.55,0.3098,53.02,Danger
2026-04-01 08:22:15,0.3,292.45,0.7695,169.68,0.3,263.88,Danger
2026-04-01 08:22:20,0.6164,154.59,0.3255,143.89,0.6656,189.56,Danger
2026-04-01 08:22:25,0.1706,298.15,0.0769,283.64,0.12,272.52,Safe
2026-04-01 08:22:30,0.3,92.92,0.584,190.2,0.3,66.84,Danger
2026-04-01 08:22:35,0.1968,75.71,0.132,130.53,0.1353,72.14,Safe
2026-04-01 08:22:40,0.3853,57.64,0.9489,185.46,0.3195,85.29,Danger
2026-04-01 08:22:45,0.2363,90.21,0.242,108.65,0.2664,45.33,Safe
2026-04-01 08:22:50,0.1233,71.24,0.1731,66.89,0.1659,104.5,Safe
2026-04-01 08:22:55,0.1314,279.51,0.0911,306.11,0.0971,287.38,Safe
2026-04-01 08:23:00,0.3417,59.17,1.0318,186.7,0.3434,132.06,Danger
2026-04-01 08:23:05,0.0918,68.75,0.0677,96.54,0.095,73.3,Safe
2026-04-01 08:23:10,0.1401,90.65,0.1127,42.89,0.1352,103.0,Safe
2026-04-01 08:23:15,0.1861,135.82,0.1469,91.79,0.0816,66.37,Safe
2026-04-01 08:23:20,0.4533,79.7,1.3311,175.52,0.4155,104.18,Danger
2026-04-01 08:23:25,0.1587,90.18,0.1352,89.05,0.1605,94.2,Safe
2026-04-01 08:23:30,0.3184,287.42,0.2732,250.71,0.2511,302.57,Safe
2026-04-01 08:23:35,0.3064,94.53,0.2677,116.43,0.2381,67.71,Safe
2026-04-01 08:23:40,0.157,87.45,0.1411,118.09,0.1767,123.27,Safe
2026-04-01 08:23:45,1.1676,98.19,1.1803,33.59,1.2495,114.73,Danger
2026-04-01 08:23:50,0.1702,100.28,0.1834,75.34,0.227,93.91,Safe
2026-04-01 08:23:55,0.3,286.31,1.0252,156.11,0.3693,251.65,Danger
2026-04-01 08:24:00,0.1101,121.81,0.1126,51.84,0.1131,72.79,Safe
2026-04-01 08:24:05,0.108,297.58,0.1367,260.06,0.1616,266.35,Safe
2026-04-01 08:24:10,0.3,88.67,1.092,195.69,0.361,68.08,Danger
2026-04-01 08:24:15,0.4123,265.61,1.3328,168.65,0.3575,278.58,Danger
2026-04-01 08:24:20,0.2207,261.43,0.1309,305.51,0.14,276.15,Safe
2026-04-01 08:24:25,0.963,255.3,1.0562,172.6,1.199,248.31,Danger
2026-04-01 08:24:30,0.3202,258.64,0.7841,202.62,0.3,280.23,Danger
2026-04-01 08:24:35,0.3,291.65,1.0143,175.59,0.3,281.03,Danger
2026-04-01 08:24:40,0.1517,80.31,0.1484,98.19,0.1814,84.47,Safe
2026-04-01 08:24:45,0.3693,74.0,1.3303,206.21,0.3752,101.11,Danger
2026-04-01 08:24:50,0.3,265.38,0.7775,191.75,0.3,236.18,Danger
2026-04-01 08:24:55,0.113,72.27,0.0915,116.99,0.0756,123.23,Safe
2026-04-01 08:25:00,0.2409,250.08,0.2232,299.29,0.1969,258.77,Safe
2026-04-01 08:25:05,0.0462,54.26,0.0619,92.15,0.0739,109.96,Safe
2026-04-01 08:25:10,0.2509,279.03,0.2729,280.57,0.2454,274.15,Safe
2026-04-01 08:25:15,0.3,94.35,0.834,168.76,0.3,107.41,Danger
2026-04-01 08:25:20,0.3245,288.06,1.0007,190.43,0.3,270.31,Danger
2026-04-01 08:25:25,0.0734,282.17,0.0847,260.67,0.0853,239.74,Safe
2026-04-01 08:25:30,0.1886,258.98,0.177,248.54,0.1395,279.62,Safe
2026-04-01 08:25:35,0.3791,266.41,1.1185,199.46,0.4235,268.41,Danger
2026-04-01 08:25:40,1.0324,30.92,1.0866,18.18,1.1292,7.39,Danger
2026-04-01 08:25:45,0.2466,105.86,0.2327,93.44,0.1819,68.81,Safe
2026-04-01 08:25:50,0.1462,59.7,0.1432,110.18,0.2137,86.29,Safe
2026-04-01 08:25:55,0.2397,285.26,0.2661,303.62,0.3005,279.82,Safe
2026-04-01 08:26:00,0.1686,124.52,0.166,66.9,0.1555,81.6,Safe
2026-04-01 08:26:05,0.7776,271.06,1.0573,253.3,0.8854,313.84,Danger
2026-04-01 08:26:10,0.4131,64.66,1.3339,176.74,0.4256,73.12,Danger
2026-04-01 08:26:15,0.3,70.39,0.8553,171.02,0.3,102.53,Danger
2026-04-01 08:26:20,0.0937,258.26,0.1357,276.39,0.1249,303.07,Safe
2026-04-01 08:26:25,0.7518,324.54,0.9553,281.79,0.8093,245.19,Danger
2026-04-01 08:26:30,0.3,97.25,0.876,180.28,0.3,78.62,Danger
2026-04-01 08:26:35,0.4833,76.51,1.4835,171.01,0.5163,114.71,Danger
2026-04-01 08:26:40,0.1412,91.17,0.1641,109.86,0.1299,99.02,Safe
2026-04-01 08:26:45,0.1415,103.73,0.1413,80.63,0.1837,74.82,Safe
2026-04-01 08:26:50,0.3,285.51,0.7764,183.67,0.3246,287.27,Danger
2026-04-01 08:26:55,0.7925,287.01,0.944,235.81,1.0299,277.41,Danger
2026-04-01 08:27:00,0.3,246.52,1.0806,173.89,0.3307,296.55,Danger
2026-04-01 08:27:05,0.4246,87.53,1.2999,176.44,0.3834,110.56,Danger
2026-04-01 08:27:10,0.2314,259.69,0.2129,277.01,0.293,279.78,Safe
2026-04-01 08:27:15,0.3454,80.42,1.1759,189.32,0.4036,71.94,Danger
2026-04-01 08:27:20,0.9468,234.49,0.9614,309.47,0.9572,207.3,Danger
2026-04-01 08:27:25,0.9843,279.71,0.8956,285.73,0.9609,226.41,Danger
2026-04-01 08:27:30,0.01,221.88,0.1077,272.75,0.0792,298.18,Safe
2026-04-01 08:27:35,0.1502,113.21,0.0593,57.33,0.1198,95.05,Safe
2026-04-01 08:27:40,0.3,73.74,0.5252,159.02,0.3,118.13,Danger
2026-04-01 08:27:45,0.2074,293.08,0.2563,253.21,0.2219,262.62,Safe
2026-04-01 08:27:50,0.0721,100.89,0.0817,91.1,0.0228,105.59,Safe
2026-04-01 08:27:55,0.4517,263.98,1.431,153.43,0.4806,290.11,Danger
2026-04-01 08:28:00,0.3,105.36,0.5839,187.19,0.3,105.71,Danger
2026-04-01 08:28:05,0.0885,74.21,0.0768,98.51,0.1114,71.36,Safe
2026-04-01 08:28:10,0.3609,113.65,1.0822,170.74,0.3186,103.97,Danger
2026-04-01 08:28:15,0.209,233.15,0.144,275.47,0.18,301.34,Safe
2026-04-01 08:28:20,0.668,154.04,0.6479,150.25,0.6644,223.57,Danger
2026-04-01 08:28:25,0.1755,100.25,0.2238,74.32,0.236,76.19,Safe
2026-04-01 08:28:30,0.0594,95.01,0.053,88.22,0.1276,76.23,Safe
2026-04-01 08:28:35,0.5712,71.88,0.5859,93.05,0.4944,18.75,Danger
2026-04-01 08:28:40,0.2361,280.04,0.1764,278.21,0.2519,287.61,Safe
2026-04-01 08:28:45,0.2819,117.29,0.2906,97.77,0.2282,84.63,Safe
2026-04-01 08:28:50,1.2381,264.77,1.3154,225.47,1.3881,308.75,Danger
2026-04-01 08:28:55,0.2887,106.9,0.2248,88.47,0.2072,87.05,Safe
2026-04-01 08:29:00,0.3196,78.22,1.0818,163.72,0.3478,63.26,Danger
2026-04-01 08:29:05,0.1212,291.56,0.1055,287.38,0.1686,260.89,Safe
2026-04-01 08:29:10,0.2575,281.89,0.2467,305.66,0.2549,265.05,Safe
2026-04-01 08:29:15,0.534,69.29,1.6084,194.7,0.4726,78.92,Danger
2026-04-01 08:29:20,0.0597,265.48,0.1469,295.69,0.073,283.78,Safe
2026-04-01 08:29:25,0.853,128.4,1.0749,169.13,0.957,166.37,Danger
2026-04-01 08:29:30,0.4711,82.53,1.4671,193.22,0.4185,95.33,Danger
2026-04-01 08:29:35,0.01,98.09,0.0723,107.99,0.0795,104.89,Safe
2026-04-01 08:29:40,0.3771,102.47,1.2133,181.49,0.4148,94.31,Danger
2026-04-01 08:29:45,0.2912,69.27,0.2972,63.79,0.2637,78.96,Safe
2026-04-01 08:29:50,0.4745,105.21,1.5545,194.25,0.403,96.44,Danger
2026-04-01 08:29:55,0.1724,273.58,0.1667,292.47,0.1718,283.54,Safe
2026-04-01 08:30:00,0.8599,59.35,0.7045,121.43,0.8943,66.78,Danger
2026-04-01 08:30:05,1.484,331.57,1.1891,15.28,1.4751,315.46,Danger
2026-04-01 08:30:10,0.3,277.89,0.5923,184.53,0.3,259.75,Danger
2026-04-01 08:30:15,0.1439,252.36,0.1845,228.91,0.1305,317.06,Safe
2026-04-01 08:30:20,0.1851,291.57,0.1733,253.96,0.1659,220.9,Safe
2026-04-01 08:30:25,0.048,110.43,0.0886,93.68,0.054,81.71,Safe
2026-04-01 08:30:30,0.4485,235.04,1.4582,193.58,0.4252,264.98,Danger
2026-04-01 08:30:35,0.1793,130.77,0.2135,109.99,0.1405,111.1,Safe
2026-04-01 08:30:40,0.8347,198.41,0.7772,246.96,0.5445,214.18,Danger
2026-04-01 08:30:45,0.3,81.85,1.0673,154.56,0.3,97.17,Danger
2026-04-01 08:30:50,0.0933,58.47,0.1192,72.46,0.0891,67.7,Safe
2026-04-01 08:30:55,0.2333,58.09,0.1729,104.03,0.1586,105.87,Safe
2026-04-01 08:31:00,0.4307,262.67,1.4008,197.4,0.3836,297.24,Danger
2026-04-01 08:31:05,0.392,267.06,1.4862,173.06,0.426,279.1,Danger
2026-04-01 08:31:10,0.3054,119.6,0.2813,121.26,0.2546,101.11,Safe
2026-04-01 08:31:15,0.5851,110.49,1.5492,203.38,0.4124,76.42,Danger
2026-04-01 08:31:20,0.0599,55.94,0.0502,53.21,0.0272,95.73,Safe
2026-04-01 08:31:25,0.56,2.72,0.4689,323.8,0.6152,297.85,Danger
2026-04-01 08:31:30,0.2859,88.27,0.2442,76.12,0.2873,92.2,Safe
2026-04-01 08:31:35,0.4494,256.48,1.4108,176.47,0.4687,251.15,Danger
2026-04-01 08:31:40,0.1087,119.44,0.1278,97.73,0.186,106.76,Safe
2026-04-01 08:31:45,0.8743,0.82,0.742,30.24,1.0698,305.7,Danger
2026-04-01 08:31:50,0.2403,263.61,0.2218,269.96,0.1853,301.36,Safe
2026-04-01 08:31:55,0.0582,59.77,0.0642,133.77,0.046,85.33,Safe
2026-04-01 08:32:00,0.1724,290.96,0.1314,297.85,0.119,293.51,Safe
2026-04-01 08:32:05,0.3811,274.55,1.2601,191.2,0.3585,262.76,Danger
2026-04-01 08:32:10,0.468,125.71,1.4749,177.24,0.4585,100.11,Danger
2026-04-01 08:32:15,0.145,306.04,0.1755,262.38,0.1498,244.61,Safe
2026-04-01 08:32:20,0.2174,94.06,0.2118,89.92,0.1592,85.02,Safe
2026-04-01 08:32:25,0.1745,97.41,0.1271,111.58,0.2197,66.87,Safe
2026-04-01 08:32:30,1.3634,348.21,1.0983,19.54,1.1882,2.24,Danger
2026-04-01 08:32:35,0.5459,150.12,0.6722,167.26,0.5665,214.99,Danger
2026-04-01 08:32:40,0.2122,268.37,0.2628,269.63,0.2696,257.04,Safe
2026-04-01 08:32:45,0.3,118.06,1.0178,160.81,0.3651,67.52,Danger
2026-04-01 08:32:50,0.5892,358.38,0.6934,287.42,0.8033,54.14,Danger
2026-04-01 08:32:55,0.3077,236.37,0.941,176.41,0.3,265.54,Danger
2026-04-01 08:33:00,0.1441,78.48,0.1551,65.29,0.0938,79.22,Safe
2026-04-01 08:33:05,0.2147,277.77,0.2109,270.53,0.1899,284.67,Safe
2026-04-01 08:33:10,0.241,273.16,0.2557,298.11,0.2451,279.68,Safe
2026-04-01 08:33:15,0.3,100.13,0.8547,164.67,0.3,73.55,Danger
2026-04-01 08:33:20,0.1138,66.07,0.0914,94.15,0.141,81.52,Safe
2026-04-01 08:33:25,0.9005,157.44,0.784,236.62,0.7053,289.25,Danger
2026-04-01 08:33:30,0.3211,90.73,1.0743,184.11,0.3361,89.58,Danger
2026-04-01 08:33:35,0.728,64.88,0.6077,251.6,0.6652,190.26,Danger
2026-04-01 08:33:40,0.3863,87.84,1.3188,158.18,0.4466,106.06,Danger
2026-04-01 08:33:45,0.4394,47.06,1.387,158.56,0.3919,43.64,Danger
2026-04-01 08:33:50,0.2204,75.93,0.1988,87.34,0.1889,112.51,Safe
2026-04-01 08:33:55,1.3236,217.95,1.2609,128.32,1.3252,236.76,Danger
2026-04-01 08:34:00,0.0874,247.87,0.1573,289.33,0.1749,256.47,Safe
2026-04-01 08:34:05,0.3,275.08,0.6206,193.93,0.3,245.07,Danger
2026-04-01 08:34:10,0.7696,213.42,0.6471,192.04,0.8571,242.83,Danger
2026-04-01 08:34:15,0.2356,256.55,0.1587,293.84,0.1654,258.15,Safe
2026-04-01 08:34:20,0.3,99.5,1.146,169.22,0.4126,105.67,Danger
2026-04-01 08:34:25,0.2285,281.17,0.1936,253.89,0.2017,281.93,Safe
2026-04-01 08:34:30,0.0514,85.13,0.0222,74.4,0.0841,111.64,Safe
2026-04-01 08:34:35,0.1019,304.47,0.1079,306.01,0.0605,256.76,Safe
2026-04-01 08:34:40,0.3072,97.93,0.2356,118.07,0.3198,98.67,Safe
2026-04-01 08:34:45,0.2106,49.76,0.2091,94.44,0.1972,80.43,Safe
2026-04-01 08:34:50,0.3759,107.46,1.1674,184.91,0.3,79.5,Danger
2026-04-01 08:34:55,0.0573,104.9,0.0933,70.07,0.0328,65.35,Safe
2026-04-01 08:35:00,0.0629,253.46,0.0598,248.61,0.0395,231.27,Safe
2026-04-01 08:35:05,0.3331,95.55,1.1051,184.59,0.3,140.98,Danger
2026-04-01 08:35:10,0.1768,93.49,0.1554,78.51,0.206,107.43,Safe
2026-04-01 08:35:15,0.0868,286.18,0.1424,271.58,0.1139,305.53,Safe
2026-04-01 08:35:20,0.1189,85.19,0.1417,63.39,0.0984,46.44,Safe
2026-04-01 08:35:25,0.1203,265.61,0.0955,249.48,0.1355,277.63,Safe
2026-04-01 08:35:30,0.1369,92.21,0.1536,54.62,0.1884,97.33,Safe
2026-04-01 08:35:35,0.2616,78.67,0.2667,110.97,0.2659,123.11,Safe
2026-04-01 08:35:40,0.2998,81.42,0.3259,64.19,0.2393,98.59,Safe
2026-04-01 08:35:45,0.0658,241.03,0.0338,275.72,0.0695,220.03,Safe
2026-04-01 08:35:50,1.3788,9.15,1.3118,1.3,1.1205,92.03,Danger
2026-04-01 08:35:55,0.1752,267.87,0.192,247.39,0.1916,282.45,Safe
2026-04-01 08:36:00,0.3,90.23,0.8329,189.06,0.3,134.19,Danger
2026-04-01 08:36:05,0.1403,305.42,0.2339,263.51,0.1432,280.97,Safe
2026-04-01 08:36:10,0.1652,80.9,0.2182,98.53,0.1989,81.15,Safe
2026-04-01 08:36:15,0.1773,289.22,0.153,236.96,0.1365,305.32,Safe
2026-04-01 08:36:20,0.1845,239.05,0.1964,284.21,0.1884,269.44,Safe
2026-04-01 08:36:25,0.4164,293.92,1.3667,181.79,0.3924,269.52,Danger
2026-04-01 08:36:30,0.3,100.65,0.7256,148.94,0.3,67.5,Danger
2026-04-01 08:36:35,0.1484,229.01,0.1362,251.62,0.1178,260.0,Safe
2026-04-01 08:36:40,0.1947,246.44,0.1845,260.95,0.1822,221.52,Safe
2026-04-01 08:36:45,0.3,240.36,0.7114,182.01,0.3,291.24,Danger
2026-04-01 08:36:50,0.3077,283.41,0.9278,185.61,0.3466,252.97,Danger
2026-04-01 08:36:55,0.1126,76.49,0.0956,87.42,0.1568,61.79,Safe
2026-04-01 08:37:00,0.4926,110.29,1.4492,184.88,0.4516,56.02,Danger
2026-04-01 08:37:05,0.0477,115.5,0.01,86.34,0.0927,103.02,Safe
2026-04-01 08:37:10,0.3,83.56,0.8064,165.6,0.3248,56.73,Danger
2026-04-01 08:37:15,1.1594,295.96,1.3342,316.33,1.1321,335.35,Danger
2026-04-01 08:37:20,0.1063,249.46,0.1825,287.45,0.1151,291.32,Safe
2026-04-01 08:37:25,0.5639,76.93,0.5668,108.11,0.6367,109.35,Danger
2026-04-01 08:37:30,0.3,232.95,0.9622,159.8,0.3509,261.19,Danger
2026-04-01 08:37:35,0.0177,273.52,0.0587,257.89,0.0736,269.36,Safe
2026-04-01 08:37:40,0.3,87.89,0.7647,188.91,0.3,94.53,Danger
2026-04-01 08:37:45,0.2446,264.92,0.2407,282.87,0.2539,292.82,Safe
2026-04-01 08:37:50,0.0722,105.05,0.1159,67.58,0.1047,113.39,Safe
2026-04-01 08:37:55,0.2429,58.05,0.3434,117.8,0.2919,101.16,Safe
2026-04-01 08:38:00,0.2132,93.08,0.2079,76.57,0.1696,131.11,Safe
2026-04-01 08:38:05,0.1912,135.77,0.2646,107.54,0.2522,103.47,Safe
2026-04-01 08:38:10,0.0915,104.3,0.0576,90.86,0.0795,84.87,Safe
2026-04-01 08:38:15,0.0469,96.2,0.1363,88.39,0.0363,111.87,Safe
2026-04-01 08:38:20,0.187,83.31,0.1887,80.34,0.2321,63.84,Safe
2026-04-01 08:38:25,0.2214,284.17,0.1491,268.33,0.1274,206.24,Safe
2026-04-01 08:38:30,0.2264,280.56,0.1198,295.55,0.2244,258.17,Safe
2026-04-01 08:38:35,0.0554,260.09,0.1126,271.11,0.0547,291.88,Safe
2026-04-01 08:38:40,0.0358,73.4,0.1559,105.66,0.121,97.52,Safe
2026-04-01 08:38:45,0.3308,78.08,1.0877,187.29,0.3138,70.3,Danger
2026-04-01 08:38:50,0.2311,283.97,0.2418,233.48,0.3267,290.95,Safe
2026-04-01 08:38:55,0.2655,269.97,0.2379,297.06,0.2889,260.67,Safe
2026-04-01 08:39:00,0.1395,49.92,0.1088,60.45,0.1067,95.16,Safe
2026-04-01 08:39:05,0.9688,53.15,0.955,15.21,0.6803,283.36,Danger
2026-04-01 08:39:10,0.0934,267.92,0.1059,289.39,0.1031,279.43,Safe
2026-04-01 08:39:15,0.3,44.11,0.8735,153.64,0.3,96.22,Danger
2026-04-01 08:39:20,0.4281,300.77,1.6362,173.17,0.5225,284.74,Danger
2026-04-01 08:39:25,0.0676,105.24,0.0671,91.17,0.1166,75.1,Safe
2026-04-01 08:39:30,0.5267,257.82,1.4002,161.7,0.4903,257.74,Danger
2026-04-01 08:39:35,0.3628,271.1,0.8783,183.76,0.3,277.32,Danger
2026-04-01 08:39:40,0.4219,280.73,1.2905,143.12,0.3916,277.54,Danger
2026-04-01 08:39:45,0.3,106.68,0.7449,163.85,0.3018,70.46,Danger
2026-04-01 08:39:50,0.1534,276.92,0.1572,293.03,0.1506,276.61,Safe
2026-04-01 08:39:55,0.1864,101.94,0.1967,74.58,0.2521,118.69,Safe
2026-04-01 08:40:00,0.3,95.21,0.6797,166.55,0.3,113.93,Danger
2026-04-01 08:40:05,0.1627,291.46,0.1915,286.15,0.1435,245.08,Safe
2026-04-01 08:40:10,0.6508,331.99,0.4933,59.07,0.6478,269.89,Danger
2026-04-01 08:40:15,0.4645,309.29,1.541,180.92,0.5098,273.01,Danger
2026-04-01 08:40:20,0.5027,65.56,1.5118,193.62,0.5648,90.35,Danger
2026-04-01 08:40:25,0.3598,275.32,1.028,152.82,0.3483,241.42,Danger
2026-04-01 08:40:30,0.3638,281.95,1.3478,219.23,0.4392,286.56,Danger
2026-04-01 08:40:35,0.3557,57.53,1.0193,190.87,0.3,97.87,Danger
2026-04-01 08:40:40,0.1405,61.38,0.2148,63.47,0.1595,113.09,Safe
2026-04-01 08:40:45,0.3,271.0,0.7826,183.04,0.3,277.85,Danger
2026-04-01 08:40:50,0.1016,38.62,0.1741,102.88,0.1041,91.64,Safe
2026-04-01 08:40:55,1.0712,134.07,0.9975,180.8,0.8499,165.75,Danger
2026-04-01 08:41:00,0.3195,251.02,1.2314,164.89,0.3,251.02,Danger
2026-04-01 08:41:05,0.8414,135.45,0.8492,207.29,0.7955,167.4,Danger
2026-04-01 08:41:10,0.3,235.7,0.6507,189.28,0.3,235.85,Danger
2026-04-01 08:41:15,0.1654,107.3,0.1333,70.3,0.215,101.37,Safe
2026-04-01 08:41:20,0.1686,258.75,0.1124,261.69,0.1698,287.11,Safe
2026-04-01 08:41:25,0.4959,292.48,0.5171,320.74,0.4097,272.17,Danger
2026-04-01 08:41:30,0.1496,74.32,0.1694,136.67,0.1821,129.1,Safe
2026-04-01 08:41:35,0.3061,280.68,0.832,197.06,0.3691,298.5,Danger
2026-04-01 08:41:40,0.4562,269.71,1.4236,181.9,0.4632,245.66,Danger
2026-04-01 08:41:45,0.1757,238.36,0.1961,261.0,0.1939,273.07,Safe
2026-04-01 08:41:50,0.1762,256.75,0.2448,274.8,0.2467,278.14,Safe
2026-04-01 08:41:55,0.4008,92.47,0.8154,168.22,0.3264,90.37,Danger
2026-04-01 08:42:00,0.2059,75.93,0.1935,63.34,0.207,138.3,Safe
2026-04-01 08:42:05,0.3,216.45,0.4694,181.4,0.3,283.51,Danger
2026-04-01 08:42:10,0.3812,105.03,1.2397,156.91,0.389,92.26,Danger
2026-04-01 08:42:15,0.2412,288.02,0.2094,296.75,0.2163,228.93,Safe
2026-04-01 08:42:20,0.8162,125.98,0.8496,87.05,0.9664,158.19,Danger
2026-04-01 08:42:25,0.0686,272.7,0.0667,215.9,0.0567,268.11,Safe
2026-04-01 08:42:30,0.3,98.16,0.7658,196.62,0.3,79.69,Danger
2026-04-01 08:42:35,0.2283,84.53,0.2528,67.98,0.2371,75.77,Safe
2026-04-01 08:42:40,0.1766,89.17,0.139,113.55,0.16,85.75,Safe
2026-04-01 08:42:45,0.3879,288.3,1.3138,181.06,0.4488,286.28,Danger
2026-04-01 08:42:50,0.0512,275.47,0.1044,270.59,0.028,246.84,Safe
2026-04-01 08:42:55,0.353,261.37,0.9239,215.2,0.3,283.13,Danger
2026-04-01 08:43:00,0.0941,254.99,0.0862,286.55,0.1125,265.86,Safe
2026-04-01 08:43:05,0.2468,270.7,0.2504,275.55,0.2346,269.55,Safe
2026-04-01 08:43:10,0.2352,86.44,0.1919,57.26,0.2754,104.98,Safe
2026-04-01 08:43:15,1.0056,162.08,1.0998,189.43,1.0837,174.5,Danger
2026-04-01 08:43:20,0.0587,246.55,0.1049,274.34,0.075,263.07,Safe
2026-04-01 08:43:25,0.1241,304.82,0.121,287.15,0.0863,235.35,Safe
2026-04-01 08:43:30,0.4767,99.54,1.5261,179.92,0.3655,98.11,Danger
2026-04-01 08:43:35,0.2701,74.71,0.2614,61.46,0.2945,91.39,Safe
2026-04-01 08:43:40,0.1387,63.28,0.1351,111.14,0.1465,98.63,Safe
2026-04-01 08:43:45,0.3041,95.01,1.0423,172.5,0.3187,100.64,Danger
2026-04-01 08:43:50,0.3393,288.17,0.808,194.75,0.3,265.29,Danger
2026-04-01 08:43:55,0.4998,126.7,1.4176,175.62,0.4245,109.64,Danger
2026-04-01 08:44:00,1.0844,120.66,1.0359,125.22,1.1384,86.43,Danger
2026-04-01 08:44:05,0.3129,277.95,0.8122,183.06,0.3,286.06,Danger
2026-04-01 08:44:10,0.3,263.19,1.2856,157.9,0.3,261.87,Danger
2026-04-01 08:44:15,0.1688,83.6,0.1461,87.44,0.1657,100.17,Safe
2026-04-01 08:44:20,0.0825,135.64,0.0726,102.62,0.1236,74.68,Safe
2026-04-01 08:44:25,0.6264,308.05,0.364,252.89,0.6095,262.25,Danger
2026-04-01 08:44:30,0.2299,244.07,0.2504,284.79,0.2534,264.93,Safe
2026-04-01 08:44:35,0.3,95.17,0.765,146.18,0.3,93.38,Danger
2026-04-01 08:44:40,0.0672,96.46,0.0294,70.76,0.0396,90.0,Safe
2026-04-01 08:44:45,0.3213,265.33,1.0275,161.4,0.3,297.1,Danger
2026-04-01 08:44:50,0.0978,74.37,0.0388,80.31,0.0919,78.36,Safe
2026-04-01 08:44:55,0.1663,49.11,0.1577,92.0,0.1428,100.35,Safe
2026-04-01 08:45:00,0.3,276.97,0.6559,203.76,0.3,234.88,Danger
2026-04-01 08:45:05,0.3,99.87,0.628,207.82,0.3,86.85,Danger
2026-04-01 08:45:10,0.2295,274.98,0.2728,255.32,0.2183,271.64,Safe
2026-04-01 08:45:15,0.4287,288.18,1.4699,202.79,0.4712,295.97,Danger
2026-04-01 08:45:20,0.0801,276.8,0.0702,292.72,0.1197,266.92,Safe
2026-04-01 08:45:25,0.1658,255.8,0.0774,264.66,0.0844,276.46,Safe
2026-04-01 08:45:30,0.203,101.39,0.1513,87.49,0.1625,96.56,Safe
2026-04-01 08:45:35,0.3,260.0,0.8063,184.86,0.3,288.91,Danger
2026-04-01 08:45:40,0.4452,68.63,1.051,167.76,0.3487,129.2,Danger
2026-04-01 08:45:45,0.169,269.78,0.1462,248.68,0.1328,268.97,Safe
2026-04-01 08:45:50,0.3,251.4,1.1717,193.81,0.3944,275.76,Danger
2026-04-01 08:45:55,0.4387,93.13,1.0517,154.68,0.3,81.09,Danger
2026-04-01 08:46:00,0.2511,119.33,0.2192,52.8,0.2305,77.89,Safe
2026-04-01 08:46:05,0.3,305.86,0.9134,188.97,0.3,276.63,Danger
2026-04-01 08:46:10,0.01,321.16,0.0886,259.25,0.0342,276.07,Safe
2026-04-01 08:46:15,0.3,265.12,0.7018,170.58,0.3,266.05,Danger
2026-04-01 08:46:20,0.0663,273.35,0.0818,243.58,0.0768,227.53,Safe
2026-04-01 08:46:25,0.1347,310.38,0.0986,287.66,0.142,268.44,Safe
2026-04-01 08:46:30,0.1624,78.57,0.1538,64.91,0.1516,60.58,Safe
2026-04-01 08:46:35,0.1882,82.79,0.1826,93.08,0.1933,89.15,Safe
2026-04-01 08:46:40,0.3551,260.44,1.2875,177.08,0.325,230.93,Danger
2026-04-01 08:46:45,0.3,260.5,0.5635,193.76,0.3,270.03,Danger
2026-04-01 08:46:50,0.4733,97.31,1.3401,168.72,0.3726,111.59,Danger
2026-04-01 08:46:55,0.056,286.16,0.0289,281.04,0.1419,263.12,Safe
2026-04-01 08:47:00,0.2157,285.15,0.1804,258.6,0.2135,276.59,Safe
2026-04-01 08:47:05,1.0361,271.5,0.9798,208.21,1.1175,271.44,Danger
2026-04-01 08:47:10,0.8572,349.09,0.9842,24.19,1.0829,57.12,Danger
2026-04-01 08:47:15,0.203,66.27,0.1438,85.65,0.2014,86.67,Safe
2026-04-01 08:47:20,0.0556,252.55,0.0732,285.41,0.072,305.05,Safe
2026-04-01 08:47:25,0.3,68.17,0.6889,203.64,0.3,104.04,Danger
2026-04-01 08:47:30,0.2607,62.91,0.2434,123.27,0.2184,96.1,Safe
2026-04-01 08:47:35,0.161,242.66,0.1582,290.62,0.1333,288.63,Safe
2026-04-01 08:47:40,0.3336,263.65,0.8914,175.31,0.3,253.24,Danger
2026-04-01 08:47:45,0.1988,233.14,0.177,279.47,0.1704,268.06,Safe
2026-04-01 08:47:50,0.6491,68.87,0.52,77.53,0.6462,48.19,Danger
2026-04-01 08:47:55,0.1869,87.9,0.1755,86.26,0.2388,57.39,Safe
2026-04-01 08:48:00,0.0437,285.93,0.0717,254.61,0.1101,272.97,Safe
2026-04-01 08:48:05,0.0581,241.9,0.0727,251.28,0.0277,275.26,Safe
2026-04-01 08:48:10,0.226,63.79,0.2132,106.11,0.2519,112.68,Safe
2026-04-01 08:48:15,0.2326,88.66,0.2449,120.57,0.2257,100.16,Safe
2026-04-01 08:48:20,0.0456,101.67,0.0163,29.61,0.0367,93.68,Safe
2026-04-01 08:48:25,0.1651,263.56,0.0943,250.9,0.086,278.47,Safe
2026-04-01 08:48:30,0.3401,89.86,0.8507,193.17,0.3,65.36,Danger
2026-04-01 08:48:35,0.3,119.25,0.9561,192.29,0.3,95.01,Danger
2026-04-01 08:48:40,0.1896,251.19,0.1933,236.13,0.2245,251.99,Safe
2026-04-01 08:48:45,0.3,54.37,0.9186,152.81,0.3,69.35,Danger
2026-04-01 08:48:50,0.3517,108.59,1.1867,184.91,0.3139,91.15,Danger
2026-04-01 08:48:55,0.5042,94.78,1.3679,192.06,0.3266,84.13,Danger
2026-04-01 08:49:00,0.0862,278.3,0.1369,279.18,0.1173,260.95,Safe
2026-04-01 08:49:05,0.9022,206.26,0.6365,238.47,0.8853,214.19,Danger
2026-04-01 08:49:10,0.7907,110.62,0.6944,71.79,0.8854,105.43,Danger
2026-04-01 08:49:15,0.5161,0.8,0.428,75.57,0.4286,26.68,Danger
2026-04-01 08:49:20,0.3695,349.44,0.3,244.56,0.4306,244.67,Danger
2026-04-01 08:49:25,0.1087,242.69,0.075,248.53,0.0586,279.17,Safe
2026-04-01 08:49:30,0.279,114.9,0.2449,97.38,0.2558,93.4,Safe
2026-04-01 08:49:35,0.026,254.03,0.0865,274.61,0.0233,278.65,Safe
2026-04-01 08:49:40,0.4781,84.96,1.5393,204.52,0.4785,107.78,Danger
2026-04-01 08:49:45,0.1724,58.58,0.1929,105.19,0.2179,84.16,Safe
2026-04-01 08:49:50,0.4151,295.27,1.3773,192.51,0.3539,231.64,Danger
2026-04-01 08:49:55,0.1286,268.43,0.1711,234.84,0.1245,264.98,Safe
2026-04-01 08:50:00,0.1163,78.59,0.1498,124.62,0.167,73.3,Safe
2026-04-01 08:50:05,0.2015,102.53,0.1889,58.09,0.2894,49.22,Safe
2026-04-01 08:50:10,0.095,302.49,0.0809,277.15,0.1132,253.25,Safe
2026-04-01 08:50:15,1.1124,219.2,1.112,203.37,1.1179,109.56,Danger
2026-04-01 08:50:20,0.1475,270.67,0.0953,237.79,0.1608,276.54,Safe
2026-04-01 08:50:25,0.8165,56.46,0.804,347.93,0.7605,14.32,Danger
2026-04-01 08:50:30,0.3175,103.44,0.2893,104.48,0.256,66.34,Safe
2026-04-01 08:50:35,0.6737,11.28,0.5621,355.61,0.5461,300.83,Danger
2026-04-01 08:50:40,0.9195,149.08,0.8511,172.3,1.0472,104.1,Danger
2026-04-01 08:50:45,1.3725,264.31,1.1746,252.92,1.3003,184.48,Danger
2026-04-01 08:50:50,0.4462,108.21,1.2885,198.61,0.3334,76.01,Danger
2026-04-01 08:50:55,0.2341,57.35,0.2814,95.43,0.2264,111.14,Safe
2026-04-01 08:51:00,0.3,103.62,1.0267,190.62,0.3,68.48,Danger
2026-04-01 08:51:05,0.18,67.93,0.2365,105.05,0.2333,90.75,Safe
2026-04-01 08:51:10,0.2303,98.14,0.2904,72.07,0.2936,101.47,Safe
2026-04-01 08:51:15,0.362,113.24,1.168,203.73,0.4249,124.02,Danger
2026-04-01 08:51:20,1.3472,1.34,1.0558,17.88,1.2113,30.4,Danger
2026-04-01 08:51:25,0.2877,273.77,0.3018,241.57,0.3131,305.05,Safe
2026-04-01 08:51:30,0.1981,283.64,0.1451,223.92,0.193,277.39,Safe
2026-04-01 08:51:35,0.0963,293.16,0.0898,240.35,0.1177,265.42,Safe
2026-04-01 08:51:40,0.3388,66.83,0.8861,195.34,0.3218,116.85,Danger
2026-04-01 08:51:45,0.0401,282.04,0.1464,289.77,0.1195,276.36,Safe
2026-04-01 08:51:50,0.3806,58.38,1.2815,175.82,0.4198,93.05,Danger
2026-04-01 08:51:55,0.3,300.23,0.8815,191.87,0.3,271.67,Danger
2026-04-01 08:52:00,0.3,104.53,0.6643,176.9,0.3,75.69,Danger
2026-04-01 08:52:05,0.5727,114.43,0.484,131.86,0.7758,155.93,Danger
2026-04-01 08:52:10,0.0268,263.09,0.056,248.18,0.1407,285.89,Safe
2026-04-01 08:52:15,0.2794,263.53,0.2402,283.35,0.2559,311.47,Safe
2026-04-01 08:52:20,0.4575,85.77,1.4385,175.03,0.3028,91.61,Danger
2026-04-01 08:52:25,0.1233,106.22,0.1401,76.26,0.1672,54.41,Safe
2026-04-01 08:52:30,0.1007,105.52,0.1455,31.91,0.1032,101.83,Safe
2026-04-01 08:52:35,0.4083,83.7,1.0323,182.31,0.3078,105.62,Danger
2026-04-01 08:52:40,0.7901,57.51,0.5433,352.57,0.5174,290.63,Danger
2026-04-01 08:52:45,0.8338,3.2,0.8109,77.01,1.0123,63.75,Danger
2026-04-01 08:52:50,0.355,249.07,1.059,167.03,0.3,273.63,Danger
2026-04-01 08:52:55,0.2497,263.7,0.2449,276.28,0.2393,249.77,Safe
2026-04-01 08:53:00,0.5156,84.38,1.3648,185.54,0.3414,81.59,Danger
2026-04-01 08:53:05,0.1614,86.15,0.2003,84.2,0.2451,82.77,Safe
2026-04-01 08:53:10,1.0664,89.13,1.0295,85.43,1.0632,79.36,Danger
2026-04-01 08:53:15,0.2968,97.5,0.3008,69.68,0.2349,82.65,Safe
2026-04-01 08:53:20,1.0243,189.06,1.1579,239.68,1.1595,151.15,Danger
2026-04-01 08:53:25,0.0784,105.53,0.0771,78.31,0.1212,54.65,Safe
2026-04-01 08:53:30,0.439,242.44,1.5122,172.0,0.4318,261.39,Danger
2026-04-01 08:53:35,0.3752,269.47,1.2068,189.84,0.3746,262.32,Danger
2026-04-01 08:53:40,0.1303,301.13,0.0916,282.57,0.0806,247.13,Safe
2026-04-01 08:53:45,0.1169,90.3,0.0771,80.86,0.0924,81.52,Safe
2026-04-01 08:53:50,0.3957,93.49,1.2273,179.97,0.3834,67.29,Danger
2026-04-01 08:53:55,0.1841,270.07,0.2262,262.82,0.1311,271.13,Safe
2026-04-01 08:54:00,0.2347,83.81,0.2636,122.0,0.306,106.53,Safe
2026-04-01 08:54:05,0.3,68.3,1.0558,187.82,0.3067,94.85,Danger
2026-04-01 08:54:10,0.3972,264.97,1.3883,194.66,0.4507,273.59,Danger
2026-04-01 08:54:15,0.2306,263.29,0.1913,246.13,0.2673,288.38,Safe
2026-04-01 08:54:20,0.3445,268.15,1.157,203.73,0.3012,294.24,Danger
2026-04-01 08:54:25,1.1798,135.48,1.2155,15.03,1.1112,157.34,Danger
2026-04-01 08:54:30,0.3,261.72,0.7415,141.44,0.3,262.49,Danger
2026-04-01 08:54:35,0.3,73.92,1.0228,173.25,0.3246,74.42,Danger
2026-04-01 08:54:40,0.1532,290.23,0.1155,262.72,0.1267,294.31,Safe
2026-04-01 08:54:45,1.2413,331.33,1.0436,300.51,1.2244,288.24,Danger
2026-04-01 08:54:50,0.21,92.96,0.2105,84.67,0.2143,70.4,Safe
2026-04-01 08:54:55,0.3,91.85,0.5725,182.63,0.3,113.45,Danger
2026-04-01 08:55:00,0.0789,278.2,0.0311,247.94,0.1174,286.41,Safe
2026-04-01 08:55:05,0.4103,86.85,1.5075,162.13,0.4077,72.65,Danger
2026-04-01 08:55:10,0.3,110.62,0.5753,189.96,0.3,94.45,Danger
2026-04-01 08:55:15,0.1597,91.54,0.15,97.71,0.1826,115.63,Safe
2026-04-01 08:55:20,0.0881,101.08,0.057,116.64,0.0554,94.53,Safe
2026-04-01 08:55:25,0.639,192.85,0.8566,211.21,0.5746,244.89,Danger
2026-04-01 08:55:30,0.3658,79.53,1.2916,154.14,0.4932,101.72,Danger
2026-04-01 08:55:35,0.2051,117.02,0.2078,112.37,0.2952,100.99,Safe
2026-04-01 08:55:40,0.4621,54.9,1.3899,183.31,0.4857,75.54,Danger
2026-04-01 08:55:45,0.3,243.36,0.68,180.21,0.3,259.9,Danger
2026-04-01 08:55:50,0.3,271.98,0.6011,197.58,0.3,279.96,Danger
2026-04-01 08:55:55,0.7604,121.91,1.1148,178.74,0.9975,98.34,Danger
2026-04-01 08:56:00,0.2473,257.57,0.2606,237.53,0.198,262.6,Safe
2026-04-01 08:56:05,1.0019,312.57,0.9525,292.7,1.0081,187.1,Danger
2026-04-01 08:56:10,0.1689,73.71,0.1738,93.13,0.0945,81.62,Safe
2026-04-01 08:56:15,0.3,113.66,0.928,191.19,0.3381,105.33,Danger
2026-04-01 08:56:20,0.1929,102.82,0.2294,60.74,0.2556,98.63,Safe
2026-04-01 08:56:25,0.0238,71.98,0.0737,116.31,0.1213,87.1,Safe
2026-04-01 08:56:30,0.3,301.62,0.947,191.17,0.3,267.59,Danger
2026-04-01 08:56:35,0.2444,94.01,0.2389,77.34,0.2985,125.34,Safe
2026-04-01 08:56:40,0.9802,262.25,1.1278,222.08,1.1072,303.3,Danger
2026-04-01 08:56:45,0.3866,92.66,1.1416,172.35,0.3982,66.5,Danger
2026-04-01 08:56:50,0.4405,270.94,1.2157,178.25,0.3451,278.69,Danger
2026-04-01 08:56:55,0.0544,291.1,0.0658,244.68,0.0855,305.08,Safe
2026-04-01 08:57:00,0.0209,266.09,0.0806,274.3,0.0411,241.38,Safe
2026-04-01 08:57:05,0.3,110.07,0.7784,210.65,0.3,102.15,Danger
2026-04-01 08:57:10,0.2636,267.38,0.1984,264.36,0.226,291.02,Safe
2026-04-01 08:57:15,0.3,64.9,0.8514,179.04,0.3,65.75,Danger
2026-04-01 08:57:20,0.6563,335.39,0.4533,266.36,0.512,298.16,Danger
2026-04-01 08:57:25,0.2272,264.49,0.2664,265.38,0.2246,269.07,Safe
2026-04-01 08:57:30,0.9904,294.82,1.0449,33.1,1.1219,329.55,Danger
2026-04-01 08:57:35,0.3438,265.78,1.1181,191.6,0.3,261.53,Danger
2026-04-01 08:57:40,0.1899,294.79,0.2886,278.15,0.2566,281.62,Safe
2026-04-01 08:57:45,0.3,288.71,0.9633,207.46,0.3631,279.86,Danger
2026-04-01 08:57:50,0.3164,73.62,1.1225,187.02,0.3624,94.36,Danger
2026-04-01 08:57:55,0.3126,225.33,0.4292,280.43,0.669,220.84,Danger
2026-04-01 08:58:00,0.3,250.36,0.9416,187.77,0.3007,256.54,Danger
2026-04-01 08:58:05,0.3,275.08,1.0005,195.3,0.3,279.69,Danger
2026-04-01 08:58:10,0.3943,84.57,1.2337,178.43,0.5198,62.11,Danger
2026-04-01 08:58:15,0.2801,80.84,0.2264,94.63,0.2116,94.97,Safe
2026-04-01 08:58:20,0.1181,277.25,0.1527,233.64,0.1135,285.19,Safe
2026-04-01 08:58:25,0.7978,80.56,0.5489,135.71,0.759,121.88,Danger
2026-04-01 08:58:30,0.2066,103.33,0.2013,97.45,0.1685,74.2,Safe
2026-04-01 08:58:35,0.3,254.37,0.4548,176.22,0.3,279.09,Danger
2026-04-01 08:58:40,0.2177,104.69,0.2169,106.37,0.2246,92.68,Safe
2026-04-01 08:58:45,0.3,77.85,0.475,208.96,0.3,110.52,Danger
2026-04-01 08:58:50,0.0341,276.5,0.0906,285.18,0.1553,275.62,Safe
2026-04-01 08:58:55,0.1146,260.24,0.0994,287.17,0.1446,273.03,Safe
2026-04-01 08:59:00,0.0434,46.76,0.0781,88.72,0.0731,78.19,Safe
2026-04-01 08:59:05,1.3087,146.61,1.2108,190.86,1.2163,148.52,Danger
2026-04-01 08:59:10,0.3,263.49,1.0352,172.47,0.3,278.8,Danger
2026-04-01 08:59:15,0.01,267.25,0.0591,278.74,0.0867,286.02,Safe
2026-04-01 08:59:20,0.1608,52.64,0.2232,77.02,0.1698,106.64,Safe
2026-04-01 08:59:25,0.1024,96.91,0.1469,67.86,0.0834,89.68,Safe
2026-04-01 08:59:30,0.3,268.36,1.0495,173.44,0.3381,264.96,Danger
2026-04-01 08:59:35,0.1298,284.73,0.11,252.2,0.2106,250.78,Safe
2026-04-01 08:59:40,0.3,85.98,1.0167,169.19,0.3,53.46,Danger
2026-04-01 08:59:45,0.2867,239.55,0.2513,246.72,0.2776,262.84,Safe
2026-04-01 08:59:50,0.2628,236.79,0.2448,303.07,0.1969,282.46,Safe
2026-04-01 08:59:55,0.0803,85.66,0.0925,63.44,0.0711,89.46,Safe
2026-04-01 09:00:00,0.1384,261.05,0.1578,274.92,0.1548,267.15,Safe
2026-04-01 09:00:05,0.365,109.06,1.2326,140.46,0.324,72.21,Danger
2026-04-01 09:00:10,0.3,290.63,0.8904,188.81,0.3,271.21,Danger
2026-04-01 09:00:15,0.1318,68.74,0.1467,64.05,0.0929,74.84,Safe
2026-04-01 09:00:20,0.2811,264.74,0.2623,288.58,0.237,274.5,Safe
2026-04-01 09:00:25,0.2484,103.43,0.2847,78.27,0.1972,74.98,Safe
2026-04-01 09:00:30,0.2327,105.03,0.219,68.21,0.2322,122.62,Safe
2026-04-01 09:00:35,0.3172,72.6,1.0707,186.51,0.3,79.38,Danger
2026-04-01 09:00:40,1.3856,73.66,1.1585,338.5,1.2114,18.64,Danger
2026-04-01 09:00:45,0.1306,235.19,0.1229,283.6,0.153,266.02,Safe
2026-04-01 09:00:50,0.3243,112.41,0.8619,162.91,0.3,77.49,Danger
2026-04-01 09:00:55,0.4663,83.14,1.5328,192.27,0.51,84.12,Danger
2026-04-01 09:01:00,0.1108,264.82,0.1308,265.51,0.1333,258.12,Safe
2026-04-01 09:01:05,0.3,82.15,0.7153,175.61,0.3,100.55,Danger
2026-04-01 09:01:10,0.2014,263.69,0.1739,290.8,0.1633,249.62,Safe
2026-04-01 09:01:15,0.7838,26.87,0.9668,352.97,0.7522,26.06,Danger
2026-04-01 09:01:20,0.1765,81.64,0.132,69.11,0.0931,85.55,Safe
2026-04-01 09:01:25,0.2832,240.77,0.244,309.53,0.259,238.72,Safe
2026-04-01 09:01:30,0.2605,83.09,0.1612,68.91,0.1049,88.66,Safe
2026-04-01 09:01:35,0.4085,260.96,1.4713,161.68,0.4444,250.23,Danger
2026-04-01 09:01:40,0.1767,95.1,0.2068,96.4,0.2136,61.86,Safe
2026-04-01 09:01:45,0.1363,91.27,0.1354,117.64,0.1724,91.2,Safe
2026-04-01 09:01:50,0.0646,222.17,0.0705,264.93,0.09,245.71,Safe
2026-04-01 09:01:55,0.2175,288.62,0.225,260.59,0.1816,299.97,Safe
2026-04-01 09:02:00,0.3,291.22,0.6898,193.16,0.3,278.77,Danger
2026-04-01 09:02:05,0.1527,114.56,0.1614,63.06,0.1774,70.57,Safe
2026-04-01 09:02:10,0.3,104.53,0.5921,183.27,0.3,110.14,Danger
2026-04-01 09:02:15,1.1281,245.39,1.1112,271.27,1.0156,287.91,Danger
2026-04-01 09:02:20,0.617,321.52,0.4224,334.86,0.6163,42.94,Danger
2026-04-01 09:02:25,0.0662,66.19,0.0514,53.28,0.0405,100.16,Safe
2026-04-01 09:02:30,1.0653,296.53,1.075,274.83,1.0237,265.84,Danger
2026-04-01 09:02:35,0.2613,104.49,0.2761,92.84,0.3177,79.98,Safe
2026-04-01 09:02:40,0.1068,52.62,0.0772,121.86,0.0969,119.3,Safe
2026-04-01 09:02:45,0.7389,171.75,0.7908,223.55,0.5814,180.95,Danger
2026-04-01 09:02:50,0.1067,70.69,0.0898,98.94,0.0923,103.31,Safe
2026-04-01 09:02:55,0.3231,284.7,0.7866,174.21,0.3,268.91,Danger
2026-04-01 09:03:00,0.1085,89.24,0.1069,50.46,0.0986,111.68,Safe
2026-04-01 09:03:05,0.246,286.89,0.2021,293.8,0.1869,237.99,Safe
2026-04-01 09:03:10,0.432,91.64,1.1723,214.28,0.3248,133.47,Danger
2026-04-01 09:03:15,0.0237,96.74,0.1253,78.95,0.105,68.06,Safe
2026-04-01 09:03:20,0.1396,61.54,0.1485,123.94,0.1111,129.8,Safe
2026-04-01 09:03:25,0.5657,251.7,1.6618,193.03,0.4686,260.11,Danger
2026-04-01 09:03:30,0.2102,257.66,0.2201,255.16,0.2165,295.83,Safe
2026-04-01 09:03:35,0.7081,188.24,0.7336,199.4,0.8709,228.61,Danger
2026-04-01 09:03:40,0.7133,332.95,1.0539,320.53,0.8835,0.06,Danger
2026-04-01 09:03:45,0.01,91.58,0.0158,82.67,0.0304,116.22,Safe
2026-04-01 09:03:50,0.5931,358.76,0.3565,278.31,0.4854,291.38,Danger
2026-04-01 09:03:55,0.3,75.43,0.5505,178.48,0.3,103.19,Danger
2026-04-01 09:04:00,0.4536,88.44,1.3478,162.88,0.3521,68.93,Danger
2026-04-01 09:04:05,0.3,61.81,0.8208,173.96,0.3,79.86,Danger
2026-04-01 09:04:10,0.3,268.42,0.9436,161.73,0.3,272.83,Danger
2026-04-01 09:04:15,0.2127,218.93,0.1843,269.24,0.1662,254.57,Safe
2026-04-01 09:04:20,0.3,77.86,0.7414,168.51,0.3,67.03,Danger
2026-04-01 09:04:25,0.0626,65.15,0.0381,112.95,0.0673,51.7,Safe
2026-04-01 09:04:30,0.2162,260.63,0.2465,302.25,0.2202,296.3,Safe
2026-04-01 09:04:35,0.0727,81.4,0.0703,74.3,0.0785,125.45,Safe
2026-04-01 09:04:40,0.1659,268.84,0.1821,257.32,0.2044,266.16,Safe
2026-04-01 09:04:45,0.424,285.51,1.469,212.91,0.4748,251.13,Danger
2026-04-01 09:04:50,0.2089,66.87,0.2185,68.07,0.1662,111.89,Safe
2026-04-01 09:04:55,0.279,278.72,0.2419,309.85,0.2806,254.67,Safe
2026-04-01 09:05:00,0.075,278.64,0.0688,273.61,0.034,272.9,Safe
2026-04-01 09:05:05,0.3525,232.31,1.4829,184.23,0.4036,301.6,Danger
2026-04-01 09:05:10,0.6369,42.44,0.6053,88.19,0.4973,96.54,Danger
2026-04-01 09:05:15,0.1154,267.8,0.1499,284.37,0.1475,266.85,Safe
2026-04-01 09:05:20,0.1663,109.91,0.1412,54.26,0.1903,147.83,Safe
2026-04-01 09:05:25,0.2128,270.02,0.1849,259.48,0.2319,285.52,Safe
2026-04-01 09:05:30,0.3276,66.54,1.0439,188.52,0.3909,122.43,Danger
2026-04-01 09:05:35,0.3683,254.86,1.1793,165.96,0.3349,253.81,Danger
2026-04-01 09:05:40,0.3717,80.77,1.3346,180.03,0.3356,85.71,Danger
2026-04-01 09:05:45,0.3,267.79,0.8785,153.5,0.3157,277.97,Danger
2026-04-01 09:05:50,0.3,280.74,0.7,180.09,0.3,263.03,Danger
2026-04-01 09:05:55,0.1636,63.37,0.1755,114.37,0.213,92.44,Safe
2026-04-01 09:06:00,0.1658,70.85,0.2177,86.56,0.1895,86.61,Safe
2026-04-01 09:06:05,0.1708,248.95,0.1962,296.61,0.1045,296.42,Safe
2026-04-01 09:06:10,0.2191,302.59,0.2001,287.92,0.1661,263.29,Safe
2026-04-01 09:06:15,0.3468,235.32,1.0555,151.64,0.3585,254.27,Danger
2026-04-01 09:06:20,0.3,265.24,1.0598,176.55,0.3,237.36,Danger
2026-04-01 09:06:25,0.1685,74.73,0.2033,54.76,0.1437,109.86,Safe
2026-04-01 09:06:30,0.4688,92.64,1.4885,173.75,0.4418,92.27,Danger
2026-04-01 09:06:35,0.3,114.95,0.7227,194.3,0.3,82.66,Danger
2026-04-01 09:06:40,0.097,235.0,0.1185,254.0,0.0757,231.84,Safe
2026-04-01 09:06:45,0.541,257.0,1.5507,177.75,0.4906,277.26,Danger
2026-04-01 09:06:50,0.3,297.1,0.5276,185.93,0.3,235.49,Danger
2026-04-01 09:06:55,0.2237,130.71,0.1904,73.81,0.2325,98.48,Safe
2026-04-01 09:07:00,0.2912,272.13,0.1787,273.48,0.2485,252.98,Safe
2026-04-01 09:07:05,0.3515,263.62,1.0232,169.27,0.3,275.04,Danger
2026-04-01 09:07:10,0.3,270.36,0.9039,202.84,0.367,278.75,Danger
2026-04-01 09:07:15,0.223,68.9,0.2568,67.94,0.1618,97.18,Safe
2026-04-01 09:07:20,0.1282,292.6,0.1353,300.4,0.1065,227.28,Safe
2026-04-01 09:07:25,0.2269,253.59,0.2372,248.57,0.2567,270.12,Safe
2026-04-01 09:07:30,0.257,89.85,0.2191,98.07,0.1787,74.57,Safe
2026-04-01 09:07:35,0.3457,113.11,0.8893,168.42,0.3355,100.98,Danger
2026-04-01 09:07:40,0.3,53.61,1.1495,169.09,0.3727,63.81,Danger
2026-04-01 09:07:45,0.2083,240.9,0.1331,290.79,0.1507,252.96,Safe
2026-04-01 09:07:50,0.2656,89.05,0.2533,60.82,0.2643,94.7,Safe
2026-04-01 09:07:55,1.2923,113.36,1.2984,58.75,1.3398,27.41,Danger
2026-04-01 09:08:00,0.3,286.7,0.6146,187.39,0.3,237.27,Danger
2026-04-01 09:08:05,0.065,94.5,0.0439,120.32,0.1076,96.25,Safe
2026-04-01 09:08:10,0.3,90.22,0.6092,221.66,0.3,92.65,Danger
2026-04-01 09:08:15,0.1129,123.0,0.1387,103.95,0.079,73.28,Safe
2026-04-01 09:08:20,0.3,83.57,0.6594,168.79,0.3,79.32,Danger
2026-04-01 09:08:25,0.1268,285.27,0.0945,267.46,0.0966,253.48,Safe
2026-04-01 09:08:30,0.3,264.04,0.6483,154.96,0.3,301.26,Danger
2026-04-01 09:08:35,0.1331,67.52,0.0738,105.31,0.0667,86.16,Safe
2026-04-01 09:08:40,0.4096,243.03,1.3368,184.46,0.3981,288.77,Danger
2026-04-01 09:08:45,0.3195,101.72,1.1064,176.57,0.3578,93.35,Danger
2026-04-01 09:08:50,0.3,97.5,0.8804,166.92,0.3,76.74,Danger
2026-04-01 09:08:55,0.1588,267.29,0.1894,298.4,0.1764,310.61,Safe
2026-04-01 09:09:00,0.2484,233.69,0.2382,247.09,0.2117,278.65,Safe
2026-04-01 09:09:05,0.1667,94.5,0.186,112.03,0.1819,99.84,Safe
2026-04-01 09:09:10,0.5078,59.5,1.488,171.98,0.4041,101.94,Danger
2026-04-01 09:09:15,0.0858,127.61,0.1289,94.27,0.1062,85.93,Safe
2026-04-01 09:09:20,0.0524,95.48,0.1417,84.4,0.1096,80.18,Safe
2026-04-01 09:09:25,0.2974,76.09,0.2893,97.96,0.3097,123.05,Safe
2026-04-01 09:09:30,0.1893,117.25,0.2201,133.7,0.2022,76.27,Safe
2026-04-01 09:09:35,0.0655,85.32,0.0525,68.47,0.016,94.43,Safe
2026-04-01 09:09:40,0.051,274.47,0.0914,254.54,0.1098,262.98,Safe
2026-04-01 09:09:45,0.3,316.34,0.6495,149.85,0.3,259.02,Danger
2026-04-01 09:09:50,0.3,79.05,0.9304,210.95,0.3,84.43,Danger
2026-04-01 09:09:55,0.3606,260.44,0.8232,176.0,0.3054,259.22,Danger
2026-04-01 09:10:00,0.3,251.53,0.7327,168.78,0.3,289.78,Danger
2026-04-01 09:10:05,0.3,225.86,0.8223,164.01,0.3,265.99,Danger
2026-04-01 09:10:10,0.3681,295.43,0.9039,176.95,0.3,274.75,Danger
2026-04-01 09:10:15,0.3806,96.07,1.0686,170.36,0.3625,84.61,Danger
2026-04-01 09:10:20,0.1143,93.58,0.1186,112.68,0.1709,86.96,Safe
2026-04-01 09:10:25,0.1655,288.41,0.1697,295.74,0.102,245.8,Safe
2026-04-01 09:10:30,0.3715,89.05,1.0578,183.76,0.3346,54.87,Danger
2026-04-01 09:10:35,0.1231,258.19,0.1156,255.97,0.1692,291.71,Safe
2026-04-01 09:10:40,0.6622,79.39,0.6548,99.81,0.7803,149.51,Danger
2026-04-01 09:10:45,0.0857,253.63,0.1235,279.08,0.0692,305.11,Safe
2026-04-01 09:10:50,0.4711,91.25,1.5149,161.81,0.535,29.8,Danger
2026-04-01 09:10:55,1.0712,123.66,1.0098,107.57,1.1985,209.31,Danger
2026-04-01 09:11:00,1.2211,343.02,1.2537,277.83,1.272,21.25,Danger
2026-04-01 09:11:05,0.3333,271.61,1.2479,192.42,0.3,283.37,Danger
2026-04-01 09:11:10,0.0874,92.74,0.0568,82.57,0.0482,54.48,Safe
2026-04-01 09:11:15,0.2043,289.5,0.1848,256.5,0.1822,267.11,Safe
2026-04-01 09:11:20,0.0847,262.27,0.0719,270.75,0.0969,251.92,Safe
2026-04-01 09:11:25,0.3,288.33,0.9945,222.4,0.3651,297.2,Danger
2026-04-01 09:11:30,0.4798,342.53,0.4206,34.4,0.5378,40.47,Danger
2026-04-01 09:11:35,0.3331,88.01,1.1852,184.76,0.3454,112.92,Danger
2026-04-01 09:11:40,0.3,278.16,0.5494,197.31,0.3,274.38,Danger
2026-04-01 09:11:45,0.0136,263.75,0.0197,279.48,0.0249,255.59,Safe
2026-04-01 09:11:50,0.2283,105.43,0.2579,112.1,0.1513,82.38,Safe
2026-04-01 09:11:55,0.1667,264.15,0.2168,306.5,0.1706,271.02,Safe
2026-04-01 09:12:00,0.1129,120.2,0.0811,118.84,0.1359,91.35,Safe
2026-04-01 09:12:05,1.2179,316.87,1.1487,29.04,1.2002,323.27,Danger
2026-04-01 09:12:10,0.2704,265.66,0.292,282.12,0.2728,263.27,Safe
2026-04-01 09:12:15,1.0062,192.96,1.017,194.59,0.8536,148.94,Danger
2026-04-01 09:12:20,0.3753,81.08,0.9137,169.02,0.3188,146.21,Danger
2026-04-01 09:12:25,1.2037,210.65,1.1977,121.27,1.0191,134.21,Danger
2026-04-01 09:12:30,0.0763,87.88,0.0723,86.83,0.0697,89.48,Safe
2026-04-01 09:12:35,0.1612,75.99,0.1501,86.57,0.1746,86.56,Safe
2026-04-01 09:12:40,0.168,105.21,0.1603,137.8,0.1544,77.91,Safe
2026-04-01 09:12:45,0.3,283.88,0.4571,212.99,0.3,233.43,Danger
2026-04-01 09:12:50,0.281,272.81,0.2901,246.58,0.2627,315.48,Safe
2026-04-01 09:12:55,0.1613,124.06,0.1636,41.46,0.1967,72.59,Safe
2026-04-01 09:13:00,0.1903,260.91,0.1848,298.68,0.1928,252.27,Safe
2026-04-01 09:13:05,0.9091,303.93,0.6819,218.05,1.0058,241.87,Danger
2026-04-01 09:13:10,0.1596,252.12,0.1207,301.18,0.1429,281.03,Safe
2026-04-01 09:13:15,0.0991,102.47,0.1253,105.62,0.1079,95.37,Safe
2026-04-01 09:13:20,0.4746,170.94,0.7923,126.67,0.6153,223.14,Danger
2026-04-01 09:13:25,0.3282,39.14,0.6266,175.53,0.3,99.06,Danger
2026-04-01 09:13:30,0.0874,273.53,0.11,275.83,0.0991,274.28,Safe
2026-04-01 09:13:35,0.3,108.78,1.0076,165.51,0.365,73.76,Danger
2026-04-01 09:13:40,0.1113,270.03,0.0814,253.61,0.1251,286.87,Safe
2026-04-01 09:13:45,0.3006,290.6,0.9079,180.94,0.3,262.49,Danger
2026-04-01 09:13:50,0.531,107.83,1.2904,174.14,0.3964,116.62,Danger
2026-04-01 09:13:55,0.3,82.99,0.5264,174.81,0.3,116.61,Danger
2026-04-01 09:14:00,0.1388,112.03,0.1727,83.94,0.1445,89.32,Safe
2026-04-01 09:14:05,0.889,246.11,0.6702,191.54,0.7866,237.49,Danger
2026-04-01 09:14:10,0.2288,60.41,0.2604,63.31,0.2544,101.89,Safe
2026-04-01 09:14:15,1.1938,178.54,1.0504,185.82,1.3002,136.55,Danger
2026-04-01 09:14:20,0.1992,271.74,0.2036,283.57,0.1487,262.58,Safe
2026-04-01 09:14:25,0.1147,84.34,0.0451,55.03,0.0664,129.62,Safe
2026-04-01 09:14:30,0.3,266.95,0.7467,193.33,0.3,268.23,Danger
2026-04-01 09:14:35,0.3834,114.1,1.0174,161.18,0.3334,76.69,Danger
2026-04-01 09:14:40,0.0626,96.06,0.0898,104.92,0.0677,92.34,Safe
2026-04-01 09:14:45,0.6423,344.8,0.7132,273.57,0.485,18.21,Danger
2026-04-01 09:14:50,0.0945,63.32,0.049,108.98,0.0812,76.76,Safe
2026-04-01 09:14:55,0.1476,107.86,0.2439,131.21,0.2365,125.11,Safe
2026-04-01 09:15:00,0.0985,86.71,0.1671,94.54,0.1156,83.52,Safe
2026-04-01 09:15:05,0.0744,83.47,0.1341,112.51,0.1322,66.02,Safe
2026-04-01 09:15:10,0.7466,326.0,0.7134,267.4,0.5371,188.62,Danger
2026-04-01 09:15:15,0.1256,252.41,0.1864,263.95,0.1749,269.91,Safe
2026-04-01 09:15:20,0.3,63.11,0.9537,189.08,0.314,81.57,Danger
2026-04-01 09:15:25,0.1713,302.4,0.1358,272.79,0.1603,271.3,Safe
2026-04-01 09:15:30,0.0804,277.0,0.1049,251.17,0.064,228.21,Safe
2026-04-01 09:15:35,0.1182,268.79,0.1114,266.24,0.1163,262.95,Safe
2026-04-01 09:15:40,0.0835,80.45,0.0929,93.72,0.1014,106.52,Safe
2026-04-01 09:15:45,0.0741,96.29,0.0232,58.35,0.0664,106.34,Safe
2026-04-01 09:15:50,0.9081,284.4,0.9969,288.51,1.0592,341.37,Danger
2026-04-01 09:15:55,0.4214,196.98,0.3979,93.81,0.4541,164.67,Danger
2026-04-01 09:16:00,0.89,208.62,0.9926,324.07,0.8357,239.01,Danger
2026-04-01 09:16:05,0.2164,261.12,0.2228,270.4,0.232,262.0,Safe
2026-04-01 09:16:10,0.2454,50.89,0.245,56.69,0.3024,84.17,Safe
2026-04-01 09:16:15,0.2546,228.93,0.2569,261.09,0.2156,251.42,Safe
2026-04-01 09:16:20,0.4379,87.38,1.6111,180.08,0.3979,74.82,Danger
2026-04-01 09:16:25,0.3918,270.61,1.0172,167.75,0.3,280.42,Danger
2026-04-01 09:16:30,0.0886,309.76,0.0646,263.3,0.1329,304.55,Safe
2026-04-01 09:16:35,0.2284,272.94,0.1592,287.57,0.284,265.21,Safe
2026-04-01 09:16:40,0.5921,268.12,0.8081,185.3,0.5958,231.21,Danger
2026-04-01 09:16:45,0.2228,130.67,0.2298,41.52,0.2759,107.68,Safe
2026-04-01 09:16:50,0.8175,306.79,0.473,312.79,0.5961,300.76,Danger
2026-04-01 09:16:55,0.2528,292.02,0.1869,298.52,0.2227,296.16,Safe
2026-04-01 09:17:00,0.3204,269.11,0.7075,173.05,0.3,287.15,Danger
2026-04-01 09:17:05,0.1075,83.68,0.1554,84.46,0.108,99.97,Safe
2026-04-01 09:17:10,0.2282,269.57,0.2021,252.66,0.1583,269.41,Safe
2026-04-01 09:17:15,0.9276,28.73,1.1044,54.9,1.0204,42.48,Danger
2026-04-01 09:17:20,0.148,69.99,0.1364,42.65,0.1199,97.08,Safe
2026-04-01 09:17:25,0.3668,258.46,0.929,188.23,0.3,262.12,Danger
2026-04-01 09:17:30,0.233,251.19,0.1981,294.89,0.2266,272.64,Safe
2026-04-01 09:17:35,0.0325,278.8,0.0548,294.85,0.0305,264.87,Safe
2026-04-01 09:17:40,0.3362,100.14,0.8792,186.29,0.3,87.49,Danger
2026-04-01 09:17:45,1.157,44.32,1.0887,69.66,1.1242,316.17,Danger
2026-04-01 09:17:50,0.4884,250.04,1.6191,158.36,0.4141,295.39,Danger
2026-04-01 09:17:55,0.416,233.16,1.6056,161.59,0.4749,274.38,Danger
2026-04-01 09:18:00,0.4377,285.98,1.2167,178.62,0.3327,281.03,Danger
2026-04-01 09:18:05,0.045,286.99,0.091,262.27,0.0445,252.34,Safe
2026-04-01 09:18:10,0.6653,183.5,0.7678,196.08,0.6943,186.11,Danger
2026-04-01 09:18:15,0.079,252.2,0.0586,263.89,0.1007,265.9,Safe
2026-04-01 09:18:20,0.3,93.73,0.8788,163.42,0.3378,107.18,Danger
2026-04-01 09:18:25,0.1298,80.23,0.1224,111.07,0.1081,75.53,Safe
2026-04-01 09:18:30,0.0465,281.09,0.0752,302.85,0.0754,250.81,Safe
2026-04-01 09:18:35,0.1002,92.41,0.1073,92.88,0.1171,88.31,Safe
2026-04-01 09:18:40,0.195,103.01,0.2564,82.41,0.2395,67.23,Safe
2026-04-01 09:18:45,0.0646,266.07,0.0899,274.65,0.071,299.94,Safe
2026-04-01 09:18:50,0.1735,122.77,0.1469,81.01,0.1653,124.64,Safe
2026-04-01 09:18:55,0.8689,7.89,0.7086,15.88,0.7887,2.93,Danger
2026-04-01 09:19:00,1.1924,80.99,1.1986,198.11,1.3195,145.84,Danger
2026-04-01 09:19:05,0.2576,113.81,0.2109,67.53,0.3068,78.46,Safe
2026-04-01 09:19:10,0.3,90.77,0.8951,181.13,0.3,99.78,Danger
2026-04-01 09:19:15,0.3,254.59,0.7612,182.06,0.3,298.11,Danger
2026-04-01 09:19:20,0.2699,257.76,0.2818,267.92,0.2428,285.6,Safe
2026-04-01 09:19:25,0.3,250.32,0.96,172.03,0.3344,318.52,Danger
2026-04-01 09:19:30,0.124,94.33,0.1773,95.5,0.1774,79.2,Safe
2026-04-01 09:19:35,0.0748,69.92,0.0479,100.85,0.0539,69.22,Safe
2026-04-01 09:19:40,0.4465,93.26,1.5959,158.45,0.4903,101.0,Danger
2026-04-01 09:19:45,0.3,287.34,0.7027,172.29,0.3,264.44,Danger
2026-04-01 09:19:50,0.1074,86.4,0.0999,78.07,0.0892,84.02,Safe
2026-04-01 09:19:55,0.3026,78.9,0.9014,177.67,0.3,97.14,Danger
2026-04-01 09:20:00,0.2158,303.22,0.2025,280.12,0.1528,280.57,Safe
2026-04-01 09:20:05,0.1361,293.06,0.09,248.95,0.0954,275.98,Safe
2026-04-01 09:20:10,0.1151,86.17,0.0651,66.52,0.0942,74.23,Safe
2026-04-01 09:20:15,1.433,138.49,1.2402,54.65,1.0804,74.79,Danger
2026-04-01 09:20:20,0.6302,81.42,0.748,48.81,0.6664,47.18,Danger
2026-04-01 09:20:25,0.2497,273.16,0.2468,241.56,0.2548,253.49,Safe
2026-04-01 09:20:30,0.6927,56.57,1.0409,97.38,0.8651,144.58,Danger
2026-04-01 09:20:35,0.2128,57.88,0.1948,85.68,0.1499,108.75,Safe
2026-04-01 09:20:40,0.2536,243.66,0.292,241.17,0.2529,261.17,Safe
2026-04-01 09:20:45,0.2347,100.84,0.2416,65.62,0.2183,126.53,Safe
2026-04-01 09:20:50,0.4617,102.44,1.1088,197.26,0.3,91.64,Danger
2026-04-01 09:20:55,0.3372,266.58,0.9527,163.17,0.3,283.94,Danger
2026-04-01 09:21:00,0.2298,61.54,0.2201,112.79,0.267,98.36,Safe
2026-04-01 09:21:05,0.2442,231.99,0.3087,260.19,0.257,235.7,Safe
2026-04-01 09:21:10,0.3,49.93,0.7603,168.8,0.3,44.92,Danger
2026-04-01 09:21:15,0.3,89.88,0.4754,202.07,0.3,77.95,Danger
2026-04-01 09:21:20,0.394,110.5,1.2442,201.49,0.3919,55.86,Danger
2026-04-01 09:21:25,0.3,270.62,0.4308,186.83,0.3,306.45,Danger
2026-04-01 09:21:30,0.8698,200.56,0.9307,182.38,0.9112,211.98,Danger
2026-04-01 09:21:35,0.0746,278.54,0.0658,282.58,0.0721,263.7,Safe
2026-04-01 09:21:40,0.0898,264.92,0.1004,302.59,0.0376,267.71,Safe
2026-04-01 09:21:45,0.9508,152.12,0.7487,158.94,0.7582,144.31,Danger
2026-04-01 09:21:50,0.3775,309.17,1.1464,172.07,0.3825,250.39,Danger
2026-04-01 09:21:55,0.01,83.49,0.0727,72.27,0.0667,103.79,Safe
2026-04-01 09:22:00,0.9543,297.2,0.9503,16.65,0.8799,91.88,Danger
2026-04-01 09:22:05,0.3,87.18,0.9848,189.44,0.321,89.87,Danger
2026-04-01 09:22:10,0.5484,87.4,1.6411,167.48,0.3691,87.41,Danger
2026-04-01 09:22:15,0.1495,248.61,0.1834,250.27,0.1818,287.03,Safe
2026-04-01 09:22:20,0.1477,256.73,0.1108,271.74,0.1497,249.28,Safe
2026-04-01 09:22:25,0.376,237.57,1.1903,189.77,0.439,235.45,Danger
2026-04-01 09:22:30,0.3,275.51,0.6025,184.01,0.3,258.9,Danger
2026-04-01 09:22:35,0.1977,282.76,0.2419,281.81,0.1937,292.17,Safe
2026-04-01 09:22:40,0.4406,99.66,1.4003,183.04,0.4218,64.54,Danger
2026-04-01 09:22:45,0.3532,226.81,1.185,175.1,0.4244,268.76,Danger
2026-04-01 09:22:50,0.5493,104.37,0.5035,58.64,0.3975,16.75,Danger
2026-04-01 09:22:55,0.0758,262.3,0.1049,272.83,0.0761,256.71,Safe
2026-04-01 09:23:00,0.0935,274.31,0.0253,261.34,0.1123,276.29,Safe
2026-04-01 09:23:05,0.1556,230.22,0.1438,296.08,0.0823,249.06,Safe
2026-04-01 09:23:10,0.0284,96.35,0.05,85.29,0.0417,98.68,Safe
2026-04-01 09:23:15,0.057,74.14,0.1191,126.21,0.0596,97.99,Safe
2026-04-01 09:23:20,0.59,78.61,0.9213,108.91,0.7293,36.4,Danger
2026-04-01 09:23:25,0.0638,236.6,0.0743,237.57,0.0902,278.67,Safe
2026-04-01 09:23:30,0.2376,87.82,0.1958,87.19,0.143,79.5,Safe
2026-04-01 09:23:35,0.2041,278.97,0.2457,291.64,0.2281,289.91,Safe
2026-04-01 09:23:40,0.2182,57.87,0.2469,95.28,0.209,59.51,Safe
2026-04-01 09:23:45,1.1581,190.25,1.1701,192.77,1.1391,137.52,Danger
2026-04-01 09:23:50,0.3766,271.06,1.3771,180.46,0.4046,273.44,Danger
2026-04-01 09:23:55,0.1704,89.47,0.1945,133.47,0.1399,55.11,Safe
2026-04-01 09:24:00,0.3,43.55,0.9203,188.8,0.3146,105.02,Danger
2026-04-01 09:24:05,0.1637,245.47,0.1017,273.3,0.1452,271.02,Safe
2026-04-01 09:24:10,0.0773,67.87,0.0687,86.45,0.1191,93.87,Safe
2026-04-01 09:24:15,1.1196,41.54,1.1133,6.5,1.1673,89.59,Danger
2026-04-01 09:24:20,0.1142,100.35,0.1249,85.32,0.1472,99.33,Safe
2026-04-01 09:24:25,0.0973,66.36,0.0838,125.27,0.1287,107.26,Safe
2026-04-01 09:24:30,0.5797,359.18,0.7121,297.01,0.5951,360.0,Danger
2026-04-01 09:24:35,0.3652,89.17,0.8458,200.77,0.3,81.82,Danger
2026-04-01 09:24:40,0.1422,269.96,0.2665,276.77,0.1795,260.46,Safe
2026-04-01 09:24:45,0.9149,178.63,0.8545,138.34,0.8191,170.52,Danger
2026-04-01 09:24:50,0.1373,271.93,0.1325,279.75,0.151,281.11,Safe
2026-04-01 09:24:55,0.3,272.39,0.6377,183.17,0.3456,281.86,Danger
2026-04-01 09:25:00,0.1468,115.86,0.1517,120.04,0.0861,88.1,Safe
2026-04-01 09:25:05,0.0731,94.45,0.1206,90.27,0.0758,89.73,Safe
2026-04-01 09:25:10,0.0672,270.25,0.0549,282.1,0.0379,292.31,Safe
2026-04-01 09:25:15,0.4188,276.6,1.2517,167.03,0.4423,251.08,Danger
2026-04-01 09:25:20,0.3,283.49,0.7047,190.05,0.3,269.37,Danger
2026-04-01 09:25:25,0.1141,258.95,0.0621,296.61,0.0626,309.99,Safe
2026-04-01 09:25:30,0.053,87.58,0.028,86.73,0.01,113.72,Safe
2026-04-01 09:25:35,0.2265,240.57,0.1901,254.25,0.2976,252.56,Safe
2026-04-01 09:25:40,0.2071,272.77,0.3031,288.77,0.243,245.54,Safe
2026-04-01 09:25:45,0.1041,75.35,0.1298,91.17,0.1462,108.3,Safe
2026-04-01 09:25:50,0.3,254.7,0.6487,190.41,0.3,254.45,Danger
2026-04-01 09:25:55,0.3,100.06,0.8087,173.37,0.3,77.08,Danger
2026-04-01 09:26:00,0.1782,66.99,0.1357,104.6,0.1752,82.57,Safe
2026-04-01 09:26:05,0.1818,114.72,0.1669,76.83,0.1681,82.12,Safe
2026-04-01 09:26:10,0.3,243.1,0.92,171.6,0.3494,252.39,Danger
2026-04-01 09:26:15,0.6203,263.95,0.9226,310.81,0.7352,269.22,Danger
2026-04-01 09:26:20,0.0638,313.71,0.0472,275.12,0.1052,260.25,Safe
2026-04-01 09:26:25,0.4517,115.55,1.6735,153.67,0.4876,84.35,Danger
2026-04-01 09:26:30,0.1793,270.22,0.2202,267.2,0.2002,271.96,Safe
2026-04-01 09:26:35,0.3,91.29,0.7888,190.41,0.3,70.28,Danger
2026-04-01 09:26:40,0.3601,80.48,1.1455,167.35,0.3525,93.31,Danger
2026-04-01 09:26:45,0.3,90.86,0.7395,189.09,0.3,115.93,Danger
2026-04-01 09:26:50,0.3,287.51,0.9877,206.45,0.3418,288.86,Danger
2026-04-01 09:26:55,0.0681,273.19,0.0997,232.62,0.0686,278.31,Safe
2026-04-01 09:27:00,0.3722,298.66,1.2619,205.76,0.4542,266.29,Danger
2026-04-01 09:27:05,0.1237,117.92,0.1523,90.36,0.1527,81.66,Safe
2026-04-01 09:27:10,0.3,259.98,0.5805,172.59,0.3,247.83,Danger
2026-04-01 09:27:15,0.2489,241.96,0.1979,294.36,0.2673,262.21,Safe
2026-04-01 09:27:20,0.3301,79.11,0.6771,201.24,0.3269,75.68,Danger
2026-04-01 09:27:25,0.1934,101.53,0.1504,103.6,0.125,62.1,Safe
2026-04-01 09:27:30,0.368,265.06,1.2804,196.64,0.3777,282.32,Danger
2026-04-01 09:27:35,0.5459,276.87,1.3818,201.96,0.5175,293.69,Danger
2026-04-01 09:27:40,0.3,78.94,0.4881,178.6,0.3,46.34,Danger
2026-04-01 09:27:45,0.1945,281.44,0.1709,252.12,0.2018,247.92,Safe
2026-04-01 09:27:50,0.4827,294.58,1.5173,176.3,0.4195,261.78,Danger
2026-04-01 09:27:55,0.3,119.72,0.672,205.05,0.3249,91.83,Danger
2026-04-01 09:28:00,0.014,67.97,0.0935,104.94,0.0645,94.58,Safe
2026-04-01 09:28:05,0.4787,59.38,1.4916,171.64,0.3753,102.53,Danger
2026-04-01 09:28:10,0.1362,95.19,0.1454,110.55,0.0596,96.4,Safe
2026-04-01 09:28:15,0.4134,274.86,1.4303,192.7,0.439,284.45,Danger
2026-04-01 09:28:20,0.3,108.88,1.0302,179.25,0.3,88.86,Danger
2026-04-01 09:28:25,0.3,78.83,1.0472,194.66,0.3,100.94,Danger
2026-04-01 09:28:30,0.1634,289.94,0.1033,240.44,0.1607,247.37,Safe
2026-04-01 09:28:35,0.3031,278.1,0.2988,265.03,0.2676,274.62,Safe
2026-04-01 09:28:40,0.175,63.14,0.2156,86.54,0.2112,89.14,Safe
2026-04-01 09:28:45,0.438,281.21,1.4677,166.19,0.3862,291.14,Danger
2026-04-01 09:28:50,0.3672,252.49,1.1863,162.62,0.3392,269.36,Danger
2026-04-01 09:28:55,0.5015,239.56,1.4966,204.53,0.5177,284.32,Danger
2026-04-01 09:29:00,0.5925,112.2,0.7156,111.99,0.8437,105.24,Danger
2026-04-01 09:29:05,0.3786,255.92,1.2506,176.37,0.3139,253.77,Danger
2026-04-01 09:29:10,0.2502,276.53,0.2255,252.18,0.2114,223.51,Safe
2026-04-01 09:29:15,0.3433,85.07,1.0633,178.67,0.4498,92.01,Danger
2026-04-01 09:29:20,0.1637,256.78,0.135,278.74,0.1579,272.2,Safe
2026-04-01 09:29:25,0.1111,44.51,0.0924,99.67,0.1777,67.34,Safe
2026-04-01 09:29:30,0.1083,289.3,0.1245,310.41,0.0649,255.2,Safe
2026-04-01 09:29:35,0.3,99.12,0.6881,199.71,0.3,83.93,Danger
2026-04-01 09:29:40,0.2079,269.56,0.2384,334.18,0.2358,253.8,Safe
2026-04-01 09:29:45,0.1843,95.15,0.2089,81.35,0.229,115.45,Safe
2026-04-01 09:29:50,0.4839,92.65,1.1674,181.61,0.3186,100.11,Danger
2026-04-01 09:29:55,0.181,92.42,0.1612,130.49,0.1193,62.74,Safe
2026-04-01 09:30:00,0.0678,75.03,0.0641,114.62,0.0654,123.7,Safe
2026-04-01 09:30:05,0.318,276.2,1.0326,187.57,0.3454,271.7,Danger
2026-04-01 09:30:10,0.1745,89.36,0.1385,57.5,0.1311,91.66,Safe
2026-04-01 09:30:15,0.0239,101.03,0.01,94.59,0.0559,68.38,Safe
2026-04-01 09:30:20,0.0398,45.66,0.0764,112.77,0.1021,129.41,Safe
2026-04-01 09:30:25,0.3491,80.64,1.0809,197.66,0.3874,126.68,Danger
2026-04-01 09:30:30,0.3,117.09,0.6807,175.07,0.3,121.77,Danger
2026-04-01 09:30:35,0.4936,244.48,1.4685,163.19,0.3935,257.92,Danger
2026-04-01 09:30:40,0.2182,263.53,0.1915,249.91,0.2175,272.54,Safe
2026-04-01 09:30:45,0.1588,114.3,0.167,116.6,0.1198,56.49,Safe
2026-04-01 09:30:50,0.2404,289.26,0.2353,281.87,0.194,211.19,Safe
2026-04-01 09:30:55,0.0843,299.0,0.0765,272.21,0.075,280.15,Safe
2026-04-01 09:31:00,0.3549,131.45,1.0243,175.33,0.364,76.13,Danger
2026-04-01 09:31:05,0.2612,93.16,0.3165,41.69,0.3016,90.48,Safe
2026-04-01 09:31:10,0.4681,123.38,1.4681,205.03,0.4468,81.03,Danger
2026-04-01 09:31:15,0.7429,140.73,0.6105,165.19,0.8489,216.23,Danger
2026-04-01 09:31:20,0.147,272.65,0.1316,251.39,0.1577,249.05,Safe
2026-04-01 09:31:25,0.3576,79.48,1.3559,190.45,0.3736,66.02,Danger
2026-04-01 09:31:30,0.7207,111.73,0.5464,74.06,0.7242,31.01,Danger
2026-04-01 09:31:35,0.2308,68.49,0.2149,79.56,0.2123,98.78,Safe
2026-04-01 09:31:40,0.1488,78.89,0.152,99.37,0.1492,100.16,Safe
2026-04-01 09:31:45,0.4039,106.22,1.354,190.01,0.3854,93.62,Danger
2026-04-01 09:31:50,0.3932,59.54,1.2167,151.89,0.4609,133.93,Danger
2026-04-01 09:31:55,0.2396,254.89,0.1951,250.04,0.2571,254.73,Safe
2026-04-01 09:32:00,0.3,327.73,0.8225,200.66,0.3,269.98,Danger
2026-04-01 09:32:05,1.2329,91.23,0.9674,145.17,1.1697,90.26,Danger
2026-04-01 09:32:10,0.3474,79.58,0.8855,201.91,0.3,113.24,Danger
2026-04-01 09:32:15,0.4105,265.6,1.2928,184.12,0.3598,281.88,Danger
2026-04-01 09:32:20,0.2577,105.62,0.2507,108.51,0.2735,93.37,Safe
2026-04-01 09:32:25,0.4066,278.39,1.0843,196.45,0.3691,261.44,Danger
2026-04-01 09:32:30,0.377,267.32,1.4413,175.36,0.4711,266.13,Danger
2026-04-01 09:32:35,0.168,266.88,0.1767,290.71,0.1254,254.29,Safe
2026-04-01 09:32:40,0.9798,298.51,0.7123,236.65,0.8605,159.5,Danger
2026-04-01 09:32:45,0.2117,265.63,0.2188,287.1,0.2247,275.48,Safe
2026-04-01 09:32:50,0.9184,38.01,0.8421,49.89,0.8723,356.09,Danger
2026-04-01 09:32:55,0.1832,63.48,0.1876,68.03,0.1357,118.41,Safe
2026-04-01 09:33:00,0.3,255.0,0.565,186.26,0.3,267.79,Danger
2026-04-01 09:33:05,0.3153,275.65,1.1239,170.99,0.4652,262.38,Danger
2026-04-01 09:33:10,0.4289,93.16,1.4557,217.86,0.5243,72.59,Danger
2026-04-01 09:33:15,0.1826,91.09,0.1621,59.17,0.1878,91.87,Safe
2026-04-01 09:33:20,0.3,283.35,0.5908,185.87,0.3,249.0,Danger
2026-04-01 09:33:25,0.1879,89.34,0.2591,112.8,0.2184,73.26,Safe
2026-04-01 09:33:30,0.3,83.32,0.6363,204.5,0.3,69.17,Danger
2026-04-01 09:33:35,0.2897,76.92,0.2692,95.84,0.2989,107.99,Safe
2026-04-01 09:33:40,0.2883,283.63,0.2504,287.28,0.2484,269.77,Safe
2026-04-01 09:33:45,0.2528,75.2,0.3333,95.41,0.2194,107.9,Safe
2026-04-01 09:33:50,0.0651,112.42,0.0854,101.21,0.0561,77.69,Safe
2026-04-01 09:33:55,0.4734,71.11,1.41,172.0,0.496,98.59,Danger
2026-04-01 09:34:00,0.2649,251.27,0.2651,275.96,0.1766,281.33,Safe
2026-04-01 09:34:05,1.0483,228.17,1.1904,208.15,1.0931,247.2,Danger
2026-04-01 09:34:10,1.0877,80.61,1.1592,116.7,1.0362,38.18,Danger
2026-04-01 09:34:15,0.2006,80.23,0.2,61.32,0.2405,86.17,Safe
2026-04-01 09:34:20,0.3,306.94,0.667,203.91,0.3,289.82,Danger
2026-04-01 09:34:25,0.2508,87.73,0.2453,85.66,0.2189,55.06,Safe
2026-04-01 09:34:30,0.4719,326.85,1.4504,185.69,0.5507,303.36,Danger
2026-04-01 09:34:35,0.3034,57.79,1.0529,145.52,0.3,67.61,Danger
2026-04-01 09:34:40,0.1539,77.79,0.083,88.61,0.0823,76.4,Safe
2026-04-01 09:34:45,0.1871,110.6,0.1472,105.78,0.1533,84.56,Safe
2026-04-01 09:34:50,0.0765,62.62,0.1299,128.41,0.152,65.54,Safe
2026-04-01 09:34:55,0.3473,60.63,0.7207,202.65,0.3,64.22,Danger
2026-04-01 09:35:00,0.1433,277.48,0.1544,257.36,0.1106,259.46,Safe
2026-04-01 09:35:05,0.0683,289.11,0.078,256.69,0.1193,264.98,Safe
2026-04-01 09:35:10,0.9934,347.78,0.9735,304.46,0.8959,251.2,Danger
2026-04-01 09:35:15,0.1165,90.11,0.1588,81.32,0.151,103.27,Safe
2026-04-01 09:35:20,0.1095,272.35,0.0725,293.35,0.0961,270.04,Safe
2026-04-01 09:35:25,0.4477,82.36,1.21,155.33,0.3148,130.53,Danger
2026-04-01 09:35:30,0.2237,65.35,0.1688,86.87,0.2352,116.17,Safe
2026-04-01 09:35:35,0.2712,287.16,0.2335,269.22,0.1787,271.79,Safe
2026-04-01 09:35:40,0.3,261.87,0.647,195.16,0.3,233.13,Danger
2026-04-01 09:35:45,1.0323,21.47,1.0427,349.67,1.1938,66.7,Danger
2026-04-01 09:35:50,0.4479,75.79,1.6144,195.85,0.5468,118.72,Danger
2026-04-01 09:35:55,0.4286,265.89,1.4044,200.16,0.4171,288.08,Danger
2026-04-01 09:36:00,0.1258,233.11,0.1902,248.92,0.1726,278.56,Safe
2026-04-01 09:36:05,0.1055,276.67,0.0712,262.73,0.0999,268.86,Safe
2026-04-01 09:36:10,0.5833,113.16,0.7092,100.99,0.5842,114.34,Danger
2026-04-01 09:36:15,0.2418,238.71,0.219,299.95,0.2493,294.3,Safe
2026-04-01 09:36:20,0.2114,229.45,0.2275,275.6,0.2395,230.91,Safe
2026-04-01 09:36:25,0.3,262.14,0.4407,206.26,0.3,245.32,Danger
2026-04-01 09:36:30,0.2729,64.24,0.2359,76.82,0.2606,56.71,Safe
2026-04-01 09:36:35,0.26,119.34,0.2133,98.46,0.2319,34.52,Safe
2026-04-01 09:36:40,0.1107,260.82,0.0744,280.8,0.1253,244.35,Safe
2026-04-01 09:36:45,0.1464,75.05,0.112,99.17,0.1412,67.9,Safe
2026-04-01 09:36:50,0.3834,75.53,1.3321,180.42,0.4362,66.33,Danger
2026-04-01 09:36:55,0.2063,274.8,0.1525,262.13,0.2441,254.75,Safe
2026-04-01 09:37:00,0.2409,100.42,0.1927,86.43,0.2459,90.67,Safe
2026-04-01 09:37:05,0.36,61.8,1.2086,209.49,0.3492,112.93,Danger
2026-04-01 09:37:10,0.6595,48.65,0.6509,107.14,0.6621,101.96,Danger
2026-04-01 09:37:15,0.9176,255.19,0.9187,267.7,1.0041,186.89,Danger
2026-04-01 09:37:20,0.9811,233.42,1.246,242.0,1.2127,245.95,Danger
2026-04-01 09:37:25,0.0382,244.5,0.086,269.6,0.0904,267.85,Safe
2026-04-01 09:37:30,0.4183,242.9,1.5194,185.67,0.3926,248.1,Danger
2026-04-01 09:37:35,0.1846,247.1,0.1084,300.02,0.1212,287.0,Safe
2026-04-01 09:37:40,0.0814,188.92,0.1538,276.26,0.1785,281.48,Safe
2026-04-01 09:37:45,0.437,271.84,1.5445,196.71,0.4886,283.54,Danger
2026-04-01 09:37:50,0.1489,49.79,0.1459,113.2,0.1968,79.88,Safe
2026-04-01 09:37:55,0.1104,276.24,0.1511,268.97,0.1344,253.82,Safe
2026-04-01 09:38:00,0.3,90.79,0.7756,197.4,0.3,98.27,Danger
2026-04-01 09:38:05,0.3,81.17,0.6756,170.78,0.3,108.88,Danger
2026-04-01 09:38:10,0.1687,86.71,0.1967,127.32,0.16,99.48,Safe
2026-04-01 09:38:15,0.9173,139.75,0.6848,288.75,0.7368,220.85,Danger
2026-04-01 09:38:20,0.2089,276.58,0.1772,263.31,0.1979,274.12,Safe
2026-04-01 09:38:25,0.2031,88.08,0.2802,66.57,0.2777,65.19,Safe
2026-04-01 09:38:30,0.0699,73.56,0.0482,69.12,0.021,101.86,Safe
2026-04-01 09:38:35,0.3,294.43,0.524,184.6,0.3,252.11,Danger
2026-04-01 09:38:40,1.2886,321.02,1.312,299.14,1.1594,332.84,Danger
2026-04-01 09:38:45,0.1479,76.85,0.1044,87.57,0.1273,125.36,Safe
2026-04-01 09:38:50,0.8308,258.81,0.6867,249.4,0.7823,355.1,Danger
2026-04-01 09:38:55,0.1604,251.9,0.2035,252.48,0.1277,252.84,Safe
2026-04-01 09:39:00,0.0882,115.37,0.0704,77.83,0.0714,69.84,Safe
2026-04-01 09:39:05,0.4745,254.76,1.2964,190.42,0.4387,259.98,Danger
2026-04-01 09:39:10,0.3,105.41,0.7152,158.48,0.3,130.03,Danger
2026-04-01 09:39:15,0.1623,271.32,0.191,261.27,0.2186,268.68,Safe
2026-04-01 09:39:20,0.281,281.43,0.2285,258.67,0.2499,271.1,Safe
2026-04-01 09:39:25,0.3,263.77,0.7658,175.15,0.3,286.82,Danger
2026-04-01 09:39:30,0.1923,82.26,0.1915,69.13,0.1475,105.68,Safe
2026-04-01 09:39:35,0.0454,281.77,0.0801,275.72,0.0752,253.62,Safe
2026-04-01 09:39:40,0.241,318.76,0.2207,286.5,0.1854,252.66,Safe
2026-04-01 09:39:45,0.0997,242.0,0.1365,293.96,0.129,294.89,Safe
2026-04-01 09:39:50,0.0717,78.38,0.0681,117.22,0.0833,70.1,Safe
2026-04-01 09:39:55,0.3,87.77,0.7506,192.3,0.3073,88.98,Danger
2026-04-01 09:40:00,0.3003,69.7,0.2403,114.51,0.2544,86.33,Safe
2026-04-01 09:40:05,0.3836,357.1,0.5905,289.01,0.5491,262.01,Danger
2026-04-01 09:40:10,0.0291,99.24,0.0784,104.13,0.1126,89.62,Safe
2026-04-01 09:40:15,0.3109,82.59,0.2316,111.24,0.2486,88.16,Safe
2026-04-01 09:40:20,0.3,275.13,0.578,205.61,0.3,320.33,Danger
2026-04-01 09:40:25,0.3042,104.59,0.8656,167.79,0.3,51.51,Danger
2026-04-01 09:40:30,0.2093,279.18,0.189,294.16,0.2521,294.52,Safe
2026-04-01 09:40:35,0.338,109.37,1.3123,196.91,0.3585,97.08,Danger
2026-04-01 09:40:40,0.0633,116.79,0.0624,70.05,0.0258,115.41,Safe
2026-04-01 09:40:45,0.1355,252.77,0.1683,264.87,0.136,262.64,Safe
2026-04-01 09:40:50,0.1341,100.97,0.1527,79.92,0.2296,101.21,Safe
2026-04-01 09:40:55,0.2828,269.47,0.2908,275.85,0.2308,285.1,Safe
2026-04-01 09:41:00,0.4299,270.43,1.3102,164.32,0.4521,278.56,Danger
2026-04-01 09:41:05,0.1566,276.25,0.1456,253.36,0.1786,267.82,Safe
2026-04-01 09:41:10,0.5094,232.4,0.5275,241.45,0.7346,236.91,Danger
2026-04-01 09:41:15,0.2082,274.3,0.157,257.2,0.2059,266.68,Safe
2026-04-01 09:41:20,0.3254,270.25,1.2913,175.72,0.4169,248.71,Danger
2026-04-01 09:41:25,0.3,109.19,0.7541,179.91,0.3,110.3,Danger
2026-04-01 09:41:30,0.3,82.3,0.6182,169.43,0.3,110.93,Danger
2026-04-01 09:41:35,0.0256,260.01,0.0805,235.53,0.054,274.8,Safe
2026-04-01 09:41:40,0.4718,38.68,1.504,178.91,0.5122,106.76,Danger
2026-04-01 09:41:45,0.5475,286.78,1.4336,158.16,0.5244,312.08,Danger
2026-04-01 09:41:50,0.1967,79.89,0.2182,94.04,0.2731,103.05,Safe
2026-04-01 09:41:55,0.5832,304.53,0.4576,252.47,0.5716,260.71,Danger
2026-04-01 09:42:00,0.9668,264.85,1.0786,332.63,1.0845,172.79,Danger
2026-04-01 09:42:05,0.3561,87.72,0.9899,170.15,0.3,72.23,Danger
2026-04-01 09:42:10,0.3474,288.15,0.9336,205.65,0.3818,228.33,Danger
2026-04-01 09:42:15,0.1403,267.07,0.1962,257.43,0.1397,267.99,Safe
2026-04-01 09:42:20,0.2251,73.79,0.3085,99.4,0.2515,128.29,Safe
2026-04-01 09:42:25,0.1557,100.06,0.1436,77.34,0.1184,77.97,Safe
2026-04-01 09:42:30,0.4219,108.05,1.402,196.08,0.501,94.44,Danger
2026-04-01 09:42:35,0.2212,291.99,0.2087,299.38,0.1821,247.52,Safe
2026-04-01 09:42:40,0.0685,269.49,0.024,238.04,0.0441,257.04,Safe
2026-04-01 09:42:45,0.1447,84.19,0.1976,83.68,0.1922,112.06,Safe
2026-04-01 09:42:50,0.2038,94.51,0.2521,79.8,0.2092,90.69,Safe
2026-04-01 09:42:55,1.0562,145.7,1.134,190.6,1.1688,139.79,Danger
2026-04-01 09:43:00,0.1866,87.52,0.207,102.15,0.1377,59.62,Safe
2026-04-01 09:43:05,0.3951,89.92,1.1489,184.63,0.4508,94.19,Danger
2026-04-01 09:43:10,0.1987,98.48,0.2037,123.43,0.2087,85.92,Safe
2026-04-01 09:43:15,0.1345,86.25,0.0871,72.99,0.1379,92.09,Safe
2026-04-01 09:43:20,0.4303,94.23,1.2822,171.39,0.312,90.19,Danger
2026-04-01 09:43:25,0.3,89.0,0.6962,166.97,0.3,106.76,Danger
2026-04-01 09:43:30,0.01,272.41,0.0778,217.99,0.0686,298.6,Safe
2026-04-01 09:43:35,0.3,96.8,0.8294,195.87,0.3,101.42,Danger
2026-04-01 09:43:40,0.4108,70.38,1.1634,178.21,0.4396,87.29,Danger
2026-04-01 09:43:45,1.0003,101.72,1.0577,47.9,0.97,148.97,Danger
2026-04-01 09:43:50,0.0797,264.01,0.01,249.92,0.0153,254.64,Safe
2026-04-01 09:43:55,0.2752,80.92,0.2935,83.09,0.2735,85.75,Safe
2026-04-01 09:44:00,0.5358,73.24,1.6246,167.26,0.4306,81.28,Danger
2026-04-01 09:44:05,0.3063,266.48,0.8855,167.86,0.3033,282.45,Danger
2026-04-01 09:44:10,1.1734,162.94,1.1952,126.59,1.233,54.29,Danger
2026-04-01 09:44:15,0.3401,282.33,1.1704,160.67,0.3687,274.04,Danger
2026-04-01 09:44:20,0.6636,352.02,0.8915,54.74,0.9607,58.9,Danger
2026-04-01 09:44:25,0.3,267.56,0.888,224.85,0.3,248.52,Danger
2026-04-01 09:44:30,0.1948,113.34,0.1575,92.65,0.1484,95.09,Safe
2026-04-01 09:44:35,0.2279,85.68,0.1842,90.98,0.2126,62.97,Safe
2026-04-01 09:44:40,0.5086,305.13,0.7787,209.43,0.6455,214.9,Danger
2026-04-01 09:44:45,0.2073,116.67,0.1743,72.86,0.214,67.48,Safe
2026-04-01 09:44:50,0.2311,260.1,0.1997,291.36,0.1567,242.09,Safe
2026-04-01 09:44:55,0.1548,99.14,0.1842,122.8,0.167,83.9,Safe
2026-04-01 09:45:00,0.3453,262.75,1.0133,202.88,0.3,257.18,Danger
2026-04-01 09:45:05,0.0644,85.75,0.1906,91.69,0.1393,91.45,Safe
2026-04-01 09:45:10,0.3471,70.02,1.3816,168.28,0.4262,78.19,Danger
2026-04-01 09:45:15,0.0518,266.58,0.1016,273.8,0.0607,281.54,Safe
2026-04-01 09:45:20,0.3,71.55,0.8384,177.75,0.3,67.69,Danger
2026-04-01 09:45:25,1.1248,81.11,1.2528,70.12,1.0907,129.14,Danger
2026-04-01 09:45:30,0.2475,242.57,0.2427,277.86,0.2133,279.89,Safe
2026-04-01 09:45:35,0.3,67.87,0.8531,190.72,0.3,52.84,Danger
2026-04-01 09:45:40,0.3691,106.3,1.3491,181.38,0.3975,86.24,Danger
2026-04-01 09:45:45,0.401,88.22,0.9936,169.99,0.3,71.71,Danger
2026-04-01 09:45:50,0.4221,70.81,1.3864,184.22,0.442,87.53,Danger
2026-04-01 09:45:55,0.4129,287.3,1.4015,158.43,0.3892,264.88,Danger
2026-04-01 09:46:00,0.1606,109.14,0.1054,94.81,0.2433,41.61,Safe
2026-04-01 09:46:05,0.2227,247.28,0.2379,288.52,0.1326,308.19,Safe
2026-04-01 09:46:10,0.4815,241.47,1.4056,143.34,0.4738,252.02,Danger
2026-04-01 09:46:15,0.1886,255.65,0.2018,277.71,0.2364,253.8,Safe
2026-04-01 09:46:20,0.1907,73.34,0.1402,120.91,0.1911,75.02,Safe
2026-04-01 09:46:25,0.2592,291.59,0.2099,268.79,0.2898,292.56,Safe
2026-04-01 09:46:30,0.982,323.12,0.7633,38.05,0.5976,350.74,Danger
2026-04-01 09:46:35,0.9433,205.49,1.0415,224.42,0.9405,275.2,Danger
2026-04-01 09:46:40,0.2209,268.76,0.2082,252.21,0.1922,297.57,Safe
2026-04-01 09:46:45,0.5268,96.4,1.495,179.38,0.3819,124.3,Danger
2026-04-01 09:46:50,0.3595,118.54,1.0917,213.47,0.3746,82.95,Danger
2026-04-01 09:46:55,0.4374,257.04,1.439,187.71,0.4397,231.47,Danger
2026-04-01 09:47:00,0.358,57.99,1.2364,205.53,0.4191,113.2,Danger
2026-04-01 09:47:05,0.3,274.27,0.7599,172.57,0.3,252.87,Danger
2026-04-01 09:47:10,0.0937,255.84,0.0395,268.03,0.0788,286.53,Safe
2026-04-01 09:47:15,0.3,243.34,0.8385,186.92,0.3,305.81,Danger
2026-04-01 09:47:20,0.1956,290.35,0.1651,264.99,0.1854,269.61,Safe
2026-04-01 09:47:25,0.2667,306.41,0.2163,258.51,0.1579,276.7,Safe
2026-04-01 09:47:30,1.2463,261.88,1.2683,246.03,1.4251,310.04,Danger
2026-04-01 09:47:35,0.1753,81.04,0.2028,107.4,0.2305,112.3,Safe
2026-04-01 09:47:40,0.0978,74.51,0.1817,110.5,0.1838,113.37,Safe
2026-04-01 09:47:45,0.0725,286.19,0.1003,296.42,0.0931,278.54,Safe
2026-04-01 09:47:50,0.2398,110.84,0.2489,88.05,0.2401,79.92,Safe
2026-04-01 09:47:55,0.3364,297.66,1.0245,175.48,0.3496,240.55,Danger
2026-04-01 09:48:00,0.3,279.12,0.8881,180.4,0.3,261.49,Danger
2026-04-01 09:48:05,0.3626,297.25,0.8685,206.94,0.3,285.43,Danger
2026-04-01 09:48:10,0.1497,265.91,0.1079,261.61,0.154,274.98,Safe
2026-04-01 09:48:15,0.1282,101.12,0.1303,89.46,0.1777,101.49,Safe
2026-04-01 09:48:20,0.0517,273.91,0.1064,257.79,0.01,277.25,Safe
2026-04-01 09:48:25,0.1012,248.2,0.2086,283.76,0.1988,302.81,Safe
2026-04-01 09:48:30,0.105,82.46,0.1142,71.67,0.1477,73.26,Safe
2026-04-01 09:48:35,0.4135,87.24,1.487,175.55,0.5085,136.91,Danger
2026-04-01 09:48:40,0.1988,248.17,0.2082,278.07,0.1899,278.55,Safe
2026-04-01 09:48:45,0.2694,77.96,0.2723,85.05,0.2825,96.66,Safe
2026-04-01 09:48:50,0.1618,322.5,0.236,254.3,0.2406,282.97,Safe
2026-04-01 09:48:55,0.1754,118.94,0.1626,113.61,0.1755,77.45,Safe
2026-04-01 09:49:00,0.3,89.37,0.9901,156.9,0.308,88.27,Danger
2026-04-01 09:49:05,0.3,115.42,1.0309,187.7,0.4304,86.94,Danger
2026-04-01 09:49:10,0.294,260.6,0.2827,272.61,0.2599,260.44,Safe
2026-04-01 09:49:15,0.3,287.47,0.9521,184.8,0.3,286.93,Danger
2026-04-01 09:49:20,0.0241,77.5,0.0903,99.66,0.0502,87.12,Safe
2026-04-01 09:49:25,0.2313,261.51,0.2337,310.82,0.2689,279.59,Safe
2026-04-01 09:49:30,0.3521,233.63,1.2358,175.93,0.4282,256.67,Danger
2026-04-01 09:49:35,0.1497,94.62,0.0918,93.84,0.0876,72.44,Safe
2026-04-01 09:49:40,0.3,62.04,0.5177,189.5,0.3,119.27,Danger
2026-04-01 09:49:45,0.2185,306.82,0.2163,290.75,0.2275,259.8,Safe
2026-04-01 09:49:50,0.4936,230.9,1.4124,162.69,0.3594,245.0,Danger
2026-04-01 09:49:55,0.3,78.94,0.9032,209.75,0.3,73.99,Danger
2026-04-01 09:50:00,0.2145,86.78,0.1709,113.38,0.217,107.47,Safe
2026-04-01 09:50:05,0.0854,281.83,0.0455,274.65,0.0477,254.4,Safe
2026-04-01 09:50:10,0.9888,116.03,0.9427,61.0,0.9572,66.23,Danger
2026-04-01 09:50:15,1.2175,203.28,1.2552,178.9,1.1812,167.62,Danger
2026-04-01 09:50:20,0.3,284.06,0.4514,171.8,0.3,271.74,Danger
2026-04-01 09:50:25,1.0961,183.98,1.1931,284.08,1.1493,301.35,Danger
2026-04-01 09:50:30,0.1232,271.5,0.2061,301.78,0.0562,267.18,Safe
2026-04-01 09:50:35,0.3,99.78,0.6918,191.54,0.3,98.64,Danger
2026-04-01 09:50:40,0.1261,301.74,0.1489,298.98,0.1023,263.7,Safe
2026-04-01 09:50:45,0.1726,264.59,0.2008,266.36,0.1977,302.54,Safe
2026-04-01 09:50:50,0.2661,130.07,0.2222,93.68,0.2487,93.34,Safe
2026-04-01 09:50:55,0.5254,286.15,0.6893,291.41,0.7065,266.04,Danger
2026-04-01 09:51:00,0.1497,287.14,0.2374,261.82,0.1838,273.21,Safe
2026-04-01 09:51:05,0.9968,85.88,1.0115,297.84,0.9459,50.36,Danger
2026-04-01 09:51:10,0.3,268.9,0.9516,171.11,0.3,269.53,Danger
2026-04-01 09:51:15,0.4292,273.66,1.3164,184.96,0.3729,267.02,Danger
2026-04-01 09:51:20,0.5377,108.45,0.6499,174.71,0.7919,184.61,Danger
2026-04-01 09:51:25,0.3,231.38,0.4453,168.76,0.3,236.9,Danger
2026-04-01 09:51:30,0.504,64.58,1.4368,152.24,0.3858,72.28,Danger
2026-04-01 09:51:35,0.2184,244.73,0.2236,295.49,0.2036,286.32,Safe
2026-04-01 09:51:40,0.4685,270.09,1.7706,198.62,0.5716,227.43,Danger
2026-04-01 09:51:45,0.1568,232.84,0.1215,287.47,0.1504,260.05,Safe
2026-04-01 09:51:50,1.1229,111.86,1.1476,84.65,0.9611,138.45,Danger
2026-04-01 09:51:55,0.2537,81.35,0.2313,78.52,0.229,76.39,Safe
2026-04-01 09:52:00,0.3,62.21,0.7472,173.87,0.3254,107.23,Danger
2026-04-01 09:52:05,0.1231,93.07,0.1431,72.42,0.1901,62.29,Safe
2026-04-01 09:52:10,0.1977,109.4,0.2754,83.82,0.2571,81.28,Safe
2026-04-01 09:52:15,0.5809,56.4,0.5877,29.53,0.699,65.46,Danger
2026-04-01 09:52:20,0.3193,283.53,0.8245,163.01,0.3146,271.5,Danger
2026-04-01 09:52:25,0.3,282.88,0.6206,171.54,0.3,272.14,Danger
2026-04-01 09:52:30,0.2978,80.16,0.3015,123.03,0.3019,127.48,Safe
2026-04-01 09:52:35,0.0942,259.83,0.1145,250.91,0.0823,280.36,Safe
2026-04-01 09:52:40,1.1446,104.58,1.0471,167.64,0.981,146.28,Danger
2026-04-01 09:52:45,0.4241,101.9,1.1988,172.88,0.3279,57.69,Danger
2026-04-01 09:52:50,0.1891,258.86,0.1909,233.58,0.1498,255.88,Safe
2026-04-01 09:52:55,0.3354,284.22,1.1249,144.12,0.321,276.94,Danger
2026-04-01 09:53:00,0.1482,99.51,0.1596,92.42,0.0928,99.93,Safe
2026-04-01 09:53:05,0.3,259.87,1.0308,181.03,0.3,252.33,Danger
2026-04-01 09:53:10,0.1096,274.71,0.1193,244.12,0.1038,288.02,Safe
2026-04-01 09:53:15,0.1511,301.37,0.137,258.73,0.1399,268.34,Safe
2026-04-01 09:53:20,0.175,262.85,0.1572,303.62,0.1249,254.98,Safe
2026-04-01 09:53:25,0.7328,348.49,1.0329,295.28,0.8362,313.74,Danger
2026-04-01 09:53:30,0.3,58.6,1.2267,186.0,0.3932,72.39,Danger
2026-04-01 09:53:35,0.4484,242.76,1.4321,199.25,0.4673,251.71,Danger
2026-04-01 09:53:40,0.4776,63.81,1.4749,172.86,0.4185,152.67,Danger
2026-04-01 09:53:45,0.1821,249.61,0.1909,276.13,0.1524,258.99,Safe
2026-04-01 09:53:50,1.0264,183.13,0.8703,255.99,1.0324,263.3,Danger
2026-04-01 09:53:55,0.18,272.67,0.1802,279.68,0.1715,281.03,Safe
2026-04-01 09:54:00,0.9007,105.27,0.8745,127.28,0.8448,95.92,Danger
2026-04-01 09:54:05,0.4598,295.65,1.5263,160.6,0.4934,297.07,Danger
2026-04-01 09:54:10,0.2061,74.76,0.2573,113.93,0.2003,86.83,Safe
2026-04-01 09:54:15,0.4612,56.97,1.2724,177.64,0.5394,63.59,Danger
2026-04-01 09:54:20,0.5825,324.61,0.6946,204.54,0.7292,240.24,Danger
2026-04-01 09:54:25,0.1562,106.97,0.1594,115.43,0.1632,92.31,Safe
2026-04-01 09:54:30,0.1036,89.18,0.1105,64.23,0.0999,95.85,Safe
2026-04-01 09:54:35,0.0902,249.47,0.1051,262.63,0.0901,286.14,Safe
2026-04-01 09:54:40,0.5217,307.2,0.338,51.71,0.6841,20.13,Danger
2026-04-01 09:54:45,0.275,92.82,0.2125,79.29,0.282,107.13,Safe
2026-04-01 09:54:50,0.1848,79.86,0.1941,81.01,0.1682,82.5,Safe
2026-04-01 09:54:55,0.3094,99.5,0.8585,188.14,0.3,115.18,Danger
2026-04-01 09:55:00,0.428,76.91,1.3199,178.37,0.4292,114.79,Danger
2026-04-01 09:55:05,0.364,247.14,1.2217,168.99,0.384,267.23,Danger
2026-04-01 09:55:10,0.1157,273.32,0.1419,250.98,0.0884,276.37,Safe
2026-04-01 09:55:15,0.1365,302.03,0.0274,267.36,0.122,254.24,Safe
2026-04-01 09:55:20,0.3998,110.72,1.2401,207.98,0.4012,94.18,Danger
2026-04-01 09:55:25,0.3,297.74,0.6371,180.21,0.3,256.01,Danger
2026-04-01 09:55:30,0.1797,301.31,0.1427,262.14,0.1782,255.58,Safe
2026-04-01 09:55:35,0.3,248.46,1.1531,158.22,0.3141,250.39,Danger
2026-04-01 09:55:40,0.6195,97.8,0.5526,185.85,0.5196,223.67,Danger
2026-04-01 09:55:45,0.0206,64.6,0.0967,119.94,0.0755,88.45,Safe
2026-04-01 09:55:50,0.5392,117.61,0.441,157.92,0.6912,93.1,Danger
2026-04-01 09:55:55,0.1705,104.78,0.0975,66.05,0.0944,114.11,Safe
2026-04-01 09:56:00,0.3244,285.52,0.6809,177.75,0.3,261.09,Danger
2026-04-01 09:56:05,0.0409,77.23,0.0511,83.79,0.0434,59.04,Safe
2026-04-01 09:56:10,0.1958,82.67,0.1976,60.66,0.2126,79.97,Safe
2026-04-01 09:56:15,0.2461,92.44,0.1805,102.8,0.2388,97.13,Safe
2026-04-01 09:56:20,0.3536,291.11,1.2807,149.4,0.3085,268.07,Danger
2026-04-01 09:56:25,0.3,76.48,0.9972,161.05,0.3,104.67,Danger
2026-04-01 09:56:30,0.5408,61.12,0.667,57.85,0.6079,74.53,Danger
2026-04-01 09:56:35,0.9015,91.25,0.8806,243.68,0.7644,155.14,Danger
2026-04-01 09:56:40,0.5739,276.48,0.6092,247.48,0.7841,284.3,Danger
2026-04-01 09:56:45,0.4111,269.78,1.402,200.78,0.3893,264.31,Danger
2026-04-01 09:56:50,1.0411,350.2,0.8108,46.1,1.04,27.58,Danger
2026-04-01 09:56:55,0.1786,240.28,0.2559,248.85,0.2556,282.47,Safe
2026-04-01 09:57:00,0.1738,302.85,0.2336,319.34,0.1642,250.15,Safe
2026-04-01 09:57:05,0.1119,128.69,0.0816,100.3,0.0756,55.12,Safe
2026-04-01 09:57:10,0.129,82.98,0.1252,116.48,0.1383,84.16,Safe
2026-04-01 09:57:15,0.144,89.64,0.1611,65.61,0.2014,64.83,Safe
2026-04-01 09:57:20,0.3257,106.69,1.1539,174.35,0.3527,70.38,Danger
2026-04-01 09:57:25,0.2736,278.61,0.2282,252.51,0.1723,241.91,Safe
2026-04-01 09:57:30,0.343,253.54,1.092,185.0,0.3368,276.53,Danger
2026-04-01 09:57:35,0.2166,98.4,0.2217,68.44,0.1938,77.27,Safe
2026-04-01 09:57:40,0.06,230.63,0.1022,249.79,0.0878,305.22,Safe
2026-04-01 09:57:45,0.2437,254.49,0.1964,256.87,0.2698,272.62,Safe
2026-04-01 09:57:50,0.4479,297.35,1.2662,177.08,0.3872,247.81,Danger
2026-04-01 09:57:55,0.915,237.75,0.8576,218.43,1.0446,165.83,Danger
2026-04-01 09:58:00,0.2088,302.88,0.2217,315.48,0.1703,276.7,Safe
2026-04-01 09:58:05,0.1012,263.14,0.0921,245.68,0.1275,273.08,Safe
2026-04-01 09:58:10,0.3,278.28,0.674,146.13,0.3,268.05,Danger
2026-04-01 09:58:15,0.5073,152.12,0.7053,85.71,0.7458,88.66,Danger
2026-04-01 09:58:20,0.0764,303.22,0.1067,279.33,0.0521,280.13,Safe
2026-04-01 09:58:25,0.3,252.88,0.894,190.73,0.3,258.31,Danger
2026-04-01 09:58:30,0.3,251.25,0.8177,178.83,0.3983,281.5,Danger
2026-04-01 09:58:35,0.8151,26.91,0.8794,295.98,0.918,323.93,Danger
2026-04-01 09:58:40,0.1918,73.24,0.1518,61.92,0.2108,109.7,Safe
2026-04-01 09:58:45,0.2529,277.19,0.2457,280.78,0.2402,284.72,Safe
2026-04-01 09:58:50,1.1036,263.1,0.9761,218.97,0.9713,244.13,Danger
2026-04-01 09:58:55,0.2253,276.7,0.2557,283.71,0.3078,269.92,Safe
2026-04-01 09:59:00,0.4446,100.9,1.4141,173.89,0.4384,105.54,Danger
2026-04-01 09:59:05,0.1653,93.63,0.1802,111.33,0.1462,83.56,Safe
2026-04-01 09:59:10,0.1527,47.19,0.1318,96.17,0.1635,46.87,Safe
2026-04-01 09:59:15,0.1123,237.41,0.0993,321.47,0.1672,271.18,Safe
2026-04-01 09:59:20,0.5895,277.21,0.8012,10.39,0.7005,246.64,Danger
2026-04-01 09:59:25,0.3,88.98,0.5724,182.09,0.3,75.79,Danger
2026-04-01 09:59:30,0.1862,85.13,0.2341,90.13,0.1794,92.62,Safe
2026-04-01 09:59:35,1.1474,237.39,1.0672,320.54,0.9365,349.71,Danger
2026-04-01 09:59:40,0.2126,253.85,0.2634,246.93,0.2506,301.35,Safe
2026-04-01 09:59:45,0.4591,320.71,1.4296,200.03,0.4824,254.49,Danger
2026-04-01 09:59:50,0.1256,103.39,0.0939,100.47,0.1504,94.25,Safe
2026-04-01 09:59:55,0.3357,264.58,1.1545,159.43,0.3683,263.59,Danger
2026-04-01 10:00:00,0.1777,102.08,0.2477,87.81,0.2439,92.66,Safe
2026-04-01 10:00:05,0.0874,290.63,0.1508,290.68,0.156,256.23,Safe
2026-04-01 10:00:10,0.3,113.04,0.6581,172.74,0.3,66.67,Danger
2026-04-01 10:00:15,0.251,270.08,0.2121,289.58,0.2446,249.87,Safe
2026-04-01 10:00:20,0.3,80.05,0.7402,165.69,0.3,79.32,Danger
2026-04-01 10:00:25,0.3,65.89,0.982,210.91,0.3796,79.42,Danger
2026-04-01 10:00:30,0.3,314.8,0.8513,188.42,0.3,265.4,Danger
2026-04-01 10:00:35,0.46,66.1,1.4643,170.09,0.5267,74.41,Danger
2026-04-01 10:00:40,0.0716,51.43,0.0663,89.26,0.0967,78.31,Safe
2026-04-01 10:00:45,0.3,73.68,0.9814,187.52,0.3,104.82,Danger
2026-04-01 10:00:50,0.6525,45.8,0.5379,30.62,0.5866,9.28,Danger
2026-04-01 10:00:55,0.3,86.15,0.5735,185.45,0.3,108.19,Danger
2026-04-01 10:01:00,1.1157,272.69,1.2104,260.47,1.1823,270.87,Danger
2026-04-01 10:01:05,0.1817,277.33,0.1259,240.55,0.1282,284.68,Safe
2026-04-01 10:01:10,0.6358,244.26,0.6955,345.46,0.7573,262.68,Danger
2026-04-01 10:01:15,0.0413,262.57,0.0611,282.37,0.0706,243.67,Safe
2026-04-01 10:01:20,0.2508,254.77,0.2584,261.68,0.2124,282.07,Safe
2026-04-01 10:01:25,0.1167,258.74,0.0814,262.95,0.077,312.97,Safe
2026-04-01 10:01:30,0.1588,129.84,0.1054,69.91,0.1786,89.47,Safe
2026-04-01 10:01:35,0.3131,245.15,0.95,195.65,0.3,227.8,Danger
2026-04-01 10:01:40,0.2508,78.14,0.1872,85.25,0.2037,127.44,Safe
2026-04-01 10:01:45,0.1168,279.61,0.1091,272.35,0.1358,239.83,Safe
2026-04-01 10:01:50,0.9223,182.58,0.9178,160.56,1.0282,95.2,Danger
2026-04-01 10:01:55,0.074,65.72,0.0909,89.9,0.1199,97.98,Safe
2026-04-01 10:02:00,0.8563,355.92,1.1549,51.82,1.1098,29.32,Danger
2026-04-01 10:02:05,0.3,291.59,0.5166,183.93,0.3,270.77,Danger
2026-04-01 10:02:10,0.1468,77.55,0.1761,76.99,0.1116,82.91,Safe
2026-04-01 10:02:15,0.1693,129.89,0.2501,85.42,0.188,49.86,Safe
2026-04-01 10:02:20,0.0536,278.28,0.0762,273.98,0.1115,258.0,Safe
2026-04-01 10:02:25,0.7643,252.91,0.7505,339.98,0.863,337.95,Danger
2026-04-01 10:02:30,0.1785,251.74,0.2383,306.39,0.2592,253.44,Safe
2026-04-01 10:02:35,0.2317,296.39,0.2857,289.75,0.2926,254.49,Safe
2026-04-01 10:02:40,0.019,102.1,0.0703,81.98,0.0457,106.32,Safe
2026-04-01 10:02:45,0.4883,263.01,1.5745,185.27,0.4128,283.52,Danger
2026-04-01 10:02:50,0.5112,20.9,0.6531,49.87,0.6731,27.05,Danger
2026-04-01 10:02:55,0.3,248.93,1.1236,190.16,0.3,289.82,Danger
2026-04-01 10:03:00,0.1017,71.74,0.0913,86.39,0.114,71.47,Safe
2026-04-01 10:03:05,1.2393,305.4,1.3348,313.08,1.1757,326.36,Danger
2026-04-01 10:03:10,0.3,52.46,1.049,198.46,0.4187,97.95,Danger
2026-04-01 10:03:15,0.269,107.73,0.1821,86.66,0.2448,64.85,Safe
2026-04-01 10:03:20,0.1243,271.63,0.1611,276.53,0.1802,288.23,Safe
2026-04-01 10:03:25,0.1186,70.59,0.0995,80.9,0.083,69.2,Safe
2026-04-01 10:03:30,0.2095,279.1,0.2742,271.08,0.229,328.47,Safe
2026-04-01 10:03:35,0.3,76.51,0.6925,183.31,0.3,77.97,Danger
2026-04-01 10:03:40,0.1239,286.44,0.0798,230.16,0.1901,244.33,Safe
2026-04-01 10:03:45,0.4745,68.42,1.4864,192.45,0.4656,94.25,Danger
2026-04-01 10:03:50,0.2228,312.71,0.1545,282.02,0.1633,239.04,Safe
2026-04-01 10:03:55,0.1255,87.22,0.0928,84.05,0.1434,117.51,Safe
2026-04-01 10:04:00,0.3188,282.48,1.0933,175.01,0.3102,276.33,Danger
2026-04-01 10:04:05,0.6464,355.06,0.7402,22.01,0.6032,352.07,Danger
2026-04-01 10:04:10,0.5131,170.5,0.5674,205.29,0.7223,151.83,Danger
2026-04-01 10:04:15,0.3238,272.33,0.3137,274.0,0.2494,226.58,Safe
2026-04-01 10:04:20,0.2219,99.84,0.21,45.18,0.2382,90.11,Safe
2026-04-01 10:04:25,1.1837,356.03,1.4196,335.05,1.3548,17.44,Danger
2026-04-01 10:04:30,0.4559,244.54,1.2262,182.8,0.3957,285.77,Danger
2026-04-01 10:04:35,0.044,258.15,0.0355,279.23,0.0564,251.51,Safe
2026-04-01 10:04:40,1.1939,14.79,1.1954,279.37,0.9491,298.78,Danger
2026-04-01 10:04:45,0.7294,91.96,0.6681,138.79,0.7664,133.03,Danger
2026-04-01 10:04:50,0.3,263.16,1.0206,173.5,0.3,258.62,Danger
2026-04-01 10:04:55,0.1255,119.9,0.048,96.9,0.0853,50.7,Safe
2026-04-01 10:05:00,0.2152,255.25,0.2015,266.85,0.2103,242.9,Safe
2026-04-01 10:05:05,0.0817,52.36,0.0764,105.97,0.0788,86.08,Safe
2026-04-01 10:05:10,0.2152,65.8,0.2177,87.85,0.2227,109.99,Safe
2026-04-01 10:05:15,0.1789,269.5,0.1219,265.59,0.1567,248.42,Safe
2026-04-01 10:05:20,0.7222,213.47,0.7434,199.14,0.7811,198.06,Danger
2026-04-01 10:05:25,0.3,74.0,1.2042,168.48,0.3133,124.88,Danger
2026-04-01 10:05:30,0.3,83.85,0.7608,171.23,0.3,73.12,Danger
2026-04-01 10:05:35,0.3,245.82,0.8018,177.36,0.3,272.96,Danger
2026-04-01 10:05:40,0.5054,263.16,1.381,147.27,0.3,266.47,Danger
2026-04-01 10:05:45,0.496,57.61,1.3875,164.74,0.3837,110.85,Danger
2026-04-01 10:05:50,0.1381,85.34,0.1945,74.83,0.0992,87.35,Safe
2026-04-01 10:05:55,0.1428,265.21,0.1136,290.75,0.1336,258.55,Safe
2026-04-01 10:06:00,0.3198,68.57,1.1923,209.36,0.4675,110.04,Danger
2026-04-01 10:06:05,0.5891,146.56,0.5503,152.32,0.8008,135.63,Danger
2026-04-01 10:06:10,0.2538,268.36,0.2965,309.2,0.3039,279.01,Safe
2026-04-01 10:06:15,0.3,282.88,0.4503,174.97,0.3,244.62,Danger
2026-04-01 10:06:20,1.2114,34.74,1.2741,55.35,1.1736,88.33,Danger
2026-04-01 10:06:25,1.3218,110.79,1.2989,131.6,1.2101,68.67,Danger
2026-04-01 10:06:30,0.1412,268.1,0.1621,265.41,0.1497,273.0,Safe
2026-04-01 10:06:35,0.7377,170.41,0.6112,109.96,0.7675,185.22,Danger
2026-04-01 10:06:40,0.414,84.22,1.3648,158.36,0.3365,91.99,Danger
2026-04-01 10:06:45,0.0848,122.28,0.0726,97.58,0.0359,86.67,Safe
2026-04-01 10:06:50,0.4579,285.16,1.1995,163.8,0.3235,302.34,Danger
2026-04-01 10:06:55,0.4397,267.78,1.4076,161.13,0.4526,293.73,Danger
2026-04-01 10:07:00,0.3,108.72,0.761,177.05,0.3,60.3,Danger
2026-04-01 10:07:05,0.3835,284.05,1.339,189.02,0.3935,307.24,Danger
2026-04-01 10:07:10,0.3318,94.1,1.1418,184.96,0.3,93.13,Danger
2026-04-01 10:07:15,0.5058,63.79,1.4794,185.75,0.487,72.44,Danger
2026-04-01 10:07:20,0.8375,220.64,1.0691,141.17,0.9982,127.56,Danger
2026-04-01 10:07:25,0.6488,173.65,0.6736,180.89,0.6636,281.1,Danger
2026-04-01 10:07:30,0.2466,115.93,0.2826,67.52,0.2554,97.56,Safe
2026-04-01 10:07:35,0.2617,264.67,0.2556,291.9,0.2548,253.88,Safe
2026-04-01 10:07:40,0.5261,28.79,0.5905,36.57,0.7938,52.1,Danger
2026-04-01 10:07:45,0.4354,94.79,1.1862,195.35,0.3728,80.69,Danger
2026-04-01 10:07:50,0.2181,302.52,0.2164,264.73,0.2825,290.05,Safe
2026-04-01 10:07:55,0.01,96.38,0.1054,79.11,0.0583,108.63,Safe
2026-04-01 10:08:00,0.1265,275.75,0.124,277.42,0.1416,260.26,Safe
2026-04-01 10:08:05,0.035,272.59,0.0523,281.76,0.0753,268.64,Safe
2026-04-01 10:08:10,0.0928,271.09,0.0857,268.13,0.1003,259.41,Safe
2026-04-01 10:08:15,0.0559,83.6,0.0555,73.38,0.1351,118.34,Safe
2026-04-01 10:08:20,0.2208,96.95,0.2177,58.76,0.2878,130.03,Safe
2026-04-01 10:08:25,0.1902,234.01,0.2296,253.39,0.1867,280.45,Safe
2026-04-01 10:08:30,0.3,256.94,0.9994,177.93,0.3,253.29,Danger
2026-04-01 10:08:35,0.1953,98.49,0.194,130.0,0.1833,74.34,Safe
2026-04-01 10:08:40,0.0914,62.62,0.1164,87.45,0.1189,75.92,Safe
2026-04-01 10:08:45,0.2326,92.22,0.1878,79.5,0.2143,128.26,Safe
2026-04-01 10:08:50,0.2384,285.41,0.2292,254.72,0.2963,248.7,Safe
2026-04-01 10:08:55,0.3,85.93,0.8664,181.82,0.3,93.93,Danger
2026-04-01 10:09:00,0.2381,140.48,0.1629,110.35,0.203,95.43,Safe
2026-04-01 10:09:05,1.0815,246.76,1.0489,244.68,1.1245,207.06,Danger
2026-04-01 10:09:10,0.3265,117.74,1.2829,192.74,0.3,68.17,Danger
2026-04-01 10:09:15,0.1784,85.07,0.1972,100.28,0.2581,121.01,Safe
2026-04-01 10:09:20,0.1208,88.98,0.0867,88.13,0.1234,94.58,Safe
2026-04-01 10:09:25,0.0219,264.15,0.0939,256.61,0.0791,275.5,Safe
2026-04-01 10:09:30,0.3531,247.86,1.231,173.51,0.4305,240.96,Danger
2026-04-01 10:09:35,0.243,227.87,0.2256,281.39,0.2306,271.43,Safe
2026-04-01 10:09:40,0.1304,228.04,0.1273,276.16,0.0626,262.17,Safe
2026-04-01 10:09:45,0.1978,273.96,0.2454,252.95,0.2571,271.46,Safe
2026-04-01 10:09:50,0.3414,68.7,1.1596,163.42,0.3,97.05,Danger
2026-04-01 10:09:55,0.0156,105.58,0.0633,103.11,0.024,120.55,Safe
2026-04-01 10:10:00,0.3,223.8,0.921,172.39,0.3251,238.98,Danger
2026-04-01 10:10:05,0.1952,117.81,0.2781,107.61,0.2561,123.87,Safe
2026-04-01 10:10:10,0.3,18.96,0.6706,39.68,0.5037,56.08,Danger
2026-04-01 10:10:15,0.3,81.95,0.729,180.08,0.3,90.32,Danger
2026-04-01 10:10:20,0.4034,254.07,1.4349,192.34,0.4132,274.25,Danger
2026-04-01 10:10:25,0.3,65.7,0.7258,181.08,0.3,116.65,Danger
2026-04-01 10:10:30,0.3,277.57,0.6452,187.64,0.3,279.57,Danger
2026-04-01 10:10:35,0.7591,307.12,0.8924,254.28,0.8392,306.48,Danger
2026-04-01 10:10:40,0.9838,346.78,0.7397,332.23,1.0875,349.56,Danger
2026-04-01 10:10:45,0.9168,161.49,1.1266,183.59,1.0098,146.27,Danger
2026-04-01 10:10:50,0.05,240.85,0.1179,275.96,0.0976,275.77,Safe
2026-04-01 10:10:55,0.1505,287.63,0.1168,267.83,0.155,254.01,Safe
2026-04-01 10:11:00,0.3351,92.21,0.2567,85.19,0.2361,56.6,Safe
2026-04-01 10:11:05,0.1899,211.58,0.2161,287.04,0.1942,270.1,Safe
2026-04-01 10:11:10,0.077,247.32,0.0465,278.7,0.0665,303.44,Safe
2026-04-01 10:11:15,0.1319,269.99,0.0981,259.02,0.078,295.39,Safe
2026-04-01 10:11:20,0.3,289.02,1.0161,168.68,0.3045,279.99,Danger
2026-04-01 10:11:25,0.286,75.07,0.2492,121.47,0.2458,78.48,Safe
2026-04-01 10:11:30,0.2611,116.69,0.2433,91.58,0.2717,84.24,Safe
2026-04-01 10:11:35,0.0669,94.38,0.0406,92.37,0.0178,67.36,Safe
2026-04-01 10:11:40,0.3,285.84,0.7384,190.44,0.3,252.79,Danger
2026-04-01 10:11:45,0.092,240.83,0.0966,275.15,0.121,268.51,Safe
2026-04-01 10:11:50,0.3,73.88,0.6837,148.17,0.3,73.66,Danger
2026-04-01 10:11:55,0.0647,265.6,0.1298,280.41,0.1344,278.52,Safe
2026-04-01 10:12:00,0.1954,309.72,0.1037,270.29,0.152,232.12,Safe
2026-04-01 10:12:05,0.6768,189.91,0.7147,191.67,0.7991,186.02,Danger
2026-04-01 10:12:10,0.263,62.05,0.2553,103.08,0.2328,85.3,Safe
2026-04-01 10:12:15,0.3435,113.11,0.8849,185.66,0.3733,85.95,Danger
2026-04-01 10:12:20,0.371,91.46,1.1896,204.22,0.3501,47.76,Danger
2026-04-01 10:12:25,0.7332,311.53,0.7033,272.44,0.7162,308.69,Danger
2026-04-01 10:12:30,0.4497,88.73,1.0973,176.36,0.3626,110.0,Danger
2026-04-01 10:12:35,0.95,342.53,1.1401,336.24,0.9649,354.02,Danger
2026-04-01 10:12:40,0.1333,248.53,0.1427,269.14,0.1958,271.16,Safe
2026-04-01 10:12:45,1.0706,199.32,1.0695,232.02,1.054,222.42,Danger
2026-04-01 10:12:50,0.1148,252.03,0.0974,271.75,0.1362,280.93,Safe
2026-04-01 10:12:55,0.127,91.83,0.1247,107.41,0.1602,131.71,Safe
2026-04-01 10:13:00,1.3593,189.98,1.3204,235.23,1.3133,200.27,Danger
2026-04-01 10:13:05,0.1996,115.77,0.2195,50.33,0.1847,68.5,Safe
2026-04-01 10:13:10,0.5469,218.35,0.5944,134.6,0.5041,138.38,Danger
2026-04-01 10:13:15,0.4147,284.16,1.1579,183.36,0.385,258.42,Danger
2026-04-01 10:13:20,0.1869,99.08,0.2707,71.73,0.153,89.65,Safe
2026-04-01 10:13:25,0.0459,71.55,0.0928,93.21,0.0836,90.06,Safe
2026-04-01 10:13:30,0.2363,59.4,0.2739,82.98,0.2189,45.63,Safe
2026-04-01 10:13:35,0.3837,77.43,1.3431,186.76,0.5052,66.05,Danger
2026-04-01 10:13:40,0.0941,85.48,0.1104,107.55,0.1149,97.03,Safe
2026-04-01 10:13:45,0.0647,91.86,0.0909,81.98,0.0801,121.69,Safe
2026-04-01 10:13:50,0.4517,274.61,1.203,190.84,0.5,253.11,Danger
2026-04-01 10:13:55,0.3,80.25,0.8582,158.58,0.3,104.45,Danger
2026-04-01 10:14:00,0.1617,74.47,0.2941,97.61,0.2417,78.35,Safe
2026-04-01 10:14:05,0.4121,120.57,1.4144,188.51,0.3946,103.29,Danger
2026-04-01 10:14:10,0.1365,296.68,0.1032,267.11,0.1453,243.89,Safe
2026-04-01 10:14:15,0.2216,122.57,0.2529,100.4,0.2463,70.44,Safe
2026-04-01 10:14:20,0.2137,113.6,0.1494,105.4,0.1363,104.61,Safe
2026-04-01 10:14:25,0.1623,274.01,0.1176,253.82,0.1789,251.16,Safe
2026-04-01 10:14:30,0.1012,275.71,0.1494,270.31,0.1698,288.05,Safe
2026-04-01 10:14:35,0.3,115.04,0.6339,205.76,0.3,96.82,Danger
2026-04-01 10:14:40,0.3,119.25,0.8084,181.3,0.3,104.86,Danger
2026-04-01 10:14:45,0.265,261.38,0.2437,291.84,0.2073,288.07,Safe
2026-04-01 10:14:50,0.3,251.45,0.6562,176.46,0.3,260.2,Danger
2026-04-01 10:14:55,0.1673,109.47,0.1705,102.58,0.1939,82.85,Safe
2026-04-01 10:15:00,0.1707,123.45,0.1055,96.92,0.1062,111.56,Safe
2026-04-01 10:15:05,0.3,267.52,0.5996,146.89,0.3,264.74,Danger
2026-04-01 10:15:10,0.0519,254.61,0.0794,253.56,0.0763,245.61,Safe
2026-04-01 10:15:15,0.3597,237.3,1.3056,162.04,0.4399,303.46,Danger
2026-04-01 10:15:20,0.2187,279.58,0.1552,288.8,0.1992,286.92,Safe
2026-04-01 10:15:25,0.8092,314.86,0.8395,282.25,0.5778,340.15,Danger
2026-04-01 10:15:30,0.2134,279.0,0.2216,260.48,0.2113,268.61,Safe
2026-04-01 10:15:35,0.1408,298.97,0.1511,283.43,0.1695,283.23,Safe
2026-04-01 10:15:40,0.0592,239.03,0.043,294.64,0.0601,219.25,Safe
2026-04-01 10:15:45,0.7533,358.93,0.9423,28.48,0.9008,7.65,Danger
2026-04-01 10:15:50,0.0969,279.1,0.1005,295.1,0.0856,283.73,Safe
2026-04-01 10:15:55,0.492,256.57,1.3771,178.3,0.4049,272.63,Danger
2026-04-01 10:16:00,0.3,91.84,0.7771,164.69,0.3,73.68,Danger
2026-04-01 10:16:05,0.2632,67.57,0.2448,110.84,0.2165,73.14,Safe
2026-04-01 10:16:10,0.253,300.63,0.1652,254.56,0.1904,303.31,Safe
2026-04-01 10:16:15,0.4782,288.79,1.3451,176.39,0.4402,262.1,Danger
2026-04-01 10:16:20,0.4419,303.96,1.4258,181.04,0.4409,253.65,Danger
2026-04-01 10:16:25,0.5434,57.06,0.6958,54.03,0.6151,27.63,Danger
2026-04-01 10:16:30,0.4637,84.22,1.3518,196.05,0.4026,112.13,Danger
2026-04-01 10:16:35,0.727,156.43,0.8512,200.61,0.619,165.27,Danger
2026-04-01 10:16:40,0.4515,348.9,0.3439,16.16,0.3795,90.72,Danger
2026-04-01 10:16:45,0.9545,43.42,0.8295,126.38,0.8348,22.78,Danger
2026-04-01 10:16:50,0.2688,284.85,0.2828,256.9,0.2688,249.75,Safe
2026-04-01 10:16:55,0.2502,276.91,0.1868,290.71,0.1861,286.39,Safe
2026-04-01 10:17:00,1.2542,160.12,1.2232,191.87,1.3565,201.17,Danger
2026-04-01 10:17:05,0.1447,286.36,0.1777,292.15,0.1857,281.33,Safe
2026-04-01 10:17:10,0.3,248.87,0.7813,170.11,0.3,257.81,Danger
2026-04-01 10:17:15,1.061,220.25,0.8661,257.52,0.7401,253.9,Danger
2026-04-01 10:17:20,0.3,138.74,0.4193,191.72,0.3,112.88,Danger
2026-04-01 10:17:25,0.4019,61.41,1.3185,175.69,0.4254,110.58,Danger
2026-04-01 10:17:30,0.1671,329.73,0.2667,282.6,0.1705,300.03,Safe
2026-04-01 10:17:35,1.1546,307.44,1.1175,134.56,1.177,76.78,Danger
2026-04-01 10:17:40,0.1214,286.59,0.1114,251.9,0.0322,299.1,Safe
2026-04-01 10:17:45,0.2777,303.51,0.2273,272.82,0.2901,234.63,Safe
2026-04-01 10:17:50,0.4646,78.65,1.4313,206.0,0.5429,77.57,Danger
2026-04-01 10:17:55,0.3,79.2,0.9404,183.31,0.3,84.94,Danger
2026-04-01 10:18:00,1.1071,239.22,1.0374,268.11,0.9583,240.48,Danger
2026-04-01 10:18:05,1.1716,230.24,1.1759,160.07,1.0378,211.15,Danger
2026-04-01 10:18:10,0.3,273.61,1.0523,190.38,0.3,272.97,Danger
2026-04-01 10:18:15,1.0013,105.37,0.8971,14.56,1.0089,26.68,Danger
2026-04-01 10:18:20,0.3,293.78,0.4012,171.86,0.3,242.71,Danger
2026-04-01 10:18:25,0.3,95.72,1.124,167.16,0.385,91.8,Danger
2026-04-01 10:18:30,0.1247,283.45,0.1733,256.89,0.1722,235.81,Safe
2026-04-01 10:18:35,0.1393,49.3,0.1124,109.89,0.148,95.09,Safe
2026-04-01 10:18:40,0.3,117.83,0.6511,186.69,0.3,113.42,Danger
2026-04-01 10:18:45,0.1949,95.71,0.1699,120.35,0.1616,123.91,Safe
2026-04-01 10:18:50,0.4103,288.34,1.4079,170.73,0.4427,260.06,Danger
2026-04-01 10:18:55,0.1055,112.85,0.1538,96.32,0.0754,78.68,Safe
2026-04-01 10:19:00,0.2902,296.24,0.2917,237.41,0.2608,281.04,Safe
2026-04-01 10:19:05,0.7806,139.49,0.6017,130.26,0.7008,159.62,Danger
2026-04-01 10:19:10,0.5165,223.87,0.6454,185.39,0.5321,275.83,Danger
2026-04-01 10:19:15,0.1567,77.14,0.145,78.85,0.1521,62.6,Safe
2026-04-01 10:19:20,0.168,268.48,0.193,282.65,0.121,289.45,Safe
2026-04-01 10:19:25,0.3,248.97,0.8053,159.1,0.3,294.61,Danger
2026-04-01 10:19:30,0.3424,79.42,1.0758,169.76,0.3159,71.8,Danger
2026-04-01 10:19:35,0.4244,253.43,1.3622,170.86,0.3837,272.31,Danger
2026-04-01 10:19:40,0.9047,281.09,0.8805,349.25,0.7624,292.26,Danger
2026-04-01 10:19:45,0.4779,93.21,1.4294,209.55,0.5479,63.33,Danger
2026-04-01 10:19:50,0.4202,257.22,1.3067,181.15,0.4078,267.9,Danger
2026-04-01 10:19:55,0.327,273.12,1.1165,169.02,0.3731,224.2,Danger
2026-04-01 10:20:00,0.3,317.81,0.656,202.98,0.3,263.54,Danger
2026-04-01 10:20:05,0.3476,92.08,1.4058,173.68,0.4691,104.12,Danger
2026-04-01 10:20:10,0.7631,180.4,0.5855,120.79,0.7173,156.91,Danger
2026-04-01 10:20:15,0.9809,54.67,1.1457,88.65,1.0211,93.79,Danger
2026-04-01 10:20:20,0.7589,136.61,0.7961,181.56,0.7384,270.96,Danger
2026-04-01 10:20:25,0.073,101.79,0.0603,104.82,0.0851,79.74,Safe
2026-04-01 10:20:30,0.2344,268.91,0.2253,252.22,0.2045,273.89,Safe
2026-04-01 10:20:35,0.1327,265.23,0.1357,265.88,0.1211,224.44,Safe
2026-04-01 10:20:40,0.3,272.11,0.6157,194.39,0.3,262.7,Danger
2026-04-01 10:20:45,0.3516,100.61,1.1785,160.32,0.3378,99.84,Danger
2026-04-01 10:20:50,0.353,87.6,1.3804,177.77,0.4376,77.83,Danger
2026-04-01 10:20:55,0.3,104.52,0.4633,152.65,0.3,64.99,Danger
2026-04-01 10:21:00,0.0502,274.53,0.0149,276.52,0.0665,294.17,Safe
2026-04-01 10:21:05,0.3894,270.81,1.349,213.51,0.3578,263.75,Danger
2026-04-01 10:21:10,0.6222,216.16,0.8519,224.21,0.9058,245.76,Danger
2026-04-01 10:21:15,1.3444,62.9,1.195,39.0,1.12,74.39,Danger
2026-04-01 10:21:20,1.1894,264.19,1.2684,197.42,1.3432,215.54,Danger
2026-04-01 10:21:25,0.3,80.37,0.9577,185.37,0.3524,63.17,Danger
2026-04-01 10:21:30,0.2372,259.79,0.2358,273.31,0.2191,278.57,Safe
2026-04-01 10:21:35,0.1277,65.31,0.1481,70.59,0.1518,62.94,Safe
2026-04-01 10:21:40,0.3,86.24,0.9849,172.11,0.3,117.23,Danger
2026-04-01 10:21:45,0.3,65.79,0.6907,168.08,0.3,83.55,Danger
2026-04-01 10:21:50,1.0944,16.08,1.1061,53.13,1.0893,333.58,Danger
2026-04-01 10:21:55,0.4954,85.16,0.4633,38.17,0.7053,62.99,Danger
2026-04-01 10:22:00,1.4054,41.1,1.285,83.93,1.3651,114.18,Danger
2026-04-01 10:22:05,0.1939,273.37,0.2399,293.43,0.2023,262.69,Safe
2026-04-01 10:22:10,0.2153,91.19,0.2361,86.86,0.2576,127.07,Safe
2026-04-01 10:22:15,0.4733,83.56,1.4661,172.5,0.4604,49.36,Danger
2026-04-01 10:22:20,0.3,248.14,0.6842,174.23,0.3,249.8,Danger
2026-04-01 10:22:25,0.4032,296.57,1.4018,147.88,0.4639,279.2,Danger
2026-04-01 10:22:30,0.1109,287.4,0.0931,245.17,0.0799,253.67,Safe
2026-04-01 10:22:35,0.1865,75.88,0.1813,87.89,0.1751,100.12,Safe
2026-04-01 10:22:40,0.3,307.17,0.7952,187.37,0.3,274.28,Danger
2026-04-01 10:22:45,0.1107,117.13,0.0606,77.9,0.0891,108.21,Safe
2026-04-01 10:22:50,0.0804,85.39,0.0574,94.19,0.0275,78.78,Safe
2026-04-01 10:22:55,1.0403,255.1,0.9369,156.21,0.9838,270.1,Danger
2026-04-01 10:23:00,1.1068,310.87,0.9787,212.23,1.0522,162.34,Danger
2026-04-01 10:23:05,0.3,267.52,0.9975,191.19,0.3182,250.79,Danger
2026-04-01 10:23:10,0.3,287.19,0.9817,187.44,0.3,264.85,Danger
2026-04-01 10:23:15,0.4202,89.92,1.5039,220.51,0.5629,88.48,Danger
2026-04-01 10:23:20,0.3822,270.87,1.4955,169.97,0.4318,267.25,Danger
2026-04-01 10:23:25,0.2831,268.99,0.2647,302.2,0.2239,237.08,Safe
2026-04-01 10:23:30,0.5409,85.73,1.608,179.11,0.485,123.72,Danger
2026-04-01 10:23:35,0.3,81.81,0.8662,176.95,0.3181,81.93,Danger
2026-04-01 10:23:40,0.3,103.46,0.9394,197.72,0.3,89.16,Danger
2026-04-01 10:23:45,0.2703,271.21,0.276,290.54,0.2106,286.17,Safe
2026-04-01 10:23:50,0.19,287.64,0.235,289.12,0.2437,272.77,Safe
2026-04-01 10:23:55,0.0912,113.94,0.0983,116.05,0.0568,72.22,Safe
2026-04-01 10:24:00,0.6875,140.93,0.7153,144.45,0.8398,190.53,Danger
2026-04-01 10:24:05,0.1268,259.22,0.1159,280.88,0.1467,264.17,Safe
2026-04-01 10:24:10,0.4134,260.15,1.5657,171.04,0.3964,296.74,Danger
2026-04-01 10:24:15,0.3,276.31,0.773,177.64,0.3,298.83,Danger
2026-04-01 10:24:20,0.3,128.11,0.8043,143.62,0.3,140.86,Danger
2026-04-01 10:24:25,0.5458,299.36,0.7633,243.98,0.7952,312.02,Danger
2026-04-01 10:24:30,0.3662,255.99,1.3936,184.29,0.3982,306.09,Danger
2026-04-01 10:24:35,0.238,100.05,0.1693,96.25,0.1931,125.65,Safe
2026-04-01 10:24:40,0.3562,92.01,0.9824,184.51,0.3775,45.27,Danger
2026-04-01 10:24:45,0.3125,105.7,1.1307,174.94,0.441,87.61,Danger
2026-04-01 10:24:50,0.1702,69.28,0.1408,103.92,0.184,88.81,Safe
2026-04-01 10:24:55,0.1038,92.92,0.177,111.92,0.16,117.29,Safe
2026-04-01 10:25:00,0.3,270.64,0.7696,170.56,0.3,241.21,Danger
2026-04-01 10:25:05,0.1178,264.16,0.0598,261.21,0.0851,258.09,Safe
2026-04-01 10:25:10,0.2303,294.99,0.1922,238.11,0.1964,303.87,Safe
2026-04-01 10:25:15,0.3,276.73,0.7438,196.94,0.3,275.33,Danger
2026-04-01 10:25:20,0.383,283.33,1.0646,179.42,0.3547,288.55,Danger
2026-04-01 10:25:25,1.2604,173.83,1.0552,195.68,1.1118,152.93,Danger
2026-04-01 10:25:30,0.0883,44.46,0.1165,92.45,0.1069,100.87,Safe
2026-04-01 10:25:35,0.078,81.43,0.0436,82.99,0.01,137.62,Safe
2026-04-01 10:25:40,0.8993,269.25,0.7817,258.92,0.8488,231.46,Danger
2026-04-01 10:25:45,0.2225,99.6,0.1943,81.44,0.214,116.82,Safe
2026-04-01 10:25:50,0.1956,144.4,0.2388,89.91,0.1872,58.58,Safe
2026-04-01 10:25:55,1.0795,222.9,0.9847,130.24,0.9569,95.26,Danger
2026-04-01 10:26:00,0.3,134.74,0.801,158.85,0.3,80.41,Danger
2026-04-01 10:26:05,0.3,249.38,0.5935,163.96,0.3,265.47,Danger
2026-04-01 10:26:10,0.0132,70.73,0.0521,95.57,0.1022,79.82,Safe
2026-04-01 10:26:15,1.1661,330.96,1.0772,354.31,1.1775,286.26,Danger
2026-04-01 10:26:20,0.0858,139.77,0.0743,88.7,0.1014,144.46,Safe
2026-04-01 10:26:25,0.2254,98.25,0.2548,115.92,0.2044,98.1,Safe
2026-04-01 10:26:30,0.6238,152.85,0.5748,181.68,0.6481,172.94,Danger
2026-04-01 10:26:35,0.2717,225.16,0.2001,273.34,0.2705,274.05,Safe
2026-04-01 10:26:40,0.0696,259.78,0.01,280.99,0.0879,244.58,Safe
2026-04-01 10:26:45,0.9655,157.27,0.9804,177.19,1.1329,275.82,Danger
2026-04-01 10:26:50,1.3518,174.68,1.1972,200.67,1.2911,201.37,Danger
2026-04-01 10:26:55,0.2884,116.56,0.217,100.62,0.2623,68.54,Safe
2026-04-01 10:27:00,0.2729,101.83,0.2522,80.27,0.2044,94.15,Safe
2026-04-01 10:27:05,0.8347,13.73,0.9309,197.8,0.808,283.29,Danger
2026-04-01 10:27:10,0.8294,24.86,0.9706,20.18,0.7934,354.64,Danger
2026-04-01 10:27:15,1.0463,125.47,0.9677,148.45,0.9851,139.07,Danger
2026-04-01 10:27:20,0.3448,74.77,0.9942,174.55,0.3952,99.16,Danger
2026-04-01 10:27:25,0.3159,279.5,1.3523,180.19,0.3141,263.85,Danger
2026-04-01 10:27:30,0.3,282.6,0.4575,193.92,0.3,250.15,Danger
2026-04-01 10:27:35,0.116,235.83,0.0964,273.4,0.1592,289.11,Safe
2026-04-01 10:27:40,0.2511,93.0,0.2641,90.44,0.3004,128.26,Safe
2026-04-01 10:27:45,0.2581,263.16,0.2949,223.64,0.303,264.64,Safe
2026-04-01 10:27:50,0.2266,249.0,0.2787,276.89,0.272,268.51,Safe
2026-04-01 10:27:55,0.3017,52.31,0.992,157.57,0.35,84.95,Danger
2026-04-01 10:28:00,0.7099,251.03,0.5074,223.05,0.7232,208.29,Danger
2026-04-01 10:28:05,0.1727,297.94,0.2156,276.79,0.1677,275.64,Safe
2026-04-01 10:28:10,0.1739,116.57,0.23,57.85,0.1659,97.56,Safe
2026-04-01 10:28:15,0.2311,103.7,0.2421,93.24,0.2504,70.71,Safe
2026-04-01 10:28:20,0.42,101.94,1.2128,217.25,0.4109,111.5,Danger
2026-04-01 10:28:25,0.0143,248.11,0.0637,230.0,0.0666,297.08,Safe
2026-04-01 10:28:30,0.1536,99.78,0.2592,113.96,0.2363,107.52,Safe
2026-04-01 10:28:35,0.0562,229.41,0.0608,247.16,0.0533,310.3,Safe
2026-04-01 10:28:40,0.1398,240.58,0.1085,288.99,0.1854,268.81,Safe
2026-04-01 10:28:45,0.2966,263.94,0.2448,268.23,0.236,272.62,Safe
2026-04-01 10:28:50,0.3,99.62,0.5466,179.14,0.3,84.88,Danger
2026-04-01 10:28:55,0.1988,307.13,0.1928,237.43,0.2481,262.92,Safe
2026-04-01 10:29:00,0.1271,50.38,0.0853,89.46,0.1068,126.33,Safe
2026-04-01 10:29:05,0.1347,102.21,0.1164,91.81,0.125,84.71,Safe
2026-04-01 10:29:10,0.2598,91.74,0.2134,62.04,0.2436,114.05,Safe
2026-04-01 10:29:15,0.3,118.05,0.8163,175.82,0.3,116.35,Danger
2026-04-01 10:29:20,0.3273,69.62,1.1769,195.13,0.3547,67.57,Danger
2026-04-01 10:29:25,0.2538,87.15,0.286,72.56,0.2353,76.58,Safe
2026-04-01 10:29:30,0.1995,295.52,0.2838,226.61,0.2551,246.12,Safe
2026-04-01 10:29:35,0.0394,280.48,0.1011,312.38,0.1143,243.5,Safe
2026-04-01 10:29:40,0.3,116.95,0.6178,195.24,0.3,60.66,Danger
2026-04-01 10:29:45,0.0652,92.93,0.0829,101.78,0.0954,93.37,Safe
2026-04-01 10:29:50,0.0486,69.72,0.0271,109.9,0.0387,108.75,Safe
2026-04-01 10:29:55,0.0981,268.88,0.1404,235.62,0.021,290.94,Safe
2026-04-01 10:30:00,1.1429,108.24,1.2096,121.4,1.1771,169.21,Danger
2026-04-01 10:30:05,1.1063,173.1,1.2809,159.46,0.9359,218.9,Danger
2026-04-01 10:30:10,0.3685,73.5,1.2604,171.94,0.3461,79.55,Danger
2026-04-01 10:30:15,0.2543,53.23,0.2875,79.68,0.2422,71.49,Safe
2026-04-01 10:30:20,0.3,108.67,0.7483,201.62,0.3,95.77,Danger
2026-04-01 10:30:25,0.1638,286.37,0.1259,255.24,0.1587,230.99,Safe
2026-04-01 10:30:30,0.265,82.83,0.2409,120.66,0.2016,114.25,Safe
2026-04-01 10:30:35,1.0357,26.48,0.8927,359.86,0.9352,12.56,Danger
2026-04-01 10:30:40,0.2031,82.88,0.161,103.63,0.1649,90.28,Safe
2026-04-01 10:30:45,0.8103,124.54,0.6311,68.49,0.7181,65.07,Danger
2026-04-01 10:30:50,0.3808,283.47,1.1735,208.57,0.3222,319.76,Danger
2026-04-01 10:30:55,0.3795,66.43,1.3531,161.69,0.3661,109.31,Danger
2026-04-01 10:31:00,1.1791,224.22,1.24,192.8,0.9496,155.21,Danger
2026-04-01 10:31:05,0.3172,84.02,1.3976,173.67,0.455,80.19,Danger
2026-04-01 10:31:10,0.2709,95.62,0.2161,69.31,0.239,126.4,Safe
2026-04-01 10:31:15,0.4409,70.16,1.5177,177.54,0.427,103.63,Danger
2026-04-01 10:31:20,0.1264,295.09,0.0882,302.23,0.0507,289.32,Safe
2026-04-01 10:31:25,1.1832,164.34,1.1267,124.7,1.2257,154.19,Danger
2026-04-01 10:31:30,0.152,73.31,0.1281,107.23,0.1313,78.86,Safe
2026-04-01 10:31:35,0.0856,268.3,0.0713,275.68,0.0194,275.15,Safe
2026-04-01 10:31:40,0.3363,51.57,1.3141,182.71,0.3852,63.14,Danger
2026-04-01 10:31:45,0.9932,211.37,0.9599,227.24,0.9906,227.72,Danger
2026-04-01 10:31:50,0.3,82.42,0.8428,181.81,0.3097,82.62,Danger
2026-04-01 10:31:55,0.2294,107.66,0.2769,134.41,0.2375,90.18,Safe
2026-04-01 10:32:00,0.0726,74.7,0.0194,72.5,0.01,81.99,Safe
2026-04-01 10:32:05,0.3084,91.51,0.604,178.01,0.3,110.09,Danger
2026-04-01 10:32:10,0.1264,283.59,0.1109,279.95,0.1465,284.08,Safe
2026-04-01 10:32:15,0.3,252.98,1.0086,151.65,0.3,286.31,Danger
2026-04-01 10:32:20,0.3137,298.49,0.2904,269.55,0.2389,297.14,Safe
2026-04-01 10:32:25,0.2445,76.06,0.2737,127.01,0.2062,101.93,Safe
2026-04-01 10:32:30,0.3,255.25,0.5111,210.27,0.3,270.88,Danger
2026-04-01 10:32:35,0.7597,202.47,0.8935,262.95,0.9576,238.96,Danger
2026-04-01 10:32:40,0.1527,281.5,0.1631,292.18,0.1544,287.09,Safe
2026-04-01 10:32:45,0.1108,99.54,0.1352,86.99,0.1234,109.91,Safe
2026-04-01 10:32:50,0.4097,287.3,1.0624,223.06,0.321,305.66,Danger
2026-04-01 10:32:55,0.1714,242.36,0.1663,242.94,0.1553,247.13,Safe
2026-04-01 10:33:00,0.2811,256.9,0.2703,265.24,0.1591,275.38,Safe
2026-04-01 10:33:05,0.2586,75.6,0.253,99.22,0.2177,91.72,Safe
2026-04-01 10:33:10,0.1497,275.03,0.1421,290.97,0.1589,268.38,Safe
2026-04-01 10:33:15,0.0991,250.43,0.0777,251.11,0.1102,278.23,Safe
2026-04-01 10:33:20,0.2315,278.32,0.1113,265.88,0.1306,258.55,Safe
2026-04-01 10:33:25,0.2451,84.5,0.2514,67.28,0.2121,69.31,Safe
2026-04-01 10:33:30,0.1591,315.57,0.1872,268.52,0.2201,266.72,Safe
2026-04-01 10:33:35,0.0645,283.61,0.1408,281.37,0.2057,281.99,Safe
2026-04-01 10:33:40,0.1003,250.99,0.1226,310.98,0.105,275.56,Safe
2026-04-01 10:33:45,0.3,96.32,1.0806,169.71,0.3494,77.56,Danger
2026-04-01 10:33:50,0.2698,262.35,0.2034,274.45,0.2013,295.58,Safe
2026-04-01 10:33:55,0.1899,265.73,0.1697,244.77,0.2078,280.15,Safe
2026-04-01 10:34:00,0.7004,30.67,0.6236,32.41,0.6807,36.28,Danger
2026-04-01 10:34:05,0.1365,48.26,0.1139,71.83,0.1654,102.08,Safe
2026-04-01 10:34:10,0.1597,278.54,0.2058,262.1,0.213,276.18,Safe
2026-04-01 10:34:15,0.6452,152.7,0.6918,58.34,0.6865,40.64,Danger
2026-04-01 10:34:20,0.1932,102.1,0.1767,76.22,0.2223,99.35,Safe
2026-04-01 10:34:25,0.523,94.59,1.6548,171.48,0.5678,71.53,Danger
2026-04-01 10:34:30,0.4348,86.8,1.5044,155.11,0.3207,98.02,Danger
2026-04-01 10:34:35,0.1426,248.08,0.1142,269.24,0.1394,271.48,Safe
2026-04-01 10:34:40,0.3,107.46,0.763,198.12,0.3,94.9,Danger
2026-04-01 10:34:45,0.0855,254.5,0.0349,285.04,0.1321,298.1,Safe
2026-04-01 10:34:50,1.0614,314.14,1.3041,75.38,1.09,351.07,Danger
2026-04-01 10:34:55,0.4036,109.37,1.3214,181.81,0.4369,103.25,Danger
2026-04-01 10:35:00,0.1124,78.95,0.1259,89.11,0.154,100.92,Safe
2026-04-01 10:35:05,0.1439,254.45,0.1569,247.75,0.1843,269.35,Safe
2026-04-01 10:35:10,1.1076,227.31,0.9973,171.29,1.1828,220.4,Danger
2026-04-01 10:35:15,0.3383,65.74,1.1599,153.59,0.3407,90.22,Danger
2026-04-01 10:35:20,1.3496,58.29,1.3701,53.29,1.2898,89.15,Danger
2026-04-01 10:35:25,0.568,145.97,0.4726,201.71,0.604,213.21,Danger
2026-04-01 10:35:30,0.2251,47.13,0.2372,68.17,0.252,82.26,Safe
2026-04-01 10:35:35,0.3,102.74,0.739,181.58,0.3298,101.71,Danger
2026-04-01 10:35:40,0.2037,84.65,0.1445,61.98,0.1894,91.21,Safe
2026-04-01 10:35:45,0.3,98.87,1.1063,180.07,0.3,80.09,Danger
2026-04-01 10:35:50,0.5402,71.79,1.5638,155.31,0.5002,89.49,Danger
2026-04-01 10:35:55,1.1869,121.23,1.1046,117.4,1.1723,99.32,Danger
2026-04-01 10:36:00,0.1753,252.05,0.097,282.08,0.1531,230.2,Safe
2026-04-01 10:36:05,0.4444,74.56,1.4812,171.66,0.4614,77.02,Danger
2026-04-01 10:36:10,0.8331,104.62,0.934,192.23,0.7437,175.41,Danger
2026-04-01 10:36:15,0.0769,67.01,0.01,105.23,0.0677,81.04,Safe
2026-04-01 10:36:20,0.24,71.13,0.2046,125.33,0.2016,99.61,Safe
2026-04-01 10:36:25,0.5159,102.85,1.4568,180.7,0.554,71.52,Danger
2026-04-01 10:36:30,0.2367,291.81,0.2569,225.03,0.2859,247.5,Safe
2026-04-01 10:36:35,0.3,95.68,0.5483,176.87,0.3,83.38,Danger
2026-04-01 10:36:40,0.2763,92.58,0.2341,102.87,0.3412,121.29,Safe
2026-04-01 10:36:45,0.125,112.13,0.152,99.02,0.1615,94.19,Safe
2026-04-01 10:36:50,0.4452,57.41,1.1368,170.36,0.3074,106.42,Danger
2026-04-01 10:36:55,0.1326,268.46,0.1091,229.85,0.0902,248.78,Safe
2026-04-01 10:37:00,0.1835,66.79,0.1102,76.64,0.0927,74.37,Safe
2026-04-01 10:37:05,0.0504,117.09,0.0941,69.86,0.1252,90.96,Safe
2026-04-01 10:37:10,0.9855,115.79,0.7989,77.83,0.8686,78.18,Danger
2026-04-01 10:37:15,0.1085,127.52,0.1358,124.55,0.1415,60.15,Safe
2026-04-01 10:37:20,0.5078,283.22,1.3168,170.04,0.4985,299.39,Danger
2026-04-01 10:37:25,0.197,99.04,0.2158,55.82,0.2277,97.83,Safe
2026-04-01 10:37:30,0.3,268.11,0.6988,189.93,0.3,274.56,Danger
2026-04-01 10:37:35,0.3,256.67,0.9757,199.35,0.3,266.78,Danger
2026-04-01 10:37:40,0.3,72.56,0.6472,199.27,0.3,86.88,Danger
2026-04-01 10:37:45,0.4761,269.25,1.5244,190.65,0.3374,268.66,Danger
2026-04-01 10:37:50,0.182,276.15,0.1713,273.51,0.2007,293.02,Safe
2026-04-01 10:37:55,0.1999,222.57,0.1638,284.27,0.1368,270.94,Safe
2026-04-01 10:38:00,1.1043,278.39,0.9949,272.04,0.9145,297.95,Danger
2026-04-01 10:38:05,0.319,109.82,0.294,96.21,0.2876,67.45,Safe
2026-04-01 10:38:10,0.1013,234.22,0.0398,288.72,0.0775,273.7,Safe
2026-04-01 10:38:15,1.1278,173.96,0.9507,245.92,0.9116,206.01,Danger
2026-04-01 10:38:20,0.2549,268.97,0.3049,320.15,0.2118,304.79,Safe
2026-04-01 10:38:25,0.1283,308.53,0.1486,248.83,0.1507,259.48,Safe
2026-04-01 10:38:30,0.1249,259.16,0.1176,285.6,0.145,248.05,Safe
2026-04-01 10:38:35,0.1127,56.66,0.1349,83.88,0.0777,104.69,Safe
2026-04-01 10:38:40,0.1885,290.15,0.1771,277.68,0.2317,288.03,Safe
2026-04-01 10:38:45,0.1724,299.61,0.1613,285.35,0.0544,247.0,Safe
2026-04-01 10:38:50,0.0513,269.79,0.0444,277.54,0.039,262.94,Safe
2026-04-01 10:38:55,0.0832,117.16,0.0259,74.51,0.0227,85.53,Safe
2026-04-01 10:39:00,0.3,283.5,0.8822,156.4,0.3464,271.26,Danger
2026-04-01 10:39:05,0.0865,278.55,0.1217,233.33,0.1235,269.44,Safe
2026-04-01 10:39:10,0.3,108.73,0.9629,194.93,0.3231,66.42,Danger
2026-04-01 10:39:15,0.125,91.07,0.15,75.59,0.1642,74.75,Safe
2026-04-01 10:39:20,0.245,131.8,0.2592,109.06,0.1965,76.18,Safe
2026-04-01 10:39:25,0.4156,266.65,1.5299,182.88,0.3989,312.64,Danger
2026-04-01 10:39:30,0.2399,246.82,0.2663,275.22,0.23,290.46,Safe
2026-04-01 10:39:35,0.0157,256.26,0.066,263.69,0.0462,285.18,Safe
2026-04-01 10:39:40,0.1334,266.73,0.1735,261.12,0.1181,238.71,Safe
2026-04-01 10:39:45,0.1863,104.58,0.2353,123.85,0.2482,95.29,Safe
2026-04-01 10:39:50,0.2383,274.23,0.2708,287.44,0.2189,276.48,Safe
2026-04-01 10:39:55,0.32,51.37,0.9124,177.45,0.3,97.23,Danger
2026-04-01 10:40:00,0.3,309.37,0.7524,177.23,0.3,305.3,Danger
2026-04-01 10:40:05,0.1835,250.81,0.1643,287.0,0.1401,287.51,Safe
2026-04-01 10:40:10,0.2386,256.27,0.2209,290.07,0.2727,263.93,Safe
2026-04-01 10:40:15,0.1221,257.38,0.1937,282.38,0.2024,277.11,Safe
2026-04-01 10:40:20,0.4252,85.32,1.2639,158.81,0.3036,96.06,Danger
2026-04-01 10:40:25,0.8151,315.52,0.7099,286.38,0.8252,265.84,Danger
2026-04-01 10:40:30,0.1631,98.43,0.1711,82.64,0.1762,80.81,Safe
2026-04-01 10:40:35,0.1871,120.16,0.2367,79.11,0.2588,60.3,Safe
2026-04-01 10:40:40,0.1461,285.06,0.0998,261.13,0.1507,264.59,Safe
2026-04-01 10:40:45,0.3,80.55,0.6715,175.0,0.3,78.15,Danger
2026-04-01 10:40:50,0.0864,236.56,0.0986,269.71,0.1021,258.76,Safe
2026-04-01 10:40:55,0.4655,93.85,1.2803,187.63,0.4054,94.18,Danger
2026-04-01 10:41:00,0.1408,299.18,0.1604,252.71,0.1614,267.18,Safe
2026-04-01 10:41:05,0.3057,96.99,1.1699,180.63,0.3485,76.06,Danger
2026-04-01 10:41:10,0.1425,297.77,0.1758,258.99,0.1428,256.57,Safe
2026-04-01 10:41:15,0.3689,283.93,1.3513,166.86,0.4238,297.73,Danger
2026-04-01 10:41:20,0.3585,98.8,1.1066,188.59,0.3201,67.38,Danger
2026-04-01 10:41:25,0.1547,59.7,0.1665,51.29,0.1476,79.02,Safe
2026-04-01 10:41:30,0.1021,104.57,0.1281,88.1,0.1412,88.49,Safe
2026-04-01 10:41:35,0.0738,306.11,0.0439,285.45,0.0241,252.4,Safe
2026-04-01 10:41:40,0.153,70.62,0.1522,100.34,0.2002,143.31,Safe
2026-04-01 10:41:45,0.3172,245.9,0.8917,166.77,0.3437,235.49,Danger
2026-04-01 10:41:50,0.4759,248.9,1.3151,196.16,0.4374,280.34,Danger
2026-04-01 10:41:55,0.0808,81.45,0.0825,77.52,0.0671,128.28,Safe
2026-04-01 10:42:00,0.1278,92.3,0.082,68.32,0.1323,97.15,Safe
2026-04-01 10:42:05,0.1911,270.48,0.1957,279.8,0.1769,280.95,Safe
2026-04-01 10:42:10,0.0972,282.5,0.01,256.45,0.0576,263.29,Safe
2026-04-01 10:42:15,0.9453,90.79,0.9283,101.85,0.8792,114.07,Danger
2026-04-01 10:42:20,0.4131,118.71,1.4215,201.99,0.5336,69.69,Danger
2026-04-01 10:42:25,0.1599,282.59,0.1366,238.88,0.1273,233.56,Safe
2026-04-01 10:42:30,0.307,298.39,1.203,157.7,0.3,253.74,Danger
2026-04-01 10:42:35,0.948,204.66,0.9687,183.76,1.0412,223.36,Danger
2026-04-01 10:42:40,0.6471,193.69,0.55,267.17,0.7135,276.95,Danger
2026-04-01 10:42:45,0.3705,93.88,1.2535,161.58,0.4218,91.29,Danger
2026-04-01 10:42:50,0.2208,278.31,0.2203,273.48,0.2675,257.64,Safe
2026-04-01 10:42:55,0.222,247.39,0.1713,296.86,0.1774,255.31,Safe
2026-04-01 10:43:00,0.3,284.08,0.5276,194.12,0.3,228.32,Danger
2026-04-01 10:43:05,0.4133,100.15,1.1184,196.85,0.3225,98.46,Danger
2026-04-01 10:43:10,1.0741,150.7,1.0734,207.9,1.0809,214.26,Danger
2026-04-01 10:43:15,0.4095,54.93,1.325,204.54,0.3944,106.46,Danger
2026-04-01 10:43:20,0.1166,72.12,0.108,106.59,0.11,77.37,Safe
2026-04-01 10:43:25,0.3,256.25,0.8531,157.3,0.3,275.05,Danger
2026-04-01 10:43:30,0.2925,252.05,0.2877,271.79,0.2653,271.34,Safe
2026-04-01 10:43:35,0.9157,333.7,0.8586,256.73,1.1142,20.57,Danger
2026-04-01 10:43:40,0.4223,321.41,0.4745,311.95,0.5303,315.87,Danger
2026-04-01 10:43:45,0.1968,265.81,0.2209,258.07,0.2402,291.49,Safe
2026-04-01 10:43:50,0.9384,132.25,0.9553,86.05,0.9518,99.98,Danger
2026-04-01 10:43:55,0.3,99.13,0.7827,159.12,0.3,80.92,Danger
2026-04-01 10:44:00,0.3,92.9,0.6103,186.77,0.3,95.33,Danger
2026-04-01 10:44:05,1.0408,274.05,1.1519,349.63,1.11,261.71,Danger
2026-04-01 10:44:10,0.0504,260.74,0.0177,250.39,0.1129,331.24,Safe
2026-04-01 10:44:15,0.9312,357.5,0.8839,90.16,0.7535,56.48,Danger
2026-04-01 10:44:20,0.3,229.16,0.8051,196.78,0.3,314.42,Danger
2026-04-01 10:44:25,1.2309,189.09,0.9846,166.91,1.3594,258.18,Danger
2026-04-01 10:44:30,0.3,129.16,0.8635,184.69,0.3,54.42,Danger
2026-04-01 10:44:35,0.3059,134.69,0.3375,97.35,0.2929,126.76,Safe
2026-04-01 10:44:40,0.4413,273.83,1.5666,195.59,0.4999,260.03,Danger
2026-04-01 10:44:45,1.2685,140.1,1.1965,151.27,1.1852,57.94,Danger
2026-04-01 10:44:50,0.263,58.23,0.2858,98.4,0.2591,92.02,Safe
2026-04-01 10:44:55,0.8861,340.19,0.8658,310.82,0.8508,17.74,Danger
2026-04-01 10:45:00,0.3,110.6,0.8027,185.19,0.3052,84.39,Danger
2026-04-01 10:45:05,0.1367,58.67,0.1708,89.86,0.1379,102.3,Safe
2026-04-01 10:45:10,0.1218,250.85,0.1403,259.36,0.2315,322.65,Safe
2026-04-01 10:45:15,0.3044,94.33,1.1986,159.5,0.4122,90.11,Danger
2026-04-01 10:45:20,0.5041,339.83,0.5497,312.64,0.5877,314.11,Danger
2026-04-01 10:45:25,0.28,273.97,0.31,251.15,0.2865,303.31,Safe
2026-04-01 10:45:30,0.0955,257.19,0.1241,259.3,0.0755,276.55,Safe
2026-04-01 10:45:35,0.2456,79.45,0.2508,72.4,0.2134,93.59,Safe
2026-04-01 10:45:40,0.0967,92.47,0.0685,105.78,0.0692,95.26,Safe
2026-04-01 10:45:45,0.4971,65.3,1.3364,179.41,0.496,125.86,Danger
2026-04-01 10:45:50,0.297,282.67,0.2803,267.77,0.2322,275.98,Safe
2026-04-01 10:45:55,0.2062,277.96,0.2287,302.81,0.1695,256.89,Safe
2026-04-01 10:46:00,0.0948,241.53,0.1077,244.34,0.1755,296.35,Safe
2026-04-01 10:46:05,0.4973,57.92,1.4668,173.4,0.4741,112.7,Danger
2026-04-01 10:46:10,0.3747,82.01,0.9536,165.65,0.3,86.86,Danger
2026-04-01 10:46:15,0.314,89.55,0.2535,73.33,0.261,82.8,Safe
2026-04-01 10:46:20,0.0505,71.46,0.0618,92.14,0.0328,93.2,Safe
2026-04-01 10:46:25,0.0725,78.9,0.0607,91.9,0.0432,106.96,Safe
2026-04-01 10:46:30,0.3,87.62,0.7171,174.23,0.3,63.02,Danger
2026-04-01 10:46:35,0.43,276.03,1.2917,182.52,0.4463,307.42,Danger
2026-04-01 10:46:40,0.3,245.49,0.5718,197.17,0.3,267.97,Danger
2026-04-01 10:46:45,0.3,288.24,0.8678,174.33,0.3262,277.74,Danger
2026-04-01 10:46:50,0.7354,247.38,0.6961,271.16,0.8079,252.57,Danger
2026-04-01 10:46:55,0.4388,270.64,1.3309,167.94,0.3874,281.72,Danger
2026-04-01 10:47:00,0.2128,290.84,0.1848,266.57,0.2867,278.86,Safe
2026-04-01 10:47:05,0.3078,40.59,1.1484,184.51,0.3714,83.13,Danger
2026-04-01 10:47:10,0.1781,270.12,0.237,276.59,0.242,251.62,Safe
2026-04-01 10:47:15,0.2097,90.26,0.217,85.28,0.2689,96.85,Safe
2026-04-01 10:47:20,0.3,93.8,0.6172,162.45,0.3,92.64,Danger
2026-04-01 10:47:25,0.0601,109.91,0.0555,73.19,0.0557,82.02,Safe
2026-04-01 10:47:30,0.3,89.26,0.676,173.55,0.3,96.31,Danger
2026-04-01 10:47:35,0.5305,269.38,1.5579,184.17,0.5593,316.89,Danger
2026-04-01 10:47:40,0.1006,224.45,0.0305,253.35,0.0765,280.6,Safe
2026-04-01 10:47:45,0.6926,274.02,0.7149,296.5,0.7988,299.07,Danger
2026-04-01 10:47:50,0.2488,286.83,0.2272,304.79,0.3038,271.71,Safe
2026-04-01 10:47:55,0.4748,99.21,1.4339,187.4,0.4543,103.66,Danger
2026-04-01 10:48:00,0.0983,251.68,0.0771,287.3,0.1373,253.61,Safe
2026-04-01 10:48:05,0.9912,268.63,1.0196,186.85,1.0183,264.76,Danger
2026-04-01 10:48:10,0.3,66.84,0.4899,170.72,0.3,49.32,Danger
2026-04-01 10:48:15,0.3296,82.07,1.1192,172.22,0.3,78.4,Danger
2026-04-01 10:48:20,0.4801,98.38,1.4586,177.6,0.3238,78.99,Danger
2026-04-01 10:48:25,0.1725,284.93,0.1681,262.18,0.1259,256.59,Safe
2026-04-01 10:48:30,0.3119,82.75,0.9824,161.0,0.4716,54.14,Danger
2026-04-01 10:48:35,0.4696,290.05,1.5432,188.4,0.526,272.85,Danger
2026-04-01 10:48:40,0.1949,281.1,0.2381,316.49,0.1307,259.42,Safe
2026-04-01 10:48:45,0.3889,277.45,1.1086,188.23,0.3,275.66,Danger
2026-04-01 10:48:50,0.2626,69.5,0.2776,93.64,0.2776,107.84,Safe
2026-04-01 10:48:55,0.2349,252.8,0.2434,291.7,0.253,270.77,Safe
2026-04-01 10:49:00,0.152,281.02,0.2012,255.81,0.1105,244.83,Safe
2026-04-01 10:49:05,0.2588,110.96,0.2381,79.44,0.2127,117.06,Safe
2026-04-01 10:49:10,0.2327,273.41,0.1835,296.0,0.2152,255.72,Safe
2026-04-01 10:49:15,0.3031,108.98,0.3379,88.35,0.2937,132.0,Safe
2026-04-01 10:49:20,0.0631,92.05,0.0864,58.58,0.062,111.63,Safe
2026-04-01 10:49:25,0.3203,285.63,1.089,165.72,0.3,285.6,Danger
2026-04-01 10:49:30,0.8771,101.57,0.9942,57.25,0.9504,73.34,Danger
2026-04-01 10:49:35,0.974,84.47,1.1228,77.06,1.0203,104.76,Danger
2026-04-01 10:49:40,0.0398,92.78,0.027,71.71,0.0297,80.64,Safe
2026-04-01 10:49:45,0.2386,96.99,0.1846,108.03,0.1711,82.37,Safe
2026-04-01 10:49:50,0.6354,18.13,0.7372,25.54,0.6841,335.71,Danger
2026-04-01 10:49:55,0.9294,48.46,1.0813,97.8,0.9724,340.32,Danger
2026-04-01 10:50:00,0.1116,283.63,0.068,280.36,0.0691,296.16,Safe
2026-04-01 10:50:05,0.1978,250.01,0.2166,277.07,0.2042,272.43,Safe
2026-04-01 10:50:10,0.3394,79.07,1.1475,177.07,0.4493,96.58,Danger
2026-04-01 10:50:15,0.2373,257.49,0.2756,296.64,0.2718,270.88,Safe
2026-04-01 10:50:20,1.0234,34.45,1.4303,45.82,1.0455,110.65,Danger
2026-04-01 10:50:25,0.2495,76.15,0.1813,118.34,0.281,103.63,Safe
2026-04-01 10:50:30,0.3,94.75,0.6519,155.16,0.3,102.58,Danger
2026-04-01 10:50:35,0.1134,243.59,0.1291,272.17,0.0685,272.12,Safe
2026-04-01 10:50:40,0.0808,255.03,0.0816,284.87,0.0866,265.9,Safe
2026-04-01 10:50:45,0.388,269.25,0.954,205.48,0.4697,289.01,Danger
2026-04-01 10:50:50,0.178,286.44,0.226,242.39,0.1005,264.38,Safe
2026-04-01 10:50:55,0.5225,241.89,1.2975,170.74,0.3904,273.73,Danger
2026-04-01 10:51:00,0.3,80.18,0.8449,185.24,0.3,94.02,Danger
2026-04-01 10:51:05,0.1944,80.23,0.2237,83.61,0.1873,100.86,Safe
2026-04-01 10:51:10,1.0673,193.66,1.1293,190.27,1.2603,148.3,Danger
2026-04-01 10:51:15,0.1684,254.44,0.1676,298.3,0.1365,272.5,Safe
2026-04-01 10:51:20,0.1678,292.54,0.1817,284.64,0.1732,291.6,Safe
2026-04-01 10:51:25,1.3178,68.22,1.2074,60.67,1.237,82.39,Danger
2026-04-01 10:51:30,0.3,73.92,0.551,189.79,0.3,99.63,Danger
2026-04-01 10:51:35,0.3084,94.72,1.0919,181.0,0.3,49.33,Danger
2026-04-01 10:51:40,0.6925,109.22,0.6665,73.99,0.68,62.02,Danger
2026-04-01 10:51:45,0.3,79.8,0.754,190.48,0.3243,112.34,Danger
2026-04-01 10:51:50,0.4125,284.06,1.6388,194.49,0.4747,279.83,Danger
2026-04-01 10:51:55,0.2225,306.13,0.1949,280.78,0.1998,289.57,Safe
2026-04-01 10:52:00,0.3582,300.93,1.048,164.7,0.423,305.65,Danger
2026-04-01 10:52:05,0.2296,127.35,0.2537,92.38,0.2359,75.42,Safe
2026-04-01 10:52:10,0.1111,275.64,0.1873,303.03,0.2389,269.62,Safe
2026-04-01 10:52:15,0.2791,249.8,0.2749,280.69,0.3115,229.17,Safe
2026-04-01 10:52:20,0.059,272.59,0.0887,242.63,0.0995,309.75,Safe
2026-04-01 10:52:25,0.2061,115.78,0.1561,102.36,0.1684,97.68,Safe
2026-04-01 10:52:30,0.3257,105.05,1.2783,175.42,0.4827,104.39,Danger
2026-04-01 10:52:35,0.116,59.14,0.0891,114.05,0.1253,96.34,Safe
2026-04-01 10:52:40,0.3,93.84,0.6905,210.41,0.3115,96.3,Danger
2026-04-01 10:52:45,0.3,287.04,0.5004,183.39,0.3,280.99,Danger
2026-04-01 10:52:50,0.5341,256.38,1.5577,185.13,0.4274,251.8,Danger
2026-04-01 10:52:55,0.399,76.06,1.5746,165.13,0.4623,72.41,Danger
2026-04-01 10:53:00,0.0847,246.61,0.1528,264.65,0.1226,278.97,Safe
2026-04-01 10:53:05,0.0932,98.12,0.1174,75.51,0.0766,127.09,Safe
2026-04-01 10:53:10,0.4485,103.97,1.6071,161.43,0.4317,82.23,Danger
2026-04-01 10:53:15,0.3774,132.84,1.437,212.27,0.3299,107.7,Danger
2026-04-01 10:53:20,0.7366,346.37,1.0156,42.72,0.9779,22.23,Danger
2026-04-01 10:53:25,0.0853,245.94,0.1182,246.45,0.0135,341.99,Safe
2026-04-01 10:53:30,0.8322,146.28,0.7602,172.71,0.9376,188.17,Danger
2026-04-01 10:53:35,0.3,81.4,0.7896,187.86,0.3,50.92,Danger
2026-04-01 10:53:40,0.244,252.93,0.2507,281.09,0.2685,262.32,Safe
2026-04-01 10:53:45,0.3038,262.35,1.3871,182.03,0.4429,288.77,Danger
2026-04-01 10:53:50,0.3,281.21,0.5145,214.72,0.3,265.15,Danger
2026-04-01 10:53:55,0.0615,69.0,0.1241,72.68,0.0618,100.15,Safe
2026-04-01 10:54:00,0.3,269.4,1.1693,185.22,0.3,242.69,Danger
2026-04-01 10:54:05,0.2278,60.62,0.1526,76.27,0.1892,61.35,Safe
2026-04-01 10:54:10,0.2967,85.85,0.2635,105.09,0.2277,101.63,Safe
2026-04-01 10:54:15,0.7438,160.46,0.7873,218.21,0.9581,99.32,Danger
2026-04-01 10:54:20,0.3555,275.26,1.2357,196.97,0.3625,242.15,Danger
2026-04-01 10:54:25,0.4022,317.99,1.4331,196.36,0.4553,290.9,Danger
2026-04-01 10:54:30,0.4571,297.45,1.3098,160.92,0.3388,282.96,Danger
2026-04-01 10:54:35,0.2132,258.67,0.2171,265.18,0.1723,277.04,Safe
2026-04-01 10:54:40,0.2159,65.16,0.2778,99.76,0.2174,121.6,Safe
2026-04-01 10:54:45,1.0874,36.74,1.1334,28.66,1.0853,65.72,Danger
2026-04-01 10:54:50,0.2015,109.8,0.1423,96.41,0.1745,91.68,Safe
2026-04-01 10:54:55,0.0627,69.89,0.0308,144.69,0.025,72.54,Safe
2026-04-01 10:55:00,0.3564,245.55,0.7653,181.32,0.3,227.92,Danger
2026-04-01 10:55:05,0.437,258.19,1.2195,152.26,0.3401,263.67,Danger
2026-04-01 10:55:10,0.3986,80.14,1.0401,184.95,0.3376,97.1,Danger
2026-04-01 10:55:15,0.2291,282.25,0.2887,257.78,0.2761,262.26,Safe
2026-04-01 10:55:20,0.3,213.33,0.709,148.63,0.3,307.03,Danger
2026-04-01 10:55:25,0.1463,121.12,0.1772,89.3,0.2109,71.85,Safe
2026-04-01 10:55:30,0.3646,275.94,1.0878,191.07,0.3661,272.89,Danger
2026-04-01 10:55:35,0.3,274.16,0.8474,201.61,0.3,287.82,Danger
2026-04-01 10:55:40,0.2961,279.1,0.2971,276.99,0.2569,238.7,Safe
2026-04-01 10:55:45,0.3,231.56,0.6337,177.14,0.3,236.82,Danger
2026-04-01 10:55:50,0.1674,257.72,0.1509,261.36,0.1819,266.73,Safe
2026-04-01 10:55:55,0.7402,194.96,0.9515,226.2,0.8952,237.42,Danger
2026-04-01 10:56:00,0.4186,239.98,1.3414,173.5,0.316,281.34,Danger
2026-04-01 10:56:05,0.3457,76.94,0.81,171.15,0.3,87.59,Danger
2026-04-01 10:56:10,0.1671,122.74,0.1529,95.98,0.1454,74.4,Safe
2026-04-01 10:56:15,0.3561,285.72,1.3421,177.13,0.3974,252.08,Danger
2026-04-01 10:56:20,0.3,272.76,1.2124,166.05,0.3162,261.89,Danger
2026-04-01 10:56:25,0.7952,9.55,0.7858,5.09,0.6609,313.74,Danger
2026-04-01 10:56:30,0.3307,78.35,1.0471,181.25,0.3817,83.84,Danger
2026-04-01 10:56:35,0.1743,105.06,0.1367,120.08,0.1138,92.07,Safe
2026-04-01 10:56:40,0.1001,69.54,0.01,109.9,0.0575,86.75,Safe
2026-04-01 10:56:45,0.3,84.64,0.7207,196.36,0.3,74.76,Danger
2026-04-01 10:56:50,0.6808,47.79,0.7917,35.62,0.6981,324.93,Danger
2026-04-01 10:56:55,1.1588,154.76,1.0346,182.58,1.1979,93.82,Danger
2026-04-01 10:57:00,0.3697,252.01,1.151,181.96,0.4015,243.78,Danger
2026-04-01 10:57:05,0.3,246.77,0.809,167.27,0.3,258.33,Danger
2026-04-01 10:57:10,0.1125,279.77,0.1635,299.92,0.1363,279.14,Safe
2026-04-01 10:57:15,0.3,269.93,0.6917,163.89,0.3,242.0,Danger
2026-04-01 10:57:20,0.974,42.85,0.6599,347.26,0.8905,82.43,Danger
2026-04-01 10:57:25,0.1449,113.84,0.1281,72.08,0.1662,96.07,Safe
2026-04-01 10:57:30,0.2383,239.44,0.2014,279.87,0.1562,267.24,Safe
2026-04-01 10:57:35,0.3,283.8,0.9096,204.41,0.3,279.28,Danger
2026-04-01 10:57:40,0.0585,76.36,0.01,80.58,0.0448,111.5,Safe
2026-04-01 10:57:45,0.3849,107.93,1.1275,160.58,0.3794,119.18,Danger
2026-04-01 10:57:50,0.7101,250.01,0.8685,294.21,0.9715,212.18,Danger
2026-04-01 10:57:55,0.3,287.4,1.2305,172.8,0.364,270.6,Danger
2026-04-01 10:58:00,0.133,269.02,0.1704,259.92,0.113,268.37,Safe
2026-04-01 10:58:05,0.1012,283.57,0.0681,266.78,0.1275,242.51,Safe
2026-04-01 10:58:10,0.4508,84.37,1.2597,181.99,0.4478,78.99,Danger
2026-04-01 10:58:15,0.3,252.59,0.9216,180.56,0.3156,255.41,Danger
2026-04-01 10:58:20,0.1516,277.26,0.1732,268.44,0.1319,297.42,Safe
2026-04-01 10:58:25,0.1203,51.41,0.1322,114.6,0.1405,106.72,Safe
2026-04-01 10:58:30,0.2512,246.07,0.2575,273.62,0.2154,296.07,Safe
2026-04-01 10:58:35,0.1174,310.2,0.1537,302.65,0.142,264.78,Safe
2026-04-01 10:58:40,0.2114,95.46,0.1932,110.68,0.2132,81.85,Safe
2026-04-01 10:58:45,0.3428,89.66,1.0559,205.19,0.395,83.99,Danger
2026-04-01 10:58:50,0.3633,270.0,1.3672,184.1,0.5601,298.14,Danger
2026-04-01 10:58:55,0.3219,280.2,0.2216,275.28,0.2797,244.32,Safe
2026-04-01 10:59:00,0.3167,91.93,1.0735,189.26,0.3794,114.45,Danger
2026-04-01 10:59:05,0.0703,248.98,0.0616,272.92,0.0789,271.56,Safe
2026-04-01 10:59:10,0.5399,184.8,0.5122,168.03,0.4467,168.86,Danger
2026-04-01 10:59:15,0.2667,59.87,0.2797,108.9,0.3084,92.73,Safe
2026-04-01 10:59:20,0.2625,273.33,0.2442,238.02,0.2617,261.87,Safe
2026-04-01 10:59:25,0.204,238.61,0.2301,279.3,0.2579,291.79,Safe
2026-04-01 10:59:30,0.2648,249.44,0.2504,230.29,0.3286,267.39,Safe
2026-04-01 10:59:35,0.3,253.07,0.6115,174.93,0.3,291.49,Danger
2026-04-01 10:59:40,0.9937,50.15,0.7419,90.28,1.0316,15.29,Danger
2026-04-01 10:59:45,0.2103,76.81,0.1916,113.34,0.1809,122.42,Safe
2026-04-01 10:59:50,0.2252,283.9,0.1857,294.56,0.2393,269.77,Safe
2026-04-01 10:59:55,0.3965,91.41,1.0401,170.4,0.3652,86.8,Danger
2026-04-01 11:00:00,0.0559,269.34,0.073,257.97,0.0488,307.05,Safe
2026-04-01 11:00:05,0.128,281.41,0.1944,251.81,0.1582,282.77,Safe
2026-04-01 11:00:10,0.4381,241.25,1.1752,182.56,0.4335,284.54,Danger
2026-04-01 11:00:15,0.1441,239.94,0.1843,268.92,0.1716,250.35,Safe
2026-04-01 11:00:20,0.084,294.02,0.0998,274.37,0.0925,287.64,Safe
2026-04-01 11:00:25,0.2253,84.73,0.2113,81.44,0.2131,88.16,Safe
2026-04-01 11:00:30,0.3051,266.05,0.2878,269.68,0.2557,293.14,Safe
2026-04-01 11:00:35,0.1447,280.11,0.1737,267.46,0.2051,252.46,Safe
2026-04-01 11:00:40,0.2138,309.5,0.1597,257.2,0.1474,299.67,Safe
2026-04-01 11:00:45,0.0696,81.29,0.0654,106.87,0.0809,99.9,Safe
2026-04-01 11:00:50,0.4219,97.89,1.1807,178.99,0.3754,73.35,Danger
2026-04-01 11:00:55,0.1798,52.2,0.1669,130.19,0.1333,69.13,Safe
2026-04-01 11:01:00,0.4062,72.44,1.2468,169.5,0.3749,120.97,Danger
2026-04-01 11:01:05,0.3,277.64,0.6006,198.52,0.3,215.64,Danger
2026-04-01 11:01:10,0.3,68.45,0.8477,200.37,0.3,58.34,Danger
2026-04-01 11:01:15,0.3,80.88,0.6259,170.46,0.3,98.9,Danger
2026-04-01 11:01:20,0.3317,247.88,1.0234,180.14,0.3,279.69,Danger
2026-04-01 11:01:25,1.068,134.15,0.9233,179.17,0.8553,129.48,Danger
2026-04-01 11:01:30,1.2716,315.93,1.3066,307.9,1.2781,246.46,Danger
2026-04-01 11:01:35,0.4725,283.48,1.4943,178.18,0.3298,255.25,Danger
2026-04-01 11:01:40,0.6916,84.14,0.5449,0.23,0.653,58.78,Danger
2026-04-01 11:01:45,0.42,95.83,1.1618,196.44,0.3838,86.8,Danger
2026-04-01 11:01:50,0.2322,80.07,0.1759,66.33,0.1911,82.31,Safe
2026-04-01 11:01:55,0.3,98.23,0.7361,135.8,0.3,122.09,Danger
2026-04-01 11:02:00,0.2327,94.46,0.2579,104.4,0.2022,63.0,Safe
2026-04-01 11:02:05,0.6578,217.22,0.8712,234.4,0.8601,292.78,Danger
2026-04-01 11:02:10,0.2066,77.21,0.2371,102.61,0.2251,78.2,Safe
2026-04-01 11:02:15,0.0254,283.63,0.0894,268.66,0.0566,256.73,Safe
2026-04-01 11:02:20,0.4241,86.57,1.334,203.86,0.3291,76.79,Danger
2026-04-01 11:02:25,0.1984,244.57,0.2725,298.87,0.1859,232.6,Safe
2026-04-01 11:02:30,0.4776,81.82,1.5188,218.4,0.4561,122.49,Danger
2026-04-01 11:02:35,0.1292,274.82,0.1574,248.85,0.157,269.18,Safe
2026-04-01 11:02:40,0.1927,274.28,0.1348,262.42,0.1128,248.81,Safe
2026-04-01 11:02:45,0.4659,94.83,1.4636,156.2,0.4697,72.49,Danger
2026-04-01 11:02:50,0.3,250.61,0.4982,159.96,0.3,306.95,Danger
2026-04-01 11:02:55,1.0496,208.52,0.8609,136.05,0.8228,258.23,Danger
2026-04-01 11:03:00,0.1079,79.01,0.0872,137.6,0.1033,93.22,Safe
2026-04-01 11:03:05,0.1247,266.95,0.0907,278.37,0.1004,278.01,Safe
2026-04-01 11:03:10,0.4044,238.76,1.2117,160.68,0.3668,284.03,Danger
2026-04-01 11:03:15,0.0564,267.06,0.0712,287.54,0.0311,247.89,Safe
2026-04-01 11:03:20,0.3556,257.12,1.0336,175.21,0.3866,290.31,Danger
2026-04-01 11:03:25,1.0118,119.31,0.8168,104.36,1.1508,199.35,Danger
2026-04-01 11:03:30,0.6514,237.57,0.689,293.87,0.6422,194.83,Danger
2026-04-01 11:03:35,0.3922,115.98,1.2219,196.93,0.4529,41.07,Danger
2026-04-01 11:03:40,1.2429,286.69,1.3161,197.05,1.1783,281.75,Danger
2026-04-01 11:03:45,0.1057,92.65,0.0803,118.66,0.0174,61.15,Safe
2026-04-01 11:03:50,0.4242,264.75,1.3872,185.82,0.4868,268.45,Danger
2026-04-01 11:03:55,0.6752,274.43,0.7164,227.8,0.5244,342.88,Danger
2026-04-01 11:04:00,0.3,293.93,0.6086,192.48,0.3,248.69,Danger
2026-04-01 11:04:05,0.3,244.57,0.7421,190.81,0.3,224.3,Danger
2026-04-01 11:04:10,0.4959,90.36,1.2487,167.77,0.5134,106.26,Danger
2026-04-01 11:04:15,0.081,69.53,0.1305,99.99,0.0941,115.2,Safe
2026-04-01 11:04:20,0.3,287.28,0.7233,183.6,0.3,259.34,Danger
2026-04-01 11:04:25,0.1244,68.82,0.1082,102.08,0.096,104.42,Safe
2026-04-01 11:04:30,0.1892,117.91,0.1227,112.58,0.172,119.28,Safe
2026-04-01 11:04:35,0.0844,91.13,0.0516,84.36,0.0208,88.96,Safe
2026-04-01 11:04:40,0.1878,116.75,0.2242,66.22,0.2577,98.84,Safe
2026-04-01 11:04:45,1.0687,326.65,0.8731,307.46,0.8573,335.14,Danger
2026-04-01 11:04:50,0.0571,270.89,0.0936,277.21,0.0803,270.68,Safe
2026-04-01 11:04:55,0.3249,93.4,0.7743,162.97,0.3,84.76,Danger
2026-04-01 11:05:00,0.1812,263.02,0.1873,279.46,0.1998,268.54,Safe
2026-04-01 11:05:05,0.1573,269.39,0.1357,301.67,0.1666,247.64,Safe
2026-04-01 11:05:10,0.2238,112.14,0.2745,65.33,0.2205,60.21,Safe
2026-04-01 11:05:15,0.1859,285.23,0.1158,231.38,0.1441,256.51,Safe
2026-04-01 11:05:20,0.1086,273.02,0.1318,293.59,0.1357,260.62,Safe
2026-04-01 11:05:25,0.2402,285.32,0.2246,239.79,0.2271,268.85,Safe
2026-04-01 11:05:30,0.0296,263.65,0.0489,260.79,0.0561,287.29,Safe
2026-04-01 11:05:35,0.4124,249.61,1.4325,191.24,0.3,260.45,Danger
2026-04-01 11:05:40,0.0917,256.01,0.0685,294.15,0.1022,260.32,Safe
2026-04-01 11:05:45,0.3509,281.37,1.2464,164.12,0.3976,286.27,Danger
2026-04-01 11:05:50,0.1858,260.29,0.2341,267.39,0.2093,281.32,Safe
2026-04-01 11:05:55,0.3,263.72,0.8926,206.28,0.3,286.45,Danger
2026-04-01 11:06:00,0.2011,122.11,0.194,76.56,0.2048,67.04,Safe
2026-04-01 11:06:05,0.1381,108.03,0.1158,115.78,0.1154,67.79,Safe
2026-04-01 11:06:10,0.114,76.74,0.0974,104.85,0.1224,117.3,Safe
2026-04-01 11:06:15,0.3185,271.65,0.2763,274.9,0.2668,259.86,Safe
2026-04-01 11:06:20,0.1386,75.94,0.0589,64.64,0.0963,63.42,Safe
2026-04-01 11:06:25,0.1261,259.9,0.0836,260.0,0.0592,280.86,Safe
2026-04-01 11:06:30,0.1623,58.37,0.1327,106.36,0.1756,59.73,Safe
2026-04-01 11:06:35,0.3,279.52,0.7703,225.45,0.3,255.88,Danger
2026-04-01 11:06:40,0.3243,134.49,1.1862,185.74,0.3301,110.16,Danger
2026-04-01 11:06:45,1.1123,109.98,0.9098,116.97,1.1944,52.88,Danger
2026-04-01 11:06:50,0.2093,289.33,0.2372,244.72,0.2468,289.36,Safe
2026-04-01 11:06:55,0.3322,96.31,1.0153,188.04,0.3,85.3,Danger
2026-04-01 11:07:00,0.2128,280.84,0.2501,285.86,0.2441,267.56,Safe
2026-04-01 11:07:05,0.1816,253.26,0.1639,262.87,0.1681,255.55,Safe
2026-04-01 11:07:10,0.3,256.99,0.6192,158.36,0.3,275.77,Danger
2026-04-01 11:07:15,0.2553,101.41,0.2311,60.32,0.3057,85.83,Safe
2026-04-01 11:07:20,0.0857,79.97,0.1074,57.72,0.0827,138.58,Safe
2026-04-01 11:07:25,0.3,274.84,0.6769,192.96,0.3,258.27,Danger
2026-04-01 11:07:30,0.221,107.56,0.2436,94.67,0.2963,106.05,Safe
2026-04-01 11:07:35,0.4959,269.22,1.4738,177.76,0.3764,281.82,Danger
2026-04-01 11:07:40,0.0277,226.33,0.0819,269.52,0.1077,294.05,Safe
2026-04-01 11:07:45,0.042,93.1,0.0857,61.33,0.062,119.31,Safe
2026-04-01 11:07:50,0.2476,104.03,0.2724,95.79,0.2304,71.98,Safe
2026-04-01 11:07:55,0.5031,272.23,1.4052,185.48,0.4609,281.09,Danger
2026-04-01 11:08:00,0.1334,282.17,0.1262,255.68,0.1311,276.72,Safe
2026-04-01 11:08:05,0.3,117.27,0.5793,156.08,0.3043,102.58,Danger
2026-04-01 11:08:10,0.2661,284.49,0.3253,250.08,0.2643,283.02,Safe
2026-04-01 11:08:15,0.2764,79.94,0.2741,82.69,0.2684,100.09,Safe
2026-04-01 11:08:20,0.3,277.23,0.9531,175.86,0.3185,256.43,Danger
2026-04-01 11:08:25,0.6214,130.09,0.5654,188.42,0.7802,192.0,Danger
2026-04-01 11:08:30,0.4213,77.48,1.2916,180.06,0.4458,28.6,Danger
2026-04-01 11:08:35,0.2205,264.99,0.1435,244.42,0.2015,257.88,Safe
2026-04-01 11:08:40,0.3606,264.17,1.2671,176.85,0.4143,250.65,Danger
2026-04-01 11:08:45,0.8864,2.22,0.9125,334.3,0.8946,42.42,Danger
2026-04-01 11:08:50,0.1057,76.14,0.1489,98.97,0.1341,88.43,Safe
2026-04-01 11:08:55,0.6822,355.26,0.7446,255.35,0.6194,306.02,Danger
2026-04-01 11:09:00,0.239,104.47,0.1933,106.07,0.2529,107.04,Safe
2026-04-01 11:09:05,0.0874,93.83,0.1039,74.38,0.0948,134.23,Safe
2026-04-01 11:09:10,0.3,301.44,0.5157,167.16,0.3,246.66,Danger
2026-04-01 11:09:15,0.1819,109.37,0.1267,66.6,0.1572,56.82,Safe
2026-04-01 11:09:20,0.3581,100.67,1.3148,159.41,0.3101,105.04,Danger
2026-04-01 11:09:25,0.6573,240.02,0.6307,192.31,0.5656,100.87,Danger
2026-04-01 11:09:30,0.4964,271.37,1.5232,167.05,0.5052,260.14,Danger
2026-04-01 11:09:35,0.0884,262.34,0.0562,280.5,0.0831,305.63,Safe
2026-04-01 11:09:40,0.1253,269.76,0.1443,224.94,0.1445,250.65,Safe
2026-04-01 11:09:45,1.2264,282.7,1.1762,251.44,1.2222,219.8,Danger
2026-04-01 11:09:50,0.4294,65.81,1.3295,167.54,0.4743,96.44,Danger
2026-04-01 11:09:55,0.1879,257.6,0.153,263.35,0.1521,290.88,Safe
2026-04-01 11:10:00,0.0596,243.73,0.1524,247.8,0.1255,292.94,Safe
2026-04-01 11:10:05,0.0776,115.38,0.1512,104.38,0.0882,126.4,Safe
2026-04-01 11:10:10,0.4504,42.33,1.3828,180.62,0.4576,129.01,Danger
2026-04-01 11:10:15,0.3375,260.41,0.2932,257.93,0.2714,238.26,Safe
2026-04-01 11:10:20,0.1557,270.6,0.2096,252.08,0.1571,251.38,Safe
2026-04-01 11:10:25,0.2591,237.58,0.3101,273.51,0.2086,249.5,Safe
2026-04-01 11:10:30,0.3,244.5,0.5603,186.57,0.3,264.74,Danger
2026-04-01 11:10:35,0.077,273.16,0.0591,234.48,0.1,288.55,Safe
2026-04-01 11:10:40,0.1306,253.82,0.1132,272.48,0.1293,272.09,Safe
2026-04-01 11:10:45,0.432,71.54,1.482,167.08,0.4402,91.34,Danger
2026-04-01 11:10:50,0.205,132.27,0.2058,124.41,0.2044,82.9,Safe
2026-04-01 11:10:55,1.3621,91.46,1.1741,66.4,1.2422,61.11,Danger
2026-04-01 11:11:00,0.3072,250.9,1.1543,174.55,0.3,251.54,Danger
2026-04-01 11:11:05,0.1502,101.06,0.2267,95.09,0.1955,82.56,Safe
2026-04-01 11:11:10,0.3523,259.7,0.9079,157.86,0.3407,278.9,Danger
2026-04-01 11:11:15,0.1196,82.55,0.1225,114.24,0.1378,80.14,Safe
2026-04-01 11:11:20,0.3,248.85,0.7563,182.19,0.3556,242.2,Danger
2026-04-01 11:11:25,0.3,268.3,0.5295,158.44,0.3,259.14,Danger
2026-04-01 11:11:30,0.3,111.05,0.6209,176.19,0.3,88.43,Danger
2026-04-01 11:11:35,0.2448,293.01,0.2705,266.32,0.2244,233.56,Safe
2026-04-01 11:11:40,0.2435,109.92,0.2548,84.92,0.2216,83.64,Safe
2026-04-01 11:11:45,0.1443,290.84,0.1052,286.81,0.1243,280.93,Safe
2026-04-01 11:11:50,0.3,93.75,0.6543,163.36,0.3338,93.15,Danger
2026-04-01 11:11:55,0.8531,256.62,0.6684,166.67,0.7017,163.67,Danger
2026-04-01 11:12:00,0.1569,290.4,0.1521,254.24,0.1594,257.58,Safe
2026-04-01 11:12:05,0.2396,277.63,0.2532,279.07,0.2949,254.81,Safe
2026-04-01 11:12:10,0.3,263.92,0.6391,189.0,0.3,260.9,Danger
2026-04-01 11:12:15,0.1129,242.72,0.2034,278.87,0.1326,246.96,Safe
2026-04-01 11:12:20,0.2672,294.98,0.2851,252.31,0.3386,259.59,Safe
2026-04-01 11:12:25,0.186,94.12,0.1523,85.6,0.183,48.64,Safe
2026-04-01 11:12:30,0.3,284.32,0.6374,178.26,0.3,284.47,Danger
2026-04-01 11:12:35,0.3424,275.04,1.2647,163.74,0.4253,312.02,Danger
2026-04-01 11:12:40,0.9013,10.12,0.7246,291.74,0.8273,319.71,Danger
2026-04-01 11:12:45,0.365,242.54,1.4514,176.08,0.4115,249.65,Danger
2026-04-01 11:12:50,0.4051,263.55,1.2103,193.94,0.4174,296.23,Danger
2026-04-01 11:12:55,1.1258,220.4,0.8475,268.6,0.8959,189.03,Danger
2026-04-01 11:13:00,0.3,293.65,1.0595,215.02,0.3397,289.99,Danger
2026-04-01 11:13:05,0.2201,293.65,0.2338,279.36,0.1934,311.63,Safe
2026-04-01 11:13:10,0.153,245.13,0.0748,272.06,0.1521,230.6,Safe
2026-04-01 11:13:15,0.2721,267.95,0.2223,307.92,0.2435,267.52,Safe
2026-04-01 11:13:20,0.3578,288.89,1.2993,189.89,0.4476,273.03,Danger
2026-04-01 11:13:25,1.3693,167.02,1.3472,250.25,1.1575,203.01,Danger
2026-04-01 11:13:30,0.4243,285.89,1.3765,162.0,0.4829,250.52,Danger
2026-04-01 11:13:35,0.3,274.88,1.0227,175.76,0.3679,273.25,Danger
2026-04-01 11:13:40,0.13,88.98,0.1004,67.76,0.0971,66.57,Safe
2026-04-01 11:13:45,0.2516,274.96,0.3007,286.56,0.2381,290.2,Safe
2026-04-01 11:13:50,0.384,73.5,1.1932,172.84,0.4023,62.51,Danger
2026-04-01 11:13:55,0.1593,256.37,0.1964,268.31,0.1891,260.8,Safe
2026-04-01 11:14:00,0.3,311.73,0.8157,175.27,0.3,274.63,Danger
2026-04-01 11:14:05,0.4403,251.63,1.3288,210.49,0.3231,264.88,Danger
2026-04-01 11:14:10,0.3,101.8,0.8978,174.5,0.3,96.96,Danger
2026-04-01 11:14:15,0.1457,271.54,0.1557,313.3,0.1647,293.81,Safe
2026-04-01 11:14:20,0.2401,231.3,0.141,277.58,0.1894,277.56,Safe
2026-04-01 11:14:25,0.2421,107.8,0.2398,104.84,0.2597,109.98,Safe
2026-04-01 11:14:30,0.0793,279.47,0.1459,273.38,0.1198,261.99,Safe
2026-04-01 11:14:35,0.4052,98.82,1.0067,173.15,0.3156,75.03,Danger
2026-04-01 11:14:40,0.3,52.14,0.9868,198.3,0.3,103.89,Danger
2026-04-01 11:14:45,0.3237,286.44,1.0336,175.38,0.3,277.4,Danger
2026-04-01 11:14:50,0.4046,241.06,1.2975,176.2,0.3236,244.78,Danger
2026-04-01 11:14:55,0.1424,70.67,0.1228,93.03,0.1349,55.17,Safe
2026-04-01 11:15:00,0.1475,94.77,0.0553,57.91,0.1135,81.78,Safe
2026-04-01 11:15:05,0.2791,268.89,0.1888,272.56,0.1791,260.37,Safe
2026-04-01 11:15:10,0.1642,106.52,0.1902,119.15,0.2143,106.08,Safe
2026-04-01 11:15:15,0.3977,256.93,1.0402,168.37,0.3715,260.89,Danger
2026-04-01 11:15:20,1.0564,148.59,1.0868,104.5,0.8868,210.67,Danger
2026-04-01 11:15:25,0.1241,106.02,0.1367,71.72,0.0685,108.46,Safe
2026-04-01 11:15:30,0.2608,94.2,0.2336,73.45,0.3187,91.72,Safe
2026-04-01 11:15:35,0.3,291.94,1.1123,159.89,0.3339,293.05,Danger
2026-04-01 11:15:40,0.242,284.68,0.1923,253.65,0.152,257.81,Safe
2026-04-01 11:15:45,0.4129,91.56,1.1445,189.37,0.4046,109.18,Danger
2026-04-01 11:15:50,1.3693,75.77,1.3096,80.12,1.2784,41.11,Danger
2026-04-01 11:15:55,0.3,271.01,0.7224,195.68,0.3,266.88,Danger
2026-04-01 11:16:00,0.8494,187.6,0.9542,188.63,1.0153,191.96,Danger
2026-04-01 11:16:05,0.3763,80.73,0.8962,187.54,0.3317,90.69,Danger
2026-04-01 11:16:10,0.1559,111.39,0.2223,109.46,0.1418,105.91,Safe
2026-04-01 11:16:15,0.3,69.05,0.8536,190.49,0.3153,103.46,Danger
2026-04-01 11:16:20,0.3578,79.79,1.2314,186.8,0.4075,80.04,Danger
2026-04-01 11:16:25,0.152,92.66,0.207,106.23,0.1529,117.57,Safe
2026-04-01 11:16:30,0.2082,272.28,0.1779,265.5,0.23,257.0,Safe
2026-04-01 11:16:35,0.3625,242.81,1.2855,187.7,0.401,284.99,Danger
2026-04-01 11:16:40,0.1257,93.14,0.148,86.35,0.1172,80.31,Safe
2026-04-01 11:16:45,0.3,280.48,0.5883,172.34,0.3,247.87,Danger
2026-04-01 11:16:50,0.0953,81.82,0.1162,119.16,0.1261,108.04,Safe
2026-04-01 11:16:55,0.5929,358.09,0.6612,330.67,0.6775,44.23,Danger
2026-04-01 11:17:00,0.3899,151.19,1.0218,211.73,0.3998,89.02,Danger
2026-04-01 11:17:05,0.31,106.42,0.2268,108.76,0.3061,70.62,Safe
2026-04-01 11:17:10,0.9102,71.29,0.7904,13.3,0.7729,327.55,Danger
2026-04-01 11:17:15,0.1193,289.65,0.1692,293.82,0.1132,253.63,Safe
2026-04-01 11:17:20,0.0755,295.61,0.0599,274.54,0.01,264.58,Safe
2026-04-01 11:17:25,0.2885,262.09,0.2095,311.57,0.2268,277.25,Safe
2026-04-01 11:17:30,0.1613,88.54,0.2179,109.58,0.2222,62.57,Safe
2026-04-01 11:17:35,0.3188,261.64,0.9876,169.29,0.3382,256.98,Danger
2026-04-01 11:17:40,0.2177,51.38,0.1546,106.45,0.2598,63.77,Safe
2026-04-01 11:17:45,0.1238,238.35,0.1287,247.82,0.1096,274.07,Safe
2026-04-01 11:17:50,0.0281,245.3,0.0567,258.01,0.0296,278.24,Safe
2026-04-01 11:17:55,0.0999,261.58,0.0788,268.37,0.1279,280.87,Safe
2026-04-01 11:18:00,0.2849,292.2,0.2399,252.63,0.2668,271.96,Safe
2026-04-01 11:18:05,0.1407,94.45,0.1739,116.83,0.126,43.39,Safe
2026-04-01 11:18:10,0.098,89.32,0.0755,65.11,0.08,99.0,Safe
2026-04-01 11:18:15,0.2384,81.5,0.298,81.87,0.3263,87.73,Safe
2026-04-01 11:18:20,0.1615,280.98,0.1431,262.13,0.1478,231.82,Safe
2026-04-01 11:18:25,0.284,63.16,0.2535,76.01,0.2783,113.25,Safe
2026-04-01 11:18:30,0.14,265.52,0.0907,301.24,0.1174,255.92,Safe
2026-04-01 11:18:35,0.3,105.13,0.6831,190.47,0.3,116.47,Danger
2026-04-01 11:18:40,0.4927,300.58,0.5566,336.66,0.5276,25.57,Danger
2026-04-01 11:18:45,0.1297,108.12,0.1079,86.82,0.1317,70.27,Safe
2026-04-01 11:18:50,0.3,295.88,0.8886,168.73,0.3,233.91,Danger
2026-04-01 11:18:55,1.0516,315.88,0.9439,267.92,1.0196,17.28,Danger
2026-04-01 11:19:00,1.2789,262.79,1.0985,292.23,0.8833,254.43,Danger
2026-04-01 11:19:05,0.1612,97.86,0.2374,73.07,0.2631,68.47,Safe
2026-04-01 11:19:10,0.3,261.72,1.236,191.11,0.4022,283.4,Danger
2026-04-01 11:19:15,0.0684,285.88,0.0328,273.46,0.01,266.34,Safe
2026-04-01 11:19:20,0.3,262.07,0.7062,202.99,0.3,242.82,Danger
2026-04-01 11:19:25,0.1875,286.5,0.214,229.24,0.247,249.84,Safe
2026-04-01 11:19:30,0.2482,95.2,0.2948,84.84,0.2579,130.17,Safe
2026-04-01 11:19:35,0.1527,257.01,0.052,281.1,0.075,253.41,Safe
2026-04-01 11:19:40,0.7167,206.22,0.5336,28.18,0.6224,300.48,Danger
2026-04-01 11:19:45,0.3525,85.81,1.5756,168.14,0.42,60.89,Danger
2026-04-01 11:19:50,0.5928,10.52,0.5967,31.61,0.4636,34.61,Danger
2026-04-01 11:19:55,0.3741,261.1,1.2,189.71,0.3049,269.59,Danger
2026-04-01 11:20:00,0.1456,264.86,0.0224,294.98,0.1123,279.83,Safe
2026-04-01 11:20:05,0.2577,253.84,0.2348,273.46,0.2701,260.31,Safe
2026-04-01 11:20:10,0.1308,94.22,0.0673,101.94,0.0781,67.27,Safe
2026-04-01 11:20:15,0.2169,122.91,0.21,106.88,0.2111,77.67,Safe
2026-04-01 11:20:20,0.2292,283.95,0.1835,258.67,0.1482,258.0,Safe
2026-04-01 11:20:25,1.0232,134.01,1.0821,125.08,1.0815,29.91,Danger
2026-04-01 11:20:30,0.1388,101.23,0.0976,61.94,0.0987,54.91,Safe
2026-04-01 11:20:35,0.0241,58.74,0.0716,58.22,0.0472,119.6,Safe
2026-04-01 11:20:40,0.4694,274.73,1.5877,190.8,0.3892,285.61,Danger
2026-04-01 11:20:45,1.2769,149.07,1.1641,232.86,1.1732,139.41,Danger
2026-04-01 11:20:50,0.3576,284.86,1.4159,181.91,0.4345,271.52,Danger
2026-04-01 11:20:55,0.4041,290.08,1.4,165.92,0.4832,276.99,Danger
2026-04-01 11:21:00,0.2222,112.78,0.2307,69.71,0.188,91.34,Safe
2026-04-01 11:21:05,0.1924,125.75,0.2282,114.72,0.2495,77.67,Safe
2026-04-01 11:21:10,0.1632,269.29,0.2475,265.61,0.3009,270.39,Safe
2026-04-01 11:21:15,0.3,84.03,0.9703,170.73,0.3,66.16,Danger
2026-04-01 11:21:20,0.6675,292.91,0.7941,310.94,0.9,32.05,Danger
2026-04-01 11:21:25,0.4958,278.76,1.5112,204.1,0.4815,259.09,Danger
2026-04-01 11:21:30,0.3,265.57,0.6806,195.03,0.3088,265.49,Danger
2026-04-01 11:21:35,0.3,253.46,0.701,193.17,0.3,286.78,Danger
2026-04-01 11:21:40,0.1097,116.3,0.1513,31.98,0.1091,97.33,Safe
2026-04-01 11:21:45,0.1962,74.55,0.1867,52.64,0.1992,50.52,Safe
2026-04-01 11:21:50,0.01,65.04,0.0418,83.51,0.0649,100.49,Safe
2026-04-01 11:21:55,0.3,88.93,0.633,175.92,0.3,92.57,Danger
2026-04-01 11:22:00,0.257,89.4,0.2024,120.87,0.1777,91.71,Safe
2026-04-01 11:22:05,0.01,103.92,0.0889,71.86,0.0836,75.59,Safe
2026-04-01 11:22:10,0.3098,271.44,0.8167,158.49,0.3,297.25,Danger
2026-04-01 11:22:15,0.1212,81.23,0.01,83.65,0.0286,92.78,Safe
2026-04-01 11:22:20,1.1882,269.88,1.3146,326.89,1.0869,297.33,Danger
2026-04-01 11:22:25,0.3985,276.57,1.2268,184.43,0.4209,311.65,Danger
2026-04-01 11:22:30,0.031,249.85,0.1237,265.59,0.1071,243.35,Safe
2026-04-01 11:22:35,0.0829,252.56,0.0782,264.11,0.0754,268.92,Safe
2026-04-01 11:22:40,0.1497,98.04,0.1129,103.88,0.1076,87.94,Safe
2026-04-01 11:22:45,0.1734,77.34,0.2213,99.69,0.1521,100.67,Safe
2026-04-01 11:22:50,0.9324,138.51,0.6716,157.56,0.686,59.26,Danger
2026-04-01 11:22:55,0.2646,70.53,0.2487,53.2,0.2431,89.35,Safe
2026-04-01 11:23:00,0.343,259.56,1.0907,189.93,0.3738,289.11,Danger
2026-04-01 11:23:05,0.7106,305.44,0.7943,352.12,0.7902,317.51,Danger
2026-04-01 11:23:10,0.01,275.31,0.083,298.61,0.0629,290.88,Safe
2026-04-01 11:23:15,0.3,264.29,0.5549,208.53,0.3,283.13,Danger
2026-04-01 11:23:20,0.3,246.94,0.6586,185.08,0.3,273.87,Danger
2026-04-01 11:23:25,0.7441,341.98,0.7122,340.29,0.4531,47.32,Danger
2026-04-01 11:23:30,0.3,258.64,0.6049,182.35,0.3,287.55,Danger
2026-04-01 11:23:35,1.1706,141.73,1.0588,118.04,1.2624,17.06,Danger
2026-04-01 11:23:40,0.2271,108.38,0.273,95.28,0.2299,69.04,Safe
2026-04-01 11:23:45,0.085,274.68,0.1148,268.98,0.1546,281.26,Safe
2026-04-01 11:23:50,0.9734,260.06,0.8761,246.29,0.88,168.03,Danger
2026-04-01 11:23:55,0.9428,106.03,0.9403,113.93,0.9201,158.43,Danger
2026-04-01 11:24:00,0.7077,325.73,0.7393,39.66,0.9267,312.01,Danger
2026-04-01 11:24:05,0.1061,99.71,0.1063,70.91,0.1364,102.82,Safe
2026-04-01 11:24:10,1.1981,221.07,1.2206,176.23,1.1445,154.09,Danger
2026-04-01 11:24:15,0.1962,220.48,0.2097,237.58,0.1989,256.04,Safe
2026-04-01 11:24:20,0.1585,73.97,0.1667,134.48,0.1663,122.75,Safe
2026-04-01 11:24:25,0.2524,112.8,0.2869,95.53,0.2172,104.64,Safe
2026-04-01 11:24:30,0.1921,262.12,0.1722,258.09,0.1932,272.84,Safe
2026-04-01 11:24:35,0.3,74.29,1.1447,178.06,0.4214,74.95,Danger
2026-04-01 11:24:40,0.2212,108.3,0.168,82.58,0.174,110.83,Safe
2026-04-01 11:24:45,0.3206,278.58,1.1112,198.52,0.3083,275.02,Danger
2026-04-01 11:24:50,0.3,94.03,0.6578,157.28,0.3,97.69,Danger
2026-04-01 11:24:55,0.1575,264.4,0.2377,280.92,0.1729,260.69,Safe
2026-04-01 11:25:00,0.2295,260.79,0.1845,240.92,0.2632,269.36,Safe
2026-04-01 11:25:05,0.3572,273.49,0.6787,183.91,0.3,295.41,Danger
2026-04-01 11:25:10,0.1567,55.58,0.1537,75.76,0.1385,87.4,Safe
2026-04-01 11:25:15,0.1733,259.02,0.1646,241.52,0.1551,308.23,Safe
2026-04-01 11:25:20,0.1353,278.75,0.1149,285.5,0.1706,276.49,Safe
2026-04-01 11:25:25,0.422,71.58,1.613,174.16,0.5422,88.38,Danger
2026-04-01 11:25:30,0.2732,289.75,0.2234,274.03,0.2439,285.33,Safe
2026-04-01 11:25:35,0.2336,293.97,0.2481,270.76,0.2112,272.4,Safe
2026-04-01 11:25:40,0.3,82.89,0.9472,186.88,0.3395,61.89,Danger
2026-04-01 11:25:45,0.1551,107.09,0.1444,79.51,0.1029,70.8,Safe
2026-04-01 11:25:50,0.2066,240.48,0.2223,270.65,0.2379,286.11,Safe
2026-04-01 11:25:55,0.7137,257.68,0.7317,225.83,0.9317,328.98,Danger
2026-04-01 11:26:00,0.1619,98.19,0.1474,54.65,0.1586,60.98,Safe
2026-04-01 11:26:05,0.2747,272.77,0.2273,268.68,0.2129,245.78,Safe
2026-04-01 11:26:10,0.0805,229.21,0.0997,279.64,0.1337,277.37,Safe
2026-04-01 11:26:15,0.4282,108.34,1.3589,201.59,0.4824,93.32,Danger
2026-04-01 11:26:20,0.3,311.75,0.4464,192.03,0.3,252.45,Danger
2026-04-01 11:26:25,0.3451,79.11,1.2058,173.8,0.4341,116.47,Danger
2026-04-01 11:26:30,0.1589,260.01,0.1263,312.12,0.0867,262.14,Safe
2026-04-01 11:26:35,0.1104,105.5,0.1541,84.08,0.1591,102.69,Safe
2026-04-01 11:26:40,0.6061,102.81,0.4929,76.21,0.3015,81.63,Danger
2026-04-01 11:26:45,0.4637,66.29,1.5169,196.25,0.4861,75.57,Danger
2026-04-01 11:26:50,0.0579,277.72,0.0659,257.78,0.0486,280.09,Safe
2026-04-01 11:26:55,0.402,91.46,1.2879,174.61,0.3387,85.82,Danger
2026-04-01 11:27:00,0.2575,81.74,0.2256,72.14,0.207,97.43,Safe
2026-04-01 11:27:05,0.3,44.95,0.8747,188.87,0.3,116.85,Danger
2026-04-01 11:27:10,0.135,281.65,0.1615,259.2,0.1939,243.26,Safe
2026-04-01 11:27:15,1.1944,202.19,1.1872,322.87,1.3603,235.72,Danger
2026-04-01 11:27:20,0.3,93.81,0.8036,181.59,0.3,74.07,Danger
2026-04-01 11:27:25,0.5586,186.04,0.6848,148.42,0.8698,154.22,Danger
2026-04-01 11:27:30,0.0955,115.33,0.0376,95.42,0.1143,134.9,Safe
2026-04-01 11:27:35,0.3,94.89,0.7136,201.65,0.3,105.1,Danger
2026-04-01 11:27:40,0.318,53.14,1.1924,173.29,0.3879,114.37,Danger
2026-04-01 11:27:45,0.3,266.86,0.7588,197.78,0.3,302.28,Danger
2026-04-01 11:27:50,0.1896,111.65,0.169,105.4,0.1469,93.09,Safe
2026-04-01 11:27:55,0.3,260.83,0.6111,190.84,0.3,273.3,Danger
2026-04-01 11:28:00,0.0966,82.96,0.0643,72.58,0.0961,129.0,Safe
2026-04-01 11:28:05,0.7155,222.39,0.7049,184.95,0.8695,231.83,Danger
2026-04-01 11:28:10,0.3593,250.79,1.1261,181.53,0.3337,274.61,Danger
2026-04-01 11:28:15,0.1136,71.51,0.0733,118.55,0.1426,81.61,Safe
2026-04-01 11:28:20,0.1855,274.53,0.079,283.34,0.1527,266.12,Safe
2026-04-01 11:28:25,0.2778,250.38,0.2838,308.85,0.239,260.32,Safe
2026-04-01 11:28:30,0.4017,80.84,1.3209,175.92,0.4034,70.5,Danger
2026-04-01 11:28:35,0.4479,66.2,1.2758,184.4,0.3213,80.79,Danger
2026-04-01 11:28:40,0.1709,100.18,0.1673,91.93,0.1342,69.69,Safe
2026-04-01 11:28:45,0.3006,96.77,0.278,85.23,0.2482,65.18,Safe
2026-04-01 11:28:50,0.2182,262.74,0.276,256.45,0.3027,239.58,Safe
2026-04-01 11:28:55,0.2741,289.08,0.2199,264.6,0.2374,281.88,Safe
2026-04-01 11:29:00,0.9518,216.86,0.9346,191.35,0.9172,180.27,Danger
2026-04-01 11:29:05,0.3,88.68,0.9621,164.31,0.3109,80.32,Danger
2026-04-01 11:29:10,0.0987,105.51,0.0618,67.49,0.1502,87.02,Safe
2026-04-01 11:29:15,0.3,86.58,0.852,177.02,0.3361,107.28,Danger
2026-04-01 11:29:20,0.1308,260.2,0.1973,278.16,0.218,277.1,Safe
2026-04-01 11:29:25,0.3528,90.68,0.7462,167.11,0.3,115.64,Danger
2026-04-01 11:29:30,0.335,98.48,0.2253,119.56,0.2326,79.63,Safe
2026-04-01 11:29:35,0.3906,260.02,0.9618,179.23,0.3,243.09,Danger
2026-04-01 11:29:40,0.1653,285.64,0.1904,254.66,0.1516,249.32,Safe
2026-04-01 11:29:45,0.1884,93.39,0.2441,87.18,0.2315,105.47,Safe
2026-04-01 11:29:50,0.2046,72.45,0.223,54.4,0.1976,111.28,Safe
2026-04-01 11:29:55,0.0928,119.78,0.1012,92.71,0.1432,42.1,Safe
2026-04-01 11:30:00,0.3,240.6,0.9013,150.6,0.3109,259.44,Danger
2026-04-01 11:30:05,0.508,85.78,1.5309,169.18,0.4496,96.22,Danger
2026-04-01 11:30:10,0.3,89.37,0.7244,209.59,0.3,113.96,Danger
2026-04-01 11:30:15,0.3,243.83,0.8126,170.44,0.3,285.95,Danger
2026-04-01 11:30:20,0.9038,165.92,0.9908,143.02,1.0985,229.24,Danger
2026-04-01 11:30:25,0.3,81.93,1.1098,179.98,0.406,77.92,Danger
2026-04-01 11:30:30,0.3,283.5,0.6514,180.9,0.3,287.93,Danger
2026-04-01 11:30:35,0.2743,104.92,0.284,90.99,0.2753,104.45,Safe
2026-04-01 11:30:40,0.3,70.99,1.012,188.21,0.3,85.39,Danger
2026-04-01 11:30:45,0.2161,287.85,0.2486,266.57,0.1459,291.97,Safe
2026-04-01 11:30:50,0.1251,55.35,0.1883,104.87,0.2382,65.57,Safe
2026-04-01 11:30:55,0.4426,60.52,1.3251,216.28,0.3866,87.99,Danger
2026-04-01 11:31:00,0.9857,260.07,0.926,301.96,0.9435,338.48,Danger
2026-04-01 11:31:05,0.1874,90.77,0.1802,107.8,0.1999,110.7,Safe
2026-04-01 11:31:10,0.1952,101.79,0.2278,110.59,0.2259,107.45,Safe
2026-04-01 11:31:15,0.1486,90.09,0.0906,89.48,0.1387,112.72,Safe
2026-04-01 11:31:20,0.1965,102.28,0.2692,69.22,0.204,123.75,Safe
2026-04-01 11:31:25,0.41,73.09,1.2471,197.34,0.4488,75.64,Danger
2026-04-01 11:31:30,0.3803,227.51,0.918,189.79,0.3289,269.73,Danger
2026-04-01 11:31:35,0.4265,78.55,1.5081,170.3,0.4814,58.67,Danger
2026-04-01 11:31:40,0.4201,303.46,0.5648,326.74,0.6075,311.71,Danger
2026-04-01 11:31:45,1.0875,277.07,1.0867,290.26,1.0386,30.79,Danger
2026-04-01 11:31:50,0.0774,102.0,0.0284,73.69,0.0317,72.02,Safe
2026-04-01 11:31:55,0.8181,29.91,0.635,294.02,0.6836,316.71,Danger
2026-04-01 11:32:00,0.0701,249.96,0.0636,256.4,0.0191,261.53,Safe
2026-04-01 11:32:05,0.7956,261.33,0.7654,205.9,0.7877,232.9,Danger
2026-04-01 11:32:10,0.2136,94.37,0.1739,80.65,0.1535,89.7,Safe
2026-04-01 11:32:15,0.4339,83.68,1.4848,183.66,0.5118,87.01,Danger
2026-04-01 11:32:20,0.4421,94.49,1.367,162.94,0.4563,85.34,Danger
2026-04-01 11:32:25,0.3979,79.9,1.1886,171.43,0.3553,81.0,Danger
2026-04-01 11:32:30,0.3,258.8,0.6605,168.28,0.3,272.86,Danger
2026-04-01 11:32:35,0.1095,48.94,0.0125,92.62,0.0689,107.7,Safe
2026-04-01 11:32:40,1.226,62.56,1.1806,83.32,1.1812,147.92,Danger
2026-04-01 11:32:45,0.1402,249.46,0.1595,269.85,0.1552,247.47,Safe
2026-04-01 11:32:50,0.3,252.93,0.8785,161.6,0.3096,266.17,Danger
2026-04-01 11:32:55,0.3749,270.38,1.5187,189.4,0.4345,260.27,Danger
2026-04-01 11:33:00,0.152,291.22,0.0597,259.5,0.0973,248.06,Safe
2026-04-01 11:33:05,0.1097,234.89,0.0677,304.28,0.1128,274.01,Safe
2026-04-01 11:33:10,0.3,87.95,1.12,185.26,0.3223,69.08,Danger
2026-04-01 11:33:15,0.0901,265.69,0.0748,290.08,0.0518,229.7,Safe
2026-04-01 11:33:20,0.5158,116.56,1.5132,159.81,0.4748,92.26,Danger
2026-04-01 11:33:25,0.1629,102.58,0.1797,86.2,0.1413,98.97,Safe
2026-04-01 11:33:30,0.3,102.57,0.8851,173.6,0.3,130.68,Danger
2026-04-01 11:33:35,0.1456,290.0,0.1229,265.88,0.1925,262.0,Safe
2026-04-01 11:33:40,0.2947,286.31,0.2327,248.67,0.2355,253.61,Safe
2026-04-01 11:33:45,0.1079,99.23,0.117,121.97,0.0889,104.67,Safe
2026-04-01 11:33:50,0.0874,93.26,0.0833,64.38,0.1095,73.96,Safe
2026-04-01 11:33:55,0.1856,63.26,0.1977,104.79,0.1771,77.85,Safe
2026-04-01 11:34:00,0.1543,297.03,0.16,260.91,0.0902,265.63,Safe
2026-04-01 11:34:05,0.0796,276.02,0.0374,277.11,0.0802,273.83,Safe
2026-04-01 11:34:10,0.1973,101.88,0.2826,81.5,0.2688,87.36,Safe
2026-04-01 11:34:15,0.1162,78.77,0.0567,76.9,0.0747,79.79,Safe
2026-04-01 11:34:20,0.1531,258.26,0.1482,285.6,0.1915,271.68,Safe
2026-04-01 11:34:25,0.2668,60.01,0.2141,93.02,0.2595,97.61,Safe
2026-04-01 11:34:30,0.3315,84.31,1.1837,180.37,0.446,112.54,Danger
2026-04-01 11:34:35,0.3,278.45,0.6351,161.44,0.3,258.76,Danger
2026-04-01 11:34:40,0.1105,75.33,0.1565,87.58,0.1326,118.77,Safe
2026-04-01 11:34:45,0.3608,76.33,1.0259,164.55,0.3803,94.09,Danger
2026-04-01 11:34:50,0.1847,288.93,0.187,231.48,0.1885,253.55,Safe
2026-04-01 11:34:55,0.3,273.84,0.5257,187.69,0.3,281.78,Danger
2026-04-01 11:35:00,0.01,283.65,0.0235,257.03,0.0276,286.04,Safe
2026-04-01 11:35:05,0.0741,284.68,0.0589,275.27,0.0668,294.44,Safe
2026-04-01 11:35:10,1.2825,345.0,1.038,15.48,1.5127,324.95,Danger
2026-04-01 11:35:15,0.7462,144.6,0.6971,162.07,0.7954,175.14,Danger
2026-04-01 11:35:20,0.2346,43.88,0.1768,67.37,0.1537,107.75,Safe
2026-04-01 11:35:25,0.8414,159.35,0.8094,143.81,0.8585,174.0,Danger
2026-04-01 11:35:30,0.3089,72.13,0.2833,79.31,0.2641,74.56,Safe
2026-04-01 11:35:35,0.1977,139.08,0.1499,118.41,0.2138,78.59,Safe
2026-04-01 11:35:40,0.2302,109.15,0.1347,78.94,0.1764,123.88,Safe
2026-04-01 11:35:45,0.4327,249.84,1.3725,181.76,0.4442,238.77,Danger
2026-04-01 11:35:50,0.3679,275.17,1.6642,187.27,0.4711,282.65,Danger
2026-04-01 11:35:55,0.3309,100.81,1.0257,183.22,0.3,100.93,Danger
2026-04-01 11:36:00,0.1757,271.86,0.1689,260.25,0.1284,291.49,Safe
2026-04-01 11:36:05,0.102,262.96,0.1781,280.83,0.1059,298.83,Safe
2026-04-01 11:36:10,0.0254,99.88,0.0373,95.87,0.0651,66.34,Safe
2026-04-01 11:36:15,0.123,105.83,0.1167,83.15,0.1879,94.99,Safe
2026-04-01 11:36:20,0.2384,261.48,0.2349,291.0,0.2269,276.49,Safe
2026-04-01 11:36:25,0.0465,269.57,0.0987,260.46,0.0915,302.7,Safe
2026-04-01 11:36:30,0.1809,254.87,0.2028,294.16,0.2131,225.09,Safe
2026-04-01 11:36:35,0.1748,271.98,0.1377,280.61,0.0992,267.61,Safe
2026-04-01 11:36:40,0.1669,78.69,0.1326,90.91,0.0318,87.57,Safe
2026-04-01 11:36:45,0.0621,277.79,0.0779,261.07,0.0712,300.48,Safe
2026-04-01 11:36:50,0.3,102.95,1.0696,161.48,0.3002,60.97,Danger
2026-04-01 11:36:55,0.3,97.85,0.8431,161.72,0.3,76.0,Danger
2026-04-01 11:37:00,1.183,161.35,1.2262,163.86,1.0417,161.37,Danger
2026-04-01 11:37:05,0.2756,270.0,0.2597,261.57,0.2252,282.52,Safe
2026-04-01 11:37:10,0.197,274.94,0.1374,282.06,0.1256,285.9,Safe
2026-04-01 11:37:15,0.2594,274.41,0.2859,316.76,0.2652,265.28,Safe
2026-04-01 11:37:20,0.3946,86.54,0.9819,177.17,0.3,95.67,Danger
2026-04-01 11:37:25,0.792,34.59,0.7806,25.4,0.9122,348.73,Danger
2026-04-01 11:37:30,0.4817,264.81,1.3631,165.97,0.3972,266.25,Danger
2026-04-01 11:37:35,0.4342,296.54,1.6382,190.72,0.4402,261.87,Danger
2026-04-01 11:37:40,0.0994,261.27,0.0823,291.33,0.1079,258.81,Safe
2026-04-01 11:37:45,0.2772,265.51,0.1695,270.13,0.2662,258.85,Safe
2026-04-01 11:37:50,0.1675,300.65,0.133,259.01,0.1734,220.82,Safe
2026-04-01 11:37:55,0.1617,109.37,0.1938,73.31,0.1872,124.74,Safe
2026-04-01 11:38:00,0.4543,235.78,0.4237,275.25,0.4532,173.55,Danger
2026-04-01 11:38:05,0.8144,209.24,0.9046,150.62,1.0768,199.17,Danger
2026-04-01 11:38:10,0.2021,295.43,0.2546,253.21,0.2493,296.44,Safe
2026-04-01 11:38:15,0.1453,71.21,0.1016,98.23,0.1013,71.17,Safe
2026-04-01 11:38:20,0.1878,290.55,0.2294,274.31,0.1901,273.86,Safe
2026-04-01 11:38:25,0.6704,222.36,0.6733,258.54,0.8004,163.19,Danger
2026-04-01 11:38:30,0.3559,76.85,1.2125,171.17,0.3675,79.72,Danger
2026-04-01 11:38:35,0.1033,259.54,0.0529,291.38,0.1085,244.28,Safe
2026-04-01 11:38:40,0.276,261.98,0.2783,258.22,0.2531,253.25,Safe
2026-04-01 11:38:45,0.3,283.48,0.7166,195.05,0.3,274.64,Danger
2026-04-01 11:38:50,0.3,296.25,0.9947,215.82,0.3715,264.35,Danger
2026-04-01 11:38:55,0.2345,278.63,0.1977,238.99,0.2573,271.37,Safe
2026-04-01 11:39:00,0.0639,292.75,0.1002,233.1,0.1404,285.71,Safe
2026-04-01 11:39:05,0.1991,254.13,0.2038,245.99,0.2171,263.31,Safe
2026-04-01 11:39:10,0.5262,272.59,1.6483,179.71,0.4451,258.2,Danger
2026-04-01 11:39:15,0.0871,103.59,0.1171,106.59,0.1437,108.01,Safe
2026-04-01 11:39:20,0.3,97.58,0.4004,173.98,0.3,105.52,Danger
2026-04-01 11:39:25,0.0507,88.07,0.0997,114.18,0.0587,110.42,Safe
2026-04-01 11:39:30,1.0771,119.28,1.0162,44.08,1.0971,69.62,Danger
2026-04-01 11:39:35,0.3,276.98,1.2159,191.45,0.3437,292.13,Danger
2026-04-01 11:39:40,0.207,117.68,0.156,95.58,0.2029,107.24,Safe
2026-04-01 11:39:45,0.3418,259.13,1.1083,203.18,0.3084,292.05,Danger
2026-04-01 11:39:50,0.3635,94.27,1.2551,172.35,0.3933,84.97,Danger
2026-04-01 11:39:55,0.0289,272.29,0.0266,271.66,0.102,260.66,Safe
2026-04-01 11:40:00,0.0214,247.55,0.0576,282.88,0.0436,258.26,Safe
2026-04-01 11:40:05,0.1125,119.12,0.1123,130.1,0.1503,85.85,Safe
2026-04-01 11:40:10,0.8173,116.85,1.0369,189.76,0.6558,84.28,Danger
2026-04-01 11:40:15,0.1942,212.07,0.1771,278.56,0.1966,228.24,Safe
2026-04-01 11:40:20,0.3,113.53,1.0835,195.21,0.3916,106.39,Danger
2026-04-01 11:40:25,0.0491,96.82,0.0807,104.94,0.0253,117.97,Safe
2026-04-01 11:40:30,0.6874,241.61,0.7098,202.59,0.7398,256.13,Danger
2026-04-01 11:40:35,0.1072,99.98,0.2043,88.58,0.1484,114.06,Safe
2026-04-01 11:40:40,0.0525,81.28,0.0948,93.85,0.0841,112.9,Safe
2026-04-01 11:40:45,0.9342,52.89,0.8956,102.66,1.0062,123.37,Danger
2026-04-01 11:40:50,1.2364,86.16,1.1734,71.95,1.1223,79.91,Danger
2026-04-01 11:40:55,0.3,93.45,0.8435,176.4,0.3,90.22,Danger
2026-04-01 11:41:00,0.3,310.92,0.6042,200.13,0.3,248.0,Danger
2026-04-01 11:41:05,0.0898,82.02,0.0471,81.07,0.0187,93.88,Safe
2026-04-01 11:41:10,0.3221,117.59,0.6962,174.78,0.3,106.02,Danger
2026-04-01 11:41:15,0.3,87.4,0.8908,191.84,0.3,75.25,Danger
2026-04-01 11:41:20,0.1028,317.43,0.0785,279.27,0.1026,280.96,Safe
2026-04-01 11:41:25,0.3216,271.25,0.995,169.16,0.3612,278.82,Danger
2026-04-01 11:41:30,0.0352,97.84,0.01,59.35,0.0361,110.66,Safe
2026-04-01 11:41:35,0.0423,278.79,0.0627,234.86,0.0977,244.62,Safe
2026-04-01 11:41:40,0.0273,84.84,0.1438,92.91,0.1118,117.95,Safe
2026-04-01 11:41:45,0.3073,64.17,0.2506,101.3,0.2211,122.72,Safe
2026-04-01 11:41:50,0.2507,80.71,0.2915,80.45,0.2637,57.28,Safe
2026-04-01 11:41:55,0.206,90.63,0.1074,123.79,0.1664,127.86,Safe
2026-04-01 11:42:00,0.247,261.15,0.3378,280.74,0.2708,271.03,Safe
2026-04-01 11:42:05,0.3,78.71,0.5404,201.36,0.3,98.97,Danger
2026-04-01 11:42:10,0.4183,115.22,1.4217,174.69,0.4231,107.54,Danger
2026-04-01 11:42:15,0.2563,276.18,0.1998,239.64,0.2339,279.93,Safe
2026-04-01 11:42:20,1.1814,336.19,1.2795,311.15,1.3832,230.31,Danger
2026-04-01 11:42:25,0.4696,277.7,1.516,175.8,0.411,247.02,Danger
2026-04-01 11:42:30,0.3,273.06,0.7242,167.55,0.3,232.85,Danger
2026-04-01 11:42:35,0.2397,281.98,0.2567,229.39,0.2515,270.24,Safe
2026-04-01 11:42:40,0.7611,111.23,1.0033,33.26,0.8973,20.28,Danger
2026-04-01 11:42:45,0.4096,270.29,1.3419,194.25,0.4849,256.4,Danger
2026-04-01 11:42:50,0.1966,99.35,0.2189,90.89,0.2735,62.68,Safe
2026-04-01 11:42:55,0.2708,70.15,0.2212,81.16,0.2392,88.32,Safe
2026-04-01 11:43:00,0.957,189.87,0.983,293.99,0.8559,218.87,Danger
2026-04-01 11:43:05,0.1113,252.19,0.1075,292.17,0.0469,278.36,Safe
2026-04-01 11:43:10,0.3214,103.31,0.2563,81.86,0.2461,92.4,Safe
2026-04-01 11:43:15,0.3,289.04,0.7834,155.92,0.3,276.26,Danger
2026-04-01 11:43:20,0.9021,220.94,0.9392,287.47,0.857,265.27,Danger
2026-04-01 11:43:25,0.3,275.95,0.6595,178.22,0.3,289.64,Danger
2026-04-01 11:43:30,0.3278,69.68,0.2526,77.28,0.334,78.7,Safe
2026-04-01 11:43:35,0.6705,21.86,0.8404,63.85,0.5484,29.17,Danger
2026-04-01 11:43:40,0.12,230.49,0.0652,270.77,0.0476,222.23,Safe
2026-04-01 11:43:45,0.1078,89.56,0.1235,77.43,0.119,102.05,Safe
2026-04-01 11:43:50,0.3372,249.73,1.1881,179.44,0.3707,247.39,Danger
2026-04-01 11:43:55,0.4524,276.74,1.2542,189.4,0.3772,253.41,Danger
2026-04-01 11:44:00,0.713,294.75,0.667,273.43,0.6126,201.42,Danger
2026-04-01 11:44:05,0.4046,271.36,1.0396,175.84,0.3436,298.43,Danger
2026-04-01 11:44:10,0.3,261.02,1.3282,190.54,0.4726,254.71,Danger
2026-04-01 11:44:15,1.3122,171.29,1.3192,168.5,1.0642,229.52,Danger
2026-04-01 11:44:20,0.5222,97.64,1.649,151.42,0.4775,55.71,Danger
2026-04-01 11:44:25,0.0675,311.13,0.0134,278.02,0.0812,278.16,Safe
2026-04-01 11:44:30,0.2118,57.82,0.2698,106.73,0.3117,94.78,Safe
2026-04-01 11:44:35,0.2301,121.45,0.278,65.21,0.2822,53.25,Safe
2026-04-01 11:44:40,0.3616,278.5,1.2335,190.53,0.328,255.27,Danger
2026-04-01 11:44:45,0.0414,88.41,0.0729,97.4,0.0887,101.69,Safe
2026-04-01 11:44:50,0.6898,316.96,0.6813,286.22,0.6315,313.34,Danger
2026-04-01 11:44:55,0.1485,297.6,0.1322,279.8,0.0888,263.26,Safe
2026-04-01 11:45:00,0.2521,70.7,0.1951,58.74,0.2732,104.5,Safe
2026-04-01 11:45:05,0.254,296.17,0.2664,248.95,0.2932,260.49,Safe
2026-04-01 11:45:10,1.0858,109.35,1.1223,133.2,1.0719,12.85,Danger
2026-04-01 11:45:15,0.3837,277.2,1.2311,178.98,0.3152,289.99,Danger
2026-04-01 11:45:20,0.3,236.58,0.64,213.88,0.3,279.97,Danger
2026-04-01 11:45:25,0.0539,103.04,0.0211,103.58,0.0642,92.59,Safe
2026-04-01 11:45:30,0.4316,279.88,1.5467,181.12,0.4688,249.6,Danger
2026-04-01 11:45:35,0.3641,81.99,1.4039,184.13,0.381,65.3,Danger
2026-04-01 11:45:40,0.2417,57.13,0.2072,107.5,0.1998,46.86,Safe
2026-04-01 11:45:45,0.3804,278.76,1.1686,186.79,0.3046,274.61,Danger
2026-04-01 11:45:50,0.0526,113.75,0.0816,109.13,0.0407,88.99,Safe
2026-04-01 11:45:55,0.7891,40.45,0.9386,6.08,0.8272,64.33,Danger
2026-04-01 11:46:00,0.2473,38.08,0.223,125.34,0.1666,68.72,Safe
2026-04-01 11:46:05,0.3,75.73,1.2065,188.88,0.3,47.27,Danger
2026-04-01 11:46:10,0.4064,96.75,1.0998,167.51,0.3691,97.01,Danger
2026-04-01 11:46:15,0.3,283.32,1.1217,171.53,0.3433,282.58,Danger
2026-04-01 11:46:20,0.0906,305.1,0.1555,288.99,0.0989,262.78,Safe
2026-04-01 11:46:25,0.3453,64.78,0.9564,183.52,0.3519,102.02,Danger
2026-04-01 11:46:30,0.3399,77.15,0.7019,191.44,0.3,118.39,Danger
2026-04-01 11:46:35,0.2527,96.97,0.2301,105.44,0.2811,120.63,Safe
2026-04-01 11:46:40,0.1722,299.1,0.2161,280.35,0.1693,255.49,Safe
2026-04-01 11:46:45,0.1747,67.94,0.2098,101.92,0.1771,67.37,Safe
2026-04-01 11:46:50,0.0999,283.77,0.1151,260.99,0.0851,229.97,Safe
2026-04-01 11:46:55,0.3109,38.95,1.0484,167.9,0.4159,82.68,Danger
2026-04-01 11:47:00,0.1831,250.68,0.2246,230.4,0.2149,259.97,Safe
2026-04-01 11:47:05,0.2038,93.51,0.2305,96.46,0.1603,115.68,Safe
2026-04-01 11:47:10,0.3975,280.14,1.3863,173.1,0.423,268.04,Danger
2026-04-01 11:47:15,0.9883,116.46,1.1207,116.33,1.0894,65.02,Danger
2026-04-01 11:47:20,0.7397,199.81,0.6869,229.59,0.6015,282.46,Danger
2026-04-01 11:47:25,0.0227,56.69,0.0441,89.38,0.0739,71.81,Safe
2026-04-01 11:47:30,0.1535,102.83,0.1961,86.01,0.2045,81.67,Safe
2026-04-01 11:47:35,0.3,101.9,0.8123,185.12,0.3,84.17,Danger
2026-04-01 11:47:40,0.3,255.53,0.9954,194.15,0.3039,278.92,Danger
2026-04-01 11:47:45,0.6441,350.8,0.4866,298.6,0.5725,312.44,Danger
2026-04-01 11:47:50,0.4213,28.59,0.6297,337.14,0.5507,358.86,Danger
2026-04-01 11:47:55,0.2492,262.08,0.2076,267.24,0.2469,264.29,Safe
2026-04-01 11:48:00,0.3,62.7,0.8893,186.05,0.3,108.01,Danger
2026-04-01 11:48:05,0.2161,101.8,0.2507,118.67,0.2209,52.81,Safe
2026-04-01 11:48:10,0.658,217.08,0.5022,293.78,0.5374,295.11,Danger
2026-04-01 11:48:15,0.2017,257.19,0.198,281.42,0.1983,279.96,Safe
2026-04-01 11:48:20,0.3,50.3,0.4271,169.08,0.3,114.85,Danger
2026-04-01 11:48:25,0.0592,116.06,0.1098,72.43,0.1045,92.0,Safe
2026-04-01 11:48:30,0.4551,277.3,1.2823,168.57,0.4331,271.08,Danger
2026-04-01 11:48:35,1.1459,170.65,0.9001,169.24,1.1621,238.93,Danger
2026-04-01 11:48:40,0.5567,120.37,0.37,171.47,0.4976,197.62,Danger
2026-04-01 11:48:45,0.0736,117.91,0.1062,115.47,0.1221,80.03,Safe
2026-04-01 11:48:50,0.8853,297.69,1.0182,6.17,0.9363,40.11,Danger
2026-04-01 11:48:55,0.1794,104.28,0.1905,72.75,0.1743,81.81,Safe
2026-04-01 11:49:00,0.6522,274.35,0.6839,327.31,0.5357,291.22,Danger
2026-04-01 11:49:05,0.7672,255.95,0.6733,204.69,0.7443,246.41,Danger
2026-04-01 11:49:10,0.3,285.44,0.9826,171.36,0.3,260.65,Danger
2026-04-01 11:49:15,0.3,107.04,0.8149,188.82,0.3,78.0,Danger
2026-04-01 11:49:20,0.1043,284.42,0.101,243.3,0.1151,248.2,Safe
2026-04-01 11:49:25,0.3566,255.99,1.1627,172.01,0.3518,265.98,Danger
2026-04-01 11:49:30,0.3361,101.38,0.949,178.9,0.3595,94.84,Danger
2026-04-01 11:49:35,0.9425,287.95,0.8111,217.77,0.9678,237.68,Danger
2026-04-01 11:49:40,0.3,263.98,0.9771,180.62,0.3,281.1,Danger
2026-04-01 11:49:45,0.0399,272.62,0.0927,289.4,0.0986,245.9,Safe
2026-04-01 11:49:50,0.9723,316.16,0.9705,189.75,0.8096,339.88,Danger
2026-04-01 11:49:55,0.3,85.06,1.0198,162.22,0.3,94.29,Danger
2026-04-01 11:50:00,0.2492,287.67,0.2157,244.46,0.2116,239.02,Safe
2026-04-01 11:50:05,0.5211,279.53,1.4298,182.46,0.4724,255.15,Danger
2026-04-01 11:50:10,0.438,298.23,1.4005,184.8,0.4219,273.87,Danger
2026-04-01 11:50:15,0.1592,104.58,0.1593,84.63,0.2273,97.13,Safe
2026-04-01 11:50:20,0.4852,265.69,1.2943,200.68,0.5079,262.68,Danger
2026-04-01 11:50:25,0.3817,288.69,1.0513,207.18,0.3,240.73,Danger
2026-04-01 11:50:30,0.0914,77.85,0.117,109.03,0.1069,100.54,Safe
2026-04-01 11:50:35,1.2584,119.13,1.5336,41.95,1.4124,137.05,Danger
2026-04-01 11:50:40,0.6771,297.35,0.598,245.9,0.6205,297.32,Danger
2026-04-01 11:50:45,0.1931,83.26,0.2443,65.38,0.204,84.79,Safe
2026-04-01 11:50:50,0.125,83.61,0.0729,79.13,0.0372,115.28,Safe
2026-04-01 11:50:55,0.1572,78.22,0.1486,112.81,0.1539,139.98,Safe
2026-04-01 11:51:00,0.4411,101.39,1.383,169.03,0.4868,41.57,Danger
2026-04-01 11:51:05,0.4105,118.49,1.2362,145.1,0.3,84.12,Danger
2026-04-01 11:51:10,0.0419,270.7,0.0615,282.14,0.0943,296.22,Safe
2026-04-01 11:51:15,0.3922,222.79,1.182,202.63,0.407,255.42,Danger
2026-04-01 11:51:20,0.2752,105.12,0.2893,75.16,0.2695,81.64,Safe
2026-04-01 11:51:25,0.1714,77.34,0.1593,117.37,0.143,77.08,Safe
2026-04-01 11:51:30,0.1136,266.18,0.0874,229.12,0.1117,288.65,Safe
2026-04-01 11:51:35,0.1026,305.89,0.122,288.15,0.143,270.72,Safe
2026-04-01 11:51:40,0.2244,95.65,0.181,97.45,0.1935,121.98,Safe
2026-04-01 11:51:45,0.0682,97.58,0.01,92.73,0.0957,90.51,Safe
2026-04-01 11:51:50,0.3,290.49,0.5682,183.92,0.3,229.88,Danger
2026-04-01 11:51:55,0.1099,239.55,0.1808,256.93,0.1493,288.31,Safe
2026-04-01 11:52:00,1.1512,303.51,1.0607,12.39,0.9516,291.57,Danger
2026-04-01 11:52:05,1.0058,306.13,1.0352,290.28,0.954,5.15,Danger
2026-04-01 11:52:10,0.3941,82.29,1.3255,195.49,0.4053,104.4,Danger
2026-04-01 11:52:15,0.9827,274.02,0.9382,267.6,0.7752,304.89,Danger
2026-04-01 11:52:20,0.3,235.7,1.1045,179.37,0.3219,269.66,Danger
2026-04-01 11:52:25,0.1186,66.73,0.1273,80.54,0.1663,75.77,Safe
2026-04-01 11:52:30,1.4168,3.39,1.0145,1.35,1.3355,302.13,Danger
2026-04-01 11:52:35,0.3,117.39,0.7226,182.4,0.3,74.83,Danger
2026-04-01 11:52:40,0.7649,297.27,0.5639,238.18,0.5647,242.25,Danger
2026-04-01 11:52:45,0.1702,296.73,0.1817,258.02,0.1685,292.17,Safe
2026-04-01 11:52:50,0.3,282.08,0.4572,177.17,0.3,295.38,Danger
2026-04-01 11:52:55,0.3635,273.34,1.1534,182.73,0.359,296.39,Danger
2026-04-01 11:53:00,0.197,88.11,0.2636,103.98,0.2049,65.67,Safe
2026-04-01 11:53:05,0.2167,267.65,0.2032,255.93,0.2001,227.21,Safe
2026-04-01 11:53:10,0.315,300.15,1.2205,197.88,0.4224,258.48,Danger
2026-04-01 11:53:15,0.1977,48.28,0.1494,111.74,0.1216,96.3,Safe
2026-04-01 11:53:20,0.3917,30.49,0.6271,76.24,0.667,114.29,Danger
2026-04-01 11:53:25,0.2589,68.27,0.17,72.0,0.27,81.73,Safe
2026-04-01 11:53:30,0.8235,225.33,0.8573,191.22,0.9521,193.26,Danger
2026-04-01 11:53:35,0.4015,74.71,1.2777,201.43,0.4209,157.53,Danger
2026-04-01 11:53:40,0.3,88.58,0.6077,185.98,0.3,75.22,Danger
2026-04-01 11:53:45,0.3884,243.91,1.3703,146.57,0.4358,277.51,Danger
2026-04-01 11:53:50,0.1251,267.05,0.1326,277.54,0.1792,264.95,Safe
2026-04-01 11:53:55,0.6846,330.07,0.8804,285.0,0.843,293.1,Danger
2026-04-01 11:54:00,0.9716,128.22,1.1086,204.03,0.9682,287.94,Danger
2026-04-01 11:54:05,0.5119,101.66,1.4221,152.08,0.5111,74.7,Danger
2026-04-01 11:54:10,0.2516,97.14,0.226,104.46,0.2727,92.24,Safe
2026-04-01 11:54:15,0.22,287.18,0.2552,272.94,0.3203,259.56,Safe
2026-04-01 11:54:20,0.2904,248.65,0.2638,272.73,0.2951,274.59,Safe
2026-04-01 11:54:25,0.183,249.4,0.2319,262.68,0.1997,278.88,Safe
2026-04-01 11:54:30,0.1541,76.6,0.2439,98.37,0.167,67.55,Safe
2026-04-01 11:54:35,0.1738,97.83,0.2137,97.84,0.2001,58.75,Safe
2026-04-01 11:54:40,0.1258,109.14,0.1301,95.76,0.1319,97.18,Safe
2026-04-01 11:54:45,0.1411,293.25,0.0278,278.58,0.0767,286.63,Safe
2026-04-01 11:54:50,0.1105,262.18,0.1053,305.58,0.118,273.26,Safe
2026-04-01 11:54:55,0.3304,268.17,1.0293,137.11,0.3,245.41,Danger
2026-04-01 11:55:00,0.1654,274.61,0.0799,275.13,0.168,268.25,Safe
2026-04-01 11:55:05,0.7134,292.86,0.4363,293.01,0.5071,325.18,Danger
2026-04-01 11:55:10,0.769,172.17,0.9663,72.19,0.8035,150.94,Danger
2026-04-01 11:55:15,0.1202,237.71,0.1215,293.55,0.1365,256.46,Safe
2026-04-01 11:55:20,0.2636,124.73,0.162,76.05,0.2104,97.15,Safe
2026-04-01 11:55:25,0.1892,72.39,0.2055,113.44,0.2352,98.26,Safe
2026-04-01 11:55:30,0.3,292.46,0.4023,196.65,0.3,267.77,Danger
2026-04-01 11:55:35,0.1529,269.61,0.2052,286.8,0.1889,276.02,Safe
2026-04-01 11:55:40,0.3,270.66,0.9028,173.74,0.3,229.05,Danger
2026-04-01 11:55:45,0.3,84.3,0.8067,163.79,0.3,112.32,Danger
2026-04-01 11:55:50,0.371,231.37,1.0808,167.24,0.3206,280.01,Danger
2026-04-01 11:55:55,0.1058,97.77,0.1416,98.8,0.1392,113.55,Safe
2026-04-01 11:56:00,0.4909,272.25,1.2406,169.24,0.3174,284.74,Danger
2026-04-01 11:56:05,0.4179,280.59,1.1285,151.94,0.3323,269.77,Danger
2026-04-01 11:56:10,0.3,83.26,0.6734,177.98,0.3,75.65,Danger
2026-04-01 11:56:15,0.1144,123.05,0.0386,78.82,0.0535,83.76,Safe
2026-04-01 11:56:20,0.162,108.67,0.2002,110.21,0.166,89.11,Safe
2026-04-01 11:56:25,0.3707,262.41,1.2815,184.35,0.4475,250.2,Danger
2026-04-01 11:56:30,0.3212,58.59,1.2735,192.17,0.3506,73.57,Danger
2026-04-01 11:56:35,0.3,63.94,0.7535,180.05,0.3,100.59,Danger
2026-04-01 11:56:40,0.3,246.76,0.8238,157.83,0.3,259.78,Danger
2026-04-01 11:56:45,0.383,86.53,0.8927,178.24,0.3,49.5,Danger
2026-04-01 11:56:50,0.3,65.7,0.627,187.6,0.3,75.42,Danger
2026-04-01 11:56:55,0.8774,344.62,0.6675,309.93,0.8789,318.76,Danger
2026-04-01 11:57:00,0.2303,90.8,0.2149,106.61,0.2063,71.88,Safe
2026-04-01 11:57:05,0.4955,297.82,1.5298,187.78,0.4602,278.22,Danger
2026-04-01 11:57:10,0.0176,86.18,0.01,105.9,0.0983,116.98,Safe
2026-04-01 11:57:15,0.1587,280.67,0.2304,225.97,0.1736,224.03,Safe
2026-04-01 11:57:20,0.5688,115.76,0.7097,166.99,0.5584,111.31,Danger
2026-04-01 11:57:25,0.3,99.12,0.9775,176.71,0.3,91.36,Danger
2026-04-01 11:57:30,0.3,263.58,0.752,200.87,0.3,268.24,Danger
2026-04-01 11:57:35,0.4653,276.25,1.4632,174.81,0.3937,277.9,Danger
2026-04-01 11:57:40,0.6848,201.1,0.7362,229.88,0.8195,207.53,Danger
2026-04-01 11:57:45,0.4502,111.5,1.3991,180.17,0.4277,87.98,Danger
2026-04-01 11:57:50,0.3118,77.52,0.2099,79.51,0.252,99.79,Safe
2026-04-01 11:57:55,0.3306,89.18,0.2312,100.02,0.2901,73.14,Safe
2026-04-01 11:58:00,0.1392,286.23,0.1315,302.87,0.1039,277.21,Safe
2026-04-01 11:58:05,0.3,295.38,0.4222,180.79,0.3,262.33,Danger
2026-04-01 11:58:10,0.1667,83.89,0.1657,91.27,0.229,82.56,Safe
2026-04-01 11:58:15,0.2288,281.93,0.2759,221.0,0.1875,308.67,Safe
2026-04-01 11:58:20,1.1943,334.41,1.2557,328.58,1.2511,300.67,Danger
2026-04-01 11:58:25,0.2464,263.1,0.2103,258.01,0.1687,284.54,Safe
2026-04-01 11:58:30,0.1005,281.77,0.0812,285.18,0.0893,281.68,Safe
2026-04-01 11:58:35,0.087,82.4,0.1084,80.22,0.1249,84.43,Safe
2026-04-01 11:58:40,0.3,268.38,0.6688,194.04,0.3,295.58,Danger
2026-04-01 11:58:45,0.1907,68.47,0.2297,90.92,0.2238,115.13,Safe
2026-04-01 11:58:50,0.2114,264.75,0.2174,259.48,0.1849,230.71,Safe
2026-04-01 11:58:55,0.3,265.61,0.8618,170.22,0.3,272.32,Danger
2026-04-01 11:59:00,1.0622,241.27,1.1949,191.49,1.04,187.1,Danger
2026-04-01 11:59:05,0.0533,95.58,0.0501,90.74,0.1462,92.44,Safe
2026-04-01 11:59:10,0.488,347.06,0.4449,327.71,0.6266,17.93,Danger
2026-04-01 11:59:15,0.2341,270.32,0.2348,256.3,0.2384,305.86,Safe
2026-04-01 11:59:20,0.4105,144.64,0.7366,80.65,0.6067,75.58,Danger
2026-04-01 11:59:25,0.111,83.85,0.1735,78.05,0.1488,86.61,Safe
2026-04-01 11:59:30,1.3111,220.1,1.3006,206.73,1.3698,224.89,Danger
2026-04-01 11:59:35,0.7196,110.19,0.6486,44.09,0.5266,147.62,Danger
2026-04-01 11:59:40,0.3,264.95,0.8504,165.85,0.3,258.39,Danger
2026-04-01 11:59:45,0.3,99.14,1.2087,196.23,0.398,69.37,Danger
2026-04-01 11:59:50,0.3559,86.14,1.3551,167.23,0.3495,65.56,Danger
2026-04-01 11:59:55,0.1193,272.87,0.1051,257.35,0.1114,232.44,Safe
2026-04-01 12:00:00,0.4694,74.89,1.4503,165.6,0.3784,95.24,Danger
2026-04-01 12:00:05,0.4614,105.05,1.3109,181.48,0.3907,68.04,Danger
2026-04-01 12:00:10,0.1784,93.88,0.2267,71.12,0.1969,80.28,Safe
2026-04-01 12:00:15,0.2444,122.26,0.2074,68.89,0.1965,82.93,Safe
2026-04-01 12:00:20,0.3,95.75,0.5829,188.86,0.3,116.22,Danger
2026-04-01 12:00:25,0.2111,85.79,0.2475,85.23,0.2534,74.42,Safe
2026-04-01 12:00:30,0.3,300.05,0.5552,188.6,0.3,283.46,Danger
2026-04-01 12:00:35,0.3,64.06,0.875,185.33,0.3,113.4,Danger
2026-04-01 12:00:40,0.3,260.91,1.0676,185.95,0.3,262.68,Danger
2026-04-01 12:00:45,1.1771,208.77,0.8971,90.59,1.1395,198.46,Danger
2026-04-01 12:00:50,0.0787,118.63,0.0759,85.28,0.0899,79.44,Safe
2026-04-01 12:00:55,1.1751,4.98,1.2789,10.03,1.1717,359.89,Danger
2026-04-01 12:01:00,0.1842,68.87,0.1907,94.53,0.1931,95.1,Safe
2026-04-01 12:01:05,0.8628,126.05,0.9656,160.08,0.8926,191.9,Danger
2026-04-01 12:01:10,0.2929,291.81,0.2401,260.88,0.2632,273.63,Safe
2026-04-01 12:01:15,0.3279,125.22,1.2606,198.49,0.3458,80.63,Danger
2026-04-01 12:01:20,0.3525,66.3,1.109,170.33,0.3,105.87,Danger
2026-04-01 12:01:25,0.1568,285.85,0.0997,252.83,0.1092,274.62,Safe
2026-04-01 12:01:30,0.1635,75.33,0.1206,90.92,0.1689,104.98,Safe
2026-04-01 12:01:35,1.1195,198.34,1.1403,189.94,1.2511,169.16,Danger
2026-04-01 12:01:40,0.3,312.86,0.9263,165.6,0.3,265.5,Danger
2026-04-01 12:01:45,0.1795,303.72,0.2006,307.75,0.1998,247.06,Safe
2026-04-01 12:01:50,0.2235,78.81,0.2083,80.85,0.2173,111.43,Safe
2026-04-01 12:01:55,0.3,253.89,0.957,175.0,0.3,275.69,Danger
2026-04-01 12:02:00,0.1143,263.61,0.0831,242.69,0.1535,280.08,Safe
2026-04-01 12:02:05,0.3759,98.04,0.6293,179.66,0.3,86.07,Danger
2026-04-01 12:02:10,0.1726,96.25,0.1648,140.71,0.1692,88.34,Safe
2026-04-01 12:02:15,0.2934,101.91,0.2678,117.32,0.2634,104.9,Safe
2026-04-01 12:02:20,0.0227,247.82,0.087,310.25,0.0547,290.47,Safe
2026-04-01 12:02:25,1.0594,273.23,1.1731,260.89,1.2531,338.93,Danger
2026-04-01 12:02:30,0.1481,254.09,0.0876,258.59,0.0935,246.42,Safe
2026-04-01 12:02:35,0.4515,294.89,1.3531,169.47,0.4786,281.95,Danger
2026-04-01 12:02:40,0.0992,141.95,0.0955,124.32,0.1287,88.05,Safe
2026-04-01 12:02:45,0.1097,102.57,0.1533,131.29,0.1202,91.53,Safe
2026-04-01 12:02:50,0.1956,102.85,0.2287,70.33,0.2299,87.21,Safe
2026-04-01 12:02:55,0.1519,96.9,0.1895,88.33,0.1408,93.71,Safe
2026-04-01 12:03:00,0.9955,339.02,0.997,335.57,1.1849,55.28,Danger
2026-04-01 12:03:05,0.3727,283.95,1.1741,180.59,0.4794,248.81,Danger
2026-04-01 12:03:10,0.2969,87.69,0.2785,95.52,0.2712,54.76,Safe
2026-04-01 12:03:15,0.1604,287.02,0.0945,244.74,0.1457,245.41,Safe
2026-04-01 12:03:20,0.0814,97.77,0.07,68.58,0.0921,128.23,Safe
2026-04-01 12:03:25,0.1891,302.09,0.1855,223.92,0.1782,262.78,Safe
2026-04-01 12:03:30,0.3851,85.67,1.5048,147.06,0.4742,78.52,Danger
2026-04-01 12:03:35,0.108,280.18,0.1962,276.86,0.1802,294.87,Safe
2026-04-01 12:03:40,0.9601,107.49,1.0944,158.35,0.9882,164.6,Danger
2026-04-01 12:03:45,0.1431,266.67,0.1655,274.21,0.186,266.71,Safe
2026-04-01 12:03:50,0.1227,265.35,0.2402,291.79,0.1884,300.68,Safe
2026-04-01 12:03:55,1.2018,282.63,1.3534,270.92,1.147,342.63,Danger
2026-04-01 12:04:00,0.4489,291.49,1.4202,165.34,0.3774,267.96,Danger
2026-04-01 12:04:05,0.3409,97.91,1.292,177.85,0.3242,91.61,Danger
2026-04-01 12:04:10,0.1912,260.93,0.1416,275.78,0.1543,284.04,Safe
2026-04-01 12:04:15,0.3,251.93,0.5523,214.44,0.3,295.7,Danger
2026-04-01 12:04:20,0.2279,83.63,0.2421,84.79,0.2163,97.41,Safe
2026-04-01 12:04:25,1.2352,125.96,1.4126,114.06,1.1881,103.88,Danger
2026-04-01 12:04:30,0.2229,275.19,0.2437,263.5,0.3052,268.67,Safe
2026-04-01 12:04:35,1.1535,143.2,1.1026,144.91,1.0008,282.29,Danger
2026-04-01 12:04:40,0.4683,290.64,1.5455,188.75,0.5215,283.52,Danger
2026-04-01 12:04:45,0.6692,43.32,0.6956,320.28,0.7954,44.07,Danger
2026-04-01 12:04:50,0.071,282.68,0.0501,243.84,0.1339,230.19,Safe
2026-04-01 12:04:55,0.1435,98.09,0.194,85.46,0.169,87.16,Safe
2026-04-01 12:05:00,1.1535,328.6,1.3237,30.2,1.2534,289.88,Danger
2026-04-01 12:05:05,0.2349,106.71,0.2322,127.97,0.2408,92.08,Safe
2026-04-01 12:05:10,0.0402,306.62,0.1113,319.43,0.1179,248.95,Safe
2026-04-01 12:05:15,1.1728,178.39,1.033,159.57,1.055,199.32,Danger
2026-04-01 12:05:20,0.1757,221.05,0.1942,267.64,0.1643,246.86,Safe
2026-04-01 12:05:25,0.6096,328.0,0.5306,354.65,0.5435,51.12,Danger
2026-04-01 12:05:30,0.3,86.64,0.7094,189.13,0.3,88.98,Danger
2026-04-01 12:05:35,0.3,267.95,0.6643,185.52,0.3,255.71,Danger
2026-04-01 12:05:40,0.1201,69.73,0.0977,86.25,0.1301,71.15,Safe
2026-04-01 12:05:45,0.39,80.97,1.1716,196.59,0.3077,91.56,Danger
2026-04-01 12:05:50,0.3,250.94,0.7574,170.02,0.3,283.77,Danger
2026-04-01 12:05:55,0.2157,95.42,0.2544,83.89,0.3308,81.39,Safe
2026-04-01 12:06:00,0.4573,99.8,0.5735,95.83,0.5367,31.49,Danger
2026-04-01 12:06:05,0.151,285.73,0.1839,305.17,0.1936,306.55,Safe
2026-04-01 12:06:10,0.4016,83.49,1.2728,196.09,0.4192,95.54,Danger
2026-04-01 12:06:15,0.4283,251.19,1.3133,155.91,0.4906,281.31,Danger
2026-04-01 12:06:20,0.3689,236.86,1.0852,185.99,0.3234,228.01,Danger
2026-04-01 12:06:25,0.1832,68.4,0.1801,68.27,0.1388,90.0,Safe
2026-04-01 12:06:30,1.1725,8.97,1.1597,353.43,1.017,0.31,Danger
2026-04-01 12:06:35,0.3,285.97,0.6332,210.37,0.3,264.76,Danger
2026-04-01 12:06:40,0.0832,289.19,0.091,274.33,0.0746,275.91,Safe
2026-04-01 12:06:45,0.3,275.45,0.5695,191.76,0.3,287.21,Danger
2026-04-01 12:06:50,0.1507,105.02,0.1873,85.09,0.1421,107.23,Safe
2026-04-01 12:06:55,0.9915,212.43,1.1183,292.1,1.0127,264.19,Danger
2026-04-01 12:07:00,0.1049,143.99,0.1835,107.57,0.0848,105.24,Safe
2026-04-01 12:07:05,0.3,251.73,0.9431,199.41,0.3,238.62,Danger
2026-04-01 12:07:10,0.1167,287.38,0.1347,234.12,0.0411,291.66,Safe
2026-04-01 12:07:15,0.3,92.64,0.8163,189.58,0.3,94.35,Danger
2026-04-01 12:07:20,0.35,91.55,1.254,197.96,0.328,103.91,Danger
2026-04-01 12:07:25,1.2267,64.66,0.8603,113.99,1.3055,73.49,Danger
2026-04-01 12:07:30,0.1885,84.01,0.2381,97.68,0.1854,118.55,Safe
2026-04-01 12:07:35,0.1359,92.62,0.157,78.61,0.1637,74.68,Safe
2026-04-01 12:07:40,0.3943,279.87,1.3221,197.32,0.4313,265.06,Danger
2026-04-01 12:07:45,0.0879,89.83,0.0587,86.13,0.049,100.81,Safe
2026-04-01 12:07:50,0.3,103.06,0.6166,230.58,0.3,83.81,Danger
2026-04-01 12:07:55,0.1543,259.55,0.11,297.28,0.0793,320.78,Safe
2026-04-01 12:08:00,0.1452,92.88,0.2065,113.73,0.1843,118.73,Safe
2026-04-01 12:08:05,0.1391,251.45,0.096,263.36,0.1755,261.04,Safe
2026-04-01 12:08:10,0.9472,75.78,1.121,355.98,0.8477,348.87,Danger
2026-04-01 12:08:15,0.1697,85.83,0.2652,71.79,0.1895,103.9,Safe
2026-04-01 12:08:20,0.1211,74.02,0.0555,83.5,0.1116,107.19,Safe
2026-04-01 12:08:25,0.3787,51.08,0.998,152.4,0.3,123.26,Danger
2026-04-01 12:08:30,0.3,90.51,1.0453,169.92,0.3,61.62,Danger
2026-04-01 12:08:35,0.3,291.63,0.7708,161.32,0.3,279.39,Danger
2026-04-01 12:08:40,0.4649,248.11,1.7232,165.35,0.4018,262.17,Danger
2026-04-01 12:08:45,0.1491,293.21,0.1654,289.14,0.1088,258.34,Safe
2026-04-01 12:08:50,0.4641,257.71,1.6598,193.89,0.4446,244.06,Danger
2026-04-01 12:08:55,0.1091,79.96,0.0866,106.68,0.1658,80.11,Safe
2026-04-01 12:09:00,0.3,253.84,0.8611,173.73,0.3,244.36,Danger
2026-04-01 12:09:05,0.3415,85.93,1.2696,187.16,0.4788,64.13,Danger
2026-04-01 12:09:10,0.2274,84.75,0.2308,86.32,0.2332,116.38,Safe
2026-04-01 12:09:15,0.1694,72.74,0.2669,109.35,0.2196,78.78,Safe
2026-04-01 12:09:20,0.2857,242.68,0.2583,260.93,0.3043,290.44,Safe
2026-04-01 12:09:25,0.3036,278.99,0.2507,254.92,0.2153,290.96,Safe
2026-04-01 12:09:30,0.3,84.72,1.3416,181.07,0.3993,96.04,Danger
2026-04-01 12:09:35,0.3,122.74,0.4598,210.96,0.3,82.0,Danger
2026-04-01 12:09:40,0.0295,287.24,0.1065,302.79,0.1319,231.54,Safe
2026-04-01 12:09:45,0.2923,75.87,0.2874,63.32,0.2449,99.07,Safe
2026-04-01 12:09:50,0.1561,88.69,0.1449,91.03,0.2047,99.37,Safe
2026-04-01 12:09:55,0.269,254.55,0.2181,299.45,0.249,272.85,Safe
